Site,Week_Start,Mosq_Count,DailyAverageDryBulbTemperature,DailyAverageWindSpeed,DailyPrecipitation,DailyAverageRelativeHumidity,Risk_Level
SCL004,2023-01-23,0.0,39.285714285714285,5.014285714285714,0.0,54.32285714285714,1
SGE002,2023-01-23,0.0,39.285714285714285,5.014285714285714,0.0,54.32285714285714,1
SGE003,2023-01-23,0.0,39.285714285714285,5.014285714285714,0.0,54.32285714285714,1
SGE009,2023-01-23,0.0,39.285714285714285,5.014285714285714,0.0,54.32285714285714,1
SGE009-2,2023-01-23,0.0,39.285714285714285,5.014285714285714,0.0,54.32285714285714,1
SGE013,2023-01-23,0.0,39.285714285714285,5.014285714285714,0.0,54.32285714285714,1
SGE014,2023-01-23,0.0,39.285714285714285,5.014285714285714,0.0,54.32285714285714,1
SGE017,2023-01-23,1.0,39.285714285714285,5.014285714285714,0.0,54.32285714285714,1
WAS002,2023-01-23,0.0,39.285714285714285,5.014285714285714,0.0,54.32285714285714,1
WAS008,2023-01-23,0.0,39.285714285714285,5.014285714285714,0.0,54.32285714285714,1
SCL004,2023-01-30,0.0,39.142857142857146,3.5428571428571423,0.0214285714285714,57.285384615384615,1
SGE002,2023-01-30,0.0,39.142857142857146,3.5428571428571423,0.0214285714285714,57.285384615384615,1
SGE003,2023-01-30,0.0,39.142857142857146,3.5428571428571423,0.0214285714285714,57.285384615384615,1
SGE009,2023-01-30,0.0,39.142857142857146,3.5428571428571423,0.0214285714285714,57.285384615384615,1
SGE009-2,2023-01-30,0.0,39.142857142857146,3.5428571428571423,0.0214285714285714,57.285384615384615,1
SGE013,2023-01-30,0.0,39.142857142857146,3.5428571428571423,0.0214285714285714,57.285384615384615,1
SGE014,2023-01-30,0.0,39.142857142857146,3.5428571428571423,0.0214285714285714,57.285384615384615,1
SGE017,2023-01-30,0.0,39.142857142857146,3.5428571428571423,0.0214285714285714,57.285384615384615,1
WAS002,2023-01-30,0.0,39.142857142857146,3.5428571428571423,0.0214285714285714,57.285384615384615,1
WAS008,2023-01-30,0.0,39.142857142857146,3.5428571428571423,0.0214285714285714,57.285384615384615,1
SCL004,2023-03-06,0.0,50.0,5.071428571428571,0.0214285714285714,57.954632034632034,1
SGE002,2023-03-06,1.0,50.0,5.071428571428571,0.0214285714285714,57.954632034632034,1
SGE003,2023-03-06,0.0,50.0,5.071428571428571,0.0214285714285714,57.954632034632034,1
SGE009,2023-03-06,0.0,50.0,5.071428571428571,0.0214285714285714,57.954632034632034,1
SGE009-2,2023-03-06,0.0,50.0,5.071428571428571,0.0214285714285714,57.954632034632034,1
SGE013,2023-03-06,0.0,50.0,5.071428571428571,0.0214285714285714,57.954632034632034,1
SGE014,2023-03-06,0.0,50.0,5.071428571428571,0.0214285714285714,57.954632034632034,1
SGE017,2023-03-06,3.0,50.0,5.071428571428571,0.0214285714285714,57.954632034632034,1
WAS002,2023-03-06,0.0,50.0,5.071428571428571,0.0214285714285714,57.954632034632034,1
WAS008,2023-03-06,1.0,50.0,5.071428571428571,0.0214285714285714,57.954632034632034,1
SCL004,2023-03-27,0.0,49.57142857142857,6.457142857142857,0.0185714285714285,47.78091397849463,1
SGE002,2023-03-27,1.0,49.57142857142857,6.457142857142857,0.0185714285714285,47.78091397849463,1
SGE003,2023-03-27,0.0,49.57142857142857,6.457142857142857,0.0185714285714285,47.78091397849463,1
SGE009,2023-03-27,5.0,49.57142857142857,6.457142857142857,0.0185714285714285,47.78091397849463,1
SGE009-2,2023-03-27,12.0,49.57142857142857,6.457142857142857,0.0185714285714285,47.78091397849463,3
SGE013,2023-03-27,2.0,49.57142857142857,6.457142857142857,0.0185714285714285,47.78091397849463,1
SGE014,2023-03-27,1.0,49.57142857142857,6.457142857142857,0.0185714285714285,47.78091397849463,1
SGE017,2023-03-27,18.0,49.57142857142857,6.457142857142857,0.0185714285714285,47.78091397849463,3
WAS002,2023-03-27,0.0,49.57142857142857,6.457142857142857,0.0185714285714285,47.78091397849463,1
WAS008,2023-03-27,1.0,49.57142857142857,6.457142857142857,0.0185714285714285,47.78091397849463,1
SCL004,2023-04-03,0.0,50.285714285714285,6.757142857142857,0.0028571428571428,38.61286535303777,1
SGE002,2023-04-03,0.0,50.285714285714285,6.757142857142857,0.0028571428571428,38.61286535303777,1
SGE003,2023-04-03,0.0,50.285714285714285,6.757142857142857,0.0028571428571428,38.61286535303777,1
SGE009,2023-04-03,0.0,50.285714285714285,6.757142857142857,0.0028571428571428,38.61286535303777,1
SGE009-2,2023-04-03,0.0,50.285714285714285,6.757142857142857,0.0028571428571428,38.61286535303777,1
SGE013,2023-04-03,8.0,50.285714285714285,6.757142857142857,0.0028571428571428,38.61286535303777,1
SGE014,2023-04-03,1.0,50.285714285714285,6.757142857142857,0.0028571428571428,38.61286535303777,1
SGE017,2023-04-03,8.0,50.285714285714285,6.757142857142857,0.0028571428571428,38.61286535303777,1
WAS002,2023-04-03,0.0,50.285714285714285,6.757142857142857,0.0028571428571428,38.61286535303777,1
WAS008,2023-04-03,4.0,50.285714285714285,6.757142857142857,0.0028571428571428,38.61286535303777,1
HUR008,2023-04-10,1.0,64.14285714285714,6.814285714285715,0.0028571428571428,27.494047619047617,1
IVI001,2023-04-10,11.0,64.14285714285714,6.814285714285715,0.0028571428571428,27.494047619047617,2
SCL004,2023-04-10,3.0,64.14285714285714,6.814285714285715,0.0028571428571428,27.494047619047617,1
SCL005,2023-04-10,1.0,64.14285714285714,6.814285714285715,0.0028571428571428,27.494047619047617,1
SGE002,2023-04-10,1.0,64.14285714285714,6.814285714285715,0.0028571428571428,27.494047619047617,1
SGE003,2023-04-10,2.0,64.14285714285714,6.814285714285715,0.0028571428571428,27.494047619047617,1
SGE009,2023-04-10,1.0,64.14285714285714,6.814285714285715,0.0028571428571428,27.494047619047617,1
SGE009-2,2023-04-10,1.0,64.14285714285714,6.814285714285715,0.0028571428571428,27.494047619047617,1
SGE013,2023-04-10,5.0,64.14285714285714,6.814285714285715,0.0028571428571428,27.494047619047617,1
SGE014,2023-04-10,3.0,64.14285714285714,6.814285714285715,0.0028571428571428,27.494047619047617,1
SGE017,2023-04-10,29.0,64.14285714285714,6.814285714285715,0.0028571428571428,27.494047619047617,3
SGE017-EX,2023-04-10,89.0,64.14285714285714,6.814285714285715,0.0028571428571428,27.494047619047617,5
WAS002,2023-04-10,1.0,64.14285714285714,6.814285714285715,0.0028571428571428,27.494047619047617,1
WAS006,2023-04-10,0.0,64.14285714285714,6.814285714285715,0.0028571428571428,27.494047619047617,1
WAS008,2023-04-10,5.0,64.14285714285714,6.814285714285715,0.0028571428571428,27.494047619047617,1
WAS011,2023-04-10,0.0,64.14285714285714,6.814285714285715,0.0028571428571428,27.494047619047617,1
HUR008,2023-04-17,3.0,61.142857142857146,9.085714285714284,0.0,24.13716117216117,1
IVI001,2023-04-17,2.0,61.142857142857146,9.085714285714284,0.0,24.13716117216117,1
SCL004,2023-04-17,5.0,61.142857142857146,9.085714285714284,0.0,24.13716117216117,1
SCL005,2023-04-17,0.0,61.142857142857146,9.085714285714284,0.0,24.13716117216117,1
SGE002,2023-04-17,2.0,61.142857142857146,9.085714285714284,0.0,24.13716117216117,1
SGE003,2023-04-17,3.0,61.142857142857146,9.085714285714284,0.0,24.13716117216117,1
SGE009,2023-04-17,1.0,61.142857142857146,9.085714285714284,0.0,24.13716117216117,1
SGE009-2,2023-04-17,6.0,61.142857142857146,9.085714285714284,0.0,24.13716117216117,1
SGE013,2023-04-17,9.0,61.142857142857146,9.085714285714284,0.0,24.13716117216117,1
SGE014,2023-04-17,0.0,61.142857142857146,9.085714285714284,0.0,24.13716117216117,1
SGE017,2023-04-17,117.0,61.142857142857146,9.085714285714284,0.0,24.13716117216117,6
WAS002,2023-04-17,1.0,61.142857142857146,9.085714285714284,0.0,24.13716117216117,1
WAS006,2023-04-17,0.0,61.142857142857146,9.085714285714284,0.0,24.13716117216117,1
WAS008,2023-04-17,9.0,61.142857142857146,9.085714285714284,0.0,24.13716117216117,1
WAS011,2023-04-17,2.0,61.142857142857146,9.085714285714284,0.0,24.13716117216117,1
HUR008,2023-04-24,0.0,68.85714285714286,6.471428571428571,0.0014285714285714,23.36208791208791,1
IVI001,2023-04-24,9.0,68.85714285714286,6.471428571428571,0.0014285714285714,23.36208791208791,1
SCL004,2023-04-24,10.0,68.85714285714286,6.471428571428571,0.0014285714285714,23.36208791208791,1
SCL005,2023-04-24,2.0,68.85714285714286,6.471428571428571,0.0014285714285714,23.36208791208791,1
SGE002,2023-04-24,2.0,68.85714285714286,6.471428571428571,0.0014285714285714,23.36208791208791,1
SGE003,2023-04-24,8.0,68.85714285714286,6.471428571428571,0.0014285714285714,23.36208791208791,1
SGE009,2023-04-24,7.0,68.85714285714286,6.471428571428571,0.0014285714285714,23.36208791208791,1
SGE009-2,2023-04-24,5.0,68.85714285714286,6.471428571428571,0.0014285714285714,23.36208791208791,1
SGE013,2023-04-24,19.0,68.85714285714286,6.471428571428571,0.0014285714285714,23.36208791208791,3
SGE014,2023-04-24,3.0,68.85714285714286,6.471428571428571,0.0014285714285714,23.36208791208791,1
SGE017,2023-04-24,59.0,68.85714285714286,6.471428571428571,0.0014285714285714,23.36208791208791,5
WAS002,2023-04-24,0.0,68.85714285714286,6.471428571428571,0.0014285714285714,23.36208791208791,1
WAS005,2023-04-24,1.0,68.85714285714286,6.471428571428571,0.0014285714285714,23.36208791208791,1
WAS006,2023-04-24,0.0,68.85714285714286,6.471428571428571,0.0014285714285714,23.36208791208791,1
WAS008,2023-04-24,3.0,68.85714285714286,6.471428571428571,0.0014285714285714,23.36208791208791,1
HAR001,2023-05-01,2.0,65.57142857142857,9.242857142857144,0.0028571428571428,27.54001665001665,1
HUR008,2023-05-01,1.0,65.57142857142857,9.242857142857144,0.0028571428571428,27.54001665001665,1
IVI001,2023-05-01,3.0,65.57142857142857,9.242857142857144,0.0028571428571428,27.54001665001665,1
LEE003,2023-05-01,4.0,65.57142857142857,9.242857142857144,0.0028571428571428,27.54001665001665,1
SCL004,2023-05-01,38.0,65.57142857142857,9.242857142857144,0.0028571428571428,27.54001665001665,4
SGE002,2023-05-01,4.0,65.57142857142857,9.242857142857144,0.0028571428571428,27.54001665001665,1
SGE003,2023-05-01,23.0,65.57142857142857,9.242857142857144,0.0028571428571428,27.54001665001665,3
SGE009,2023-05-01,0.0,65.57142857142857,9.242857142857144,0.0028571428571428,27.54001665001665,1
SGE009-2,2023-05-01,1.0,65.57142857142857,9.242857142857144,0.0028571428571428,27.54001665001665,1
SGE013,2023-05-01,44.0,65.57142857142857,9.242857142857144,0.0028571428571428,27.54001665001665,4
SGE014,2023-05-01,5.0,65.57142857142857,9.242857142857144,0.0028571428571428,27.54001665001665,1
SGE017,2023-05-01,13.0,65.57142857142857,9.242857142857144,0.0028571428571428,27.54001665001665,3
WAS002,2023-05-01,2.0,65.57142857142857,9.242857142857144,0.0028571428571428,27.54001665001665,1
WAS005,2023-05-01,2.0,65.57142857142857,9.242857142857144,0.0028571428571428,27.54001665001665,1
WAS006,2023-05-01,0.0,65.57142857142857,9.242857142857144,0.0028571428571428,27.54001665001665,1
WAS008,2023-05-01,12.0,65.57142857142857,9.242857142857144,0.0028571428571428,27.54001665001665,3
IVI001,2023-05-08,7.0,69.71428571428571,8.785714285714286,0.0014285714285714,23.508911273911274,1
SCL004,2023-05-08,22.0,69.71428571428571,8.785714285714286,0.0014285714285714,23.508911273911274,3
SCL005,2023-05-08,2.0,69.71428571428571,8.785714285714286,0.0014285714285714,23.508911273911274,1
SGE002,2023-05-08,2.0,69.71428571428571,8.785714285714286,0.0014285714285714,23.508911273911274,1
SGE003,2023-05-08,11.0,69.71428571428571,8.785714285714286,0.0014285714285714,23.508911273911274,2
SGE009,2023-05-08,2.0,69.71428571428571,8.785714285714286,0.0014285714285714,23.508911273911274,1
SGE009-2,2023-05-08,1.0,69.71428571428571,8.785714285714286,0.0014285714285714,23.508911273911274,1
SGE013,2023-05-08,36.0,69.71428571428571,8.785714285714286,0.0014285714285714,23.508911273911274,4
SGE014,2023-05-08,0.0,69.71428571428571,8.785714285714286,0.0014285714285714,23.508911273911274,1
SGE017,2023-05-08,16.0,69.71428571428571,8.785714285714286,0.0014285714285714,23.508911273911274,3
WAS002,2023-05-08,1.0,69.71428571428571,8.785714285714286,0.0014285714285714,23.508911273911274,1
WAS005,2023-05-08,1.0,69.71428571428571,8.785714285714286,0.0014285714285714,23.508911273911274,1
WAS006,2023-05-08,0.0,69.71428571428571,8.785714285714286,0.0014285714285714,23.508911273911274,1
WAS008,2023-05-08,8.0,69.71428571428571,8.785714285714286,0.0014285714285714,23.508911273911274,1
HAR001,2023-05-15,16.0,76.25,7.025,0.0,36.69797990880941,3
HUR008,2023-05-15,4.0,76.25,7.025,0.0,36.69797990880941,1
IVI001,2023-05-15,24.0,76.25,7.025,0.0,36.69797990880941,3
LAV001,2023-05-15,15.0,76.25,7.025,0.0,36.69797990880941,3
ROC002,2023-05-15,1.0,76.25,7.025,0.0,36.69797990880941,1
SCL001,2023-05-15,11.0,76.25,7.025,0.0,36.69797990880941,2
SCL004,2023-05-15,74.0,76.25,7.025,0.0,36.69797990880941,5
SCL005,2023-05-15,3.0,76.25,7.025,0.0,36.69797990880941,1
SGE002,2023-05-15,6.0,76.25,7.025,0.0,36.69797990880941,1
SGE003,2023-05-15,89.0,76.25,7.025,0.0,36.69797990880941,5
SGE007,2023-05-15,3.0,76.25,7.025,0.0,36.69797990880941,1
SGE008-2,2023-05-15,8.0,76.25,7.025,0.0,36.69797990880941,1
SGE009,2023-05-15,14.0,76.25,7.025,0.0,36.69797990880941,3
SGE009-2,2023-05-15,30.0,76.25,7.025,0.0,36.69797990880941,3
SGE010,2023-05-15,2.0,76.25,7.025,0.0,36.69797990880941,1
SGE013,2023-05-15,92.0,76.25,7.025,0.0,36.69797990880941,5
SGE014,2023-05-15,21.0,76.25,7.025,0.0,36.69797990880941,3
SGE015,2023-05-15,3.0,76.25,7.025,0.0,36.69797990880941,1
SGE016,2023-05-15,14.0,76.25,7.025,0.0,36.69797990880941,3
SGE017,2023-05-15,45.0,76.25,7.025,0.0,36.69797990880941,5
SPR002,2023-05-15,21.0,76.25,7.025,0.0,36.69797990880941,3
TOQ001,2023-05-15,6.0,76.25,7.025,0.0,36.69797990880941,1
VIR006,2023-05-15,2.0,76.25,7.025,0.0,36.69797990880941,1
WAS001,2023-05-15,220.0,76.25,7.025,0.0,36.69797990880941,8
WAS002,2023-05-15,23.0,76.25,7.025,0.0,36.69797990880941,3
WAS005,2023-05-15,1.0,76.25,7.025,0.0,36.69797990880941,1
WAS006,2023-05-15,0.0,76.25,7.025,0.0,36.69797990880941,1
WAS008,2023-05-15,44.0,76.25,7.025,0.0,36.69797990880941,4
WAS009,2023-05-15,85.0,76.25,7.025,0.0,36.69797990880941,5
 WAS002,2023-05-22,16.0,76.28571428571429,7.757142857142857,0.0033333333333333,22.041666666666664,3
HAR001,2023-05-22,12.0,76.28571428571429,7.757142857142857,0.0033333333333333,22.041666666666664,3
HUR008,2023-05-22,3.0,76.28571428571429,7.757142857142857,0.0033333333333333,22.041666666666664,1
IVI001,2023-05-22,17.0,76.28571428571429,7.757142857142857,0.0033333333333333,22.041666666666664,3
LAV001,2023-05-22,7.0,76.28571428571429,7.757142857142857,0.0033333333333333,22.041666666666664,1
LEE003,2023-05-22,25.0,76.28571428571429,7.757142857142857,0.0033333333333333,22.041666666666664,3
NHA001,2023-05-22,3.0,76.28571428571429,7.757142857142857,0.0033333333333333,22.041666666666664,1
NHA003-1,2023-05-22,5.0,76.28571428571429,7.757142857142857,0.0033333333333333,22.041666666666664,1
ROC004,2023-05-22,1.0,76.28571428571429,7.757142857142857,0.0033333333333333,22.041666666666664,1
SCL004,2023-05-22,142.0,76.28571428571429,7.757142857142857,0.0033333333333333,22.041666666666664,7
SCL005,2023-05-22,1.0,76.28571428571429,7.757142857142857,0.0033333333333333,22.041666666666664,1
SCL006,2023-05-22,9.0,76.28571428571429,7.757142857142857,0.0033333333333333,22.041666666666664,1
SGE002,2023-05-22,10.0,76.28571428571429,7.757142857142857,0.0033333333333333,22.041666666666664,1
SGE003,2023-05-22,121.0,76.28571428571429,7.757142857142857,0.0033333333333333,22.041666666666664,6
SGE007,2023-05-22,7.0,76.28571428571429,7.757142857142857,0.0033333333333333,22.041666666666664,1
SGE008-2,2023-05-22,4.0,76.28571428571429,7.757142857142857,0.0033333333333333,22.041666666666664,1
SGE009,2023-05-22,9.0,76.28571428571429,7.757142857142857,0.0033333333333333,22.041666666666664,1
SGE009-2 ,2023-05-22,8.0,76.28571428571429,7.757142857142857,0.0033333333333333,22.041666666666664,1
SGE013,2023-05-22,114.0,76.28571428571429,7.757142857142857,0.0033333333333333,22.041666666666664,6
SGE014,2023-05-22,24.0,76.28571428571429,7.757142857142857,0.0033333333333333,22.041666666666664,3
SGE015,2023-05-22,5.0,76.28571428571429,7.757142857142857,0.0033333333333333,22.041666666666664,1
SGE016,2023-05-22,28.0,76.28571428571429,7.757142857142857,0.0033333333333333,22.041666666666664,3
SGE017,2023-05-22,175.0,76.28571428571429,7.757142857142857,0.0033333333333333,22.041666666666664,7
SGE018,2023-05-22,36.0,76.28571428571429,7.757142857142857,0.0033333333333333,22.041666666666664,4
SPR002,2023-05-22,15.0,76.28571428571429,7.757142857142857,0.0033333333333333,22.041666666666664,3
TOQ001,2023-05-22,3.0,76.28571428571429,7.757142857142857,0.0033333333333333,22.041666666666664,1
VIR008,2023-05-22,32.0,76.28571428571429,7.757142857142857,0.0033333333333333,22.041666666666664,4
WAS001,2023-05-22,30.0,76.28571428571429,7.757142857142857,0.0033333333333333,22.041666666666664,3
WAS005,2023-05-22,2.0,76.28571428571429,7.757142857142857,0.0033333333333333,22.041666666666664,1
WAS006,2023-05-22,0.0,76.28571428571429,7.757142857142857,0.0033333333333333,22.041666666666664,1
WAS008,2023-05-22,27.0,76.28571428571429,7.757142857142857,0.0033333333333333,22.041666666666664,3
WAS009,2023-05-22,27.0,76.28571428571429,7.757142857142857,0.0033333333333333,22.041666666666664,3
HUR008,2023-05-29,0.0,75.71428571428571,7.028571428571429,0.0028571428571428,21.935359929925145,1
HUR009,2023-05-29,15.0,75.71428571428571,7.028571428571429,0.0028571428571428,21.935359929925145,3
IVI001,2023-05-29,4.0,75.71428571428571,7.028571428571429,0.0028571428571428,21.935359929925145,1
LAV001,2023-05-29,9.0,75.71428571428571,7.028571428571429,0.0028571428571428,21.935359929925145,1
LEE003,2023-05-29,12.0,75.71428571428571,7.028571428571429,0.0028571428571428,21.935359929925145,3
SCL001,2023-05-29,6.0,75.71428571428571,7.028571428571429,0.0028571428571428,21.935359929925145,1
SCL004,2023-05-29,66.0,75.71428571428571,7.028571428571429,0.0028571428571428,21.935359929925145,5
SCL005,2023-05-29,5.0,75.71428571428571,7.028571428571429,0.0028571428571428,21.935359929925145,1
SGE002,2023-05-29,7.0,75.71428571428571,7.028571428571429,0.0028571428571428,21.935359929925145,1
SGE003,2023-05-29,163.0,75.71428571428571,7.028571428571429,0.0028571428571428,21.935359929925145,7
SGE007,2023-05-29,5.0,75.71428571428571,7.028571428571429,0.0028571428571428,21.935359929925145,1
SGE008-2,2023-05-29,2.0,75.71428571428571,7.028571428571429,0.0028571428571428,21.935359929925145,1
SGE009,2023-05-29,5.0,75.71428571428571,7.028571428571429,0.0028571428571428,21.935359929925145,1
SGE009-2,2023-05-29,7.0,75.71428571428571,7.028571428571429,0.0028571428571428,21.935359929925145,1
SGE013,2023-05-29,279.0,75.71428571428571,7.028571428571429,0.0028571428571428,21.935359929925145,9
SGE014,2023-05-29,29.0,75.71428571428571,7.028571428571429,0.0028571428571428,21.935359929925145,3
SGE015,2023-05-29,7.0,75.71428571428571,7.028571428571429,0.0028571428571428,21.935359929925145,1
SGE016,2023-05-29,10.0,75.71428571428571,7.028571428571429,0.0028571428571428,21.935359929925145,1
SGE017,2023-05-29,276.0,75.71428571428571,7.028571428571429,0.0028571428571428,21.935359929925145,9
SGE018,2023-05-29,20.0,75.71428571428571,7.028571428571429,0.0028571428571428,21.935359929925145,3
SPR002,2023-05-29,2.0,75.71428571428571,7.028571428571429,0.0028571428571428,21.935359929925145,1
VIR006,2023-05-29,0.0,75.71428571428571,7.028571428571429,0.0028571428571428,21.935359929925145,1
VIR008,2023-05-29,69.0,75.71428571428571,7.028571428571429,0.0028571428571428,21.935359929925145,5
WAS001,2023-05-29,48.0,75.71428571428571,7.028571428571429,0.0028571428571428,21.935359929925145,5
WAS002,2023-05-29,87.0,75.71428571428571,7.028571428571429,0.0028571428571428,21.935359929925145,5
WAS005,2023-05-29,1.0,75.71428571428571,7.028571428571429,0.0028571428571428,21.935359929925145,1
WAS006,2023-05-29,0.0,75.71428571428571,7.028571428571429,0.0028571428571428,21.935359929925145,1
WAS008,2023-05-29,28.0,75.71428571428571,7.028571428571429,0.0028571428571428,21.935359929925145,3
WAS009,2023-05-29,35.0,75.71428571428571,7.028571428571429,0.0028571428571428,21.935359929925145,4
HAR001,2023-06-05,1.0,77.4,8.033333333333333,0.0016666666666666,18.276190476190475,1
HUR008,2023-06-05,123.0,77.4,8.033333333333333,0.0016666666666666,18.276190476190475,6
HUR009,2023-06-05,28.0,77.4,8.033333333333333,0.0016666666666666,18.276190476190475,3
IVI001,2023-06-05,16.0,77.4,8.033333333333333,0.0016666666666666,18.276190476190475,3
LAV001,2023-06-05,11.0,77.4,8.033333333333333,0.0016666666666666,18.276190476190475,2
LEE003,2023-06-05,8.0,77.4,8.033333333333333,0.0016666666666666,18.276190476190475,1
NHA001,2023-06-05,9.0,77.4,8.033333333333333,0.0016666666666666,18.276190476190475,1
NHA003-1,2023-06-05,7.0,77.4,8.033333333333333,0.0016666666666666,18.276190476190475,1
ROC004,2023-06-05,4.0,77.4,8.033333333333333,0.0016666666666666,18.276190476190475,1
SCL001,2023-06-05,20.0,77.4,8.033333333333333,0.0016666666666666,18.276190476190475,3
SCL004,2023-06-05,299.0,77.4,8.033333333333333,0.0016666666666666,18.276190476190475,9
SCL005,2023-06-05,2.0,77.4,8.033333333333333,0.0016666666666666,18.276190476190475,1
SGE002,2023-06-05,9.0,77.4,8.033333333333333,0.0016666666666666,18.276190476190475,1
SGE003,2023-06-05,92.0,77.4,8.033333333333333,0.0016666666666666,18.276190476190475,5
SGE007,2023-06-05,4.0,77.4,8.033333333333333,0.0016666666666666,18.276190476190475,1
SGE008-2,2023-06-05,5.0,77.4,8.033333333333333,0.0016666666666666,18.276190476190475,1
SGE009,2023-06-05,4.0,77.4,8.033333333333333,0.0016666666666666,18.276190476190475,1
SGE009-2,2023-06-05,3.0,77.4,8.033333333333333,0.0016666666666666,18.276190476190475,1
SGE013,2023-06-05,170.0,77.4,8.033333333333333,0.0016666666666666,18.276190476190475,7
SGE014,2023-06-05,7.0,77.4,8.033333333333333,0.0016666666666666,18.276190476190475,1
SGE015,2023-06-05,6.0,77.4,8.033333333333333,0.0016666666666666,18.276190476190475,1
SGE016,2023-06-05,32.0,77.4,8.033333333333333,0.0016666666666666,18.276190476190475,4
SGE017,2023-06-05,373.0,77.4,8.033333333333333,0.0016666666666666,18.276190476190475,10
SGE018,2023-06-05,33.0,77.4,8.033333333333333,0.0016666666666666,18.276190476190475,4
SPR002,2023-06-05,18.0,77.4,8.033333333333333,0.0016666666666666,18.276190476190475,3
VIR008,2023-06-05,295.0,77.4,8.033333333333333,0.0016666666666666,18.276190476190475,9
WAS001,2023-06-05,56.0,77.4,8.033333333333333,0.0016666666666666,18.276190476190475,5
WAS002,2023-06-05,733.0,77.4,8.033333333333333,0.0016666666666666,18.276190476190475,10
WAS005,2023-06-05,4.0,77.4,8.033333333333333,0.0016666666666666,18.276190476190475,1
WAS006,2023-06-05,1.0,77.4,8.033333333333333,0.0016666666666666,18.276190476190475,1
WAS008,2023-06-05,55.0,77.4,8.033333333333333,0.0016666666666666,18.276190476190475,5
WAS009,2023-06-05,90.0,77.4,8.033333333333333,0.0016666666666666,18.276190476190475,5
HAR001,2023-06-12,1.0,75.71428571428571,7.942857142857142,0.0128571428571428,37.65928571428571,1
HUR007,2023-06-12,2.0,75.71428571428571,7.942857142857142,0.0128571428571428,37.65928571428571,1
HUR008,2023-06-12,30.0,75.71428571428571,7.942857142857142,0.0128571428571428,37.65928571428571,3
HUR009,2023-06-12,18.0,75.71428571428571,7.942857142857142,0.0128571428571428,37.65928571428571,3
IVI001,2023-06-12,7.0,75.71428571428571,7.942857142857142,0.0128571428571428,37.65928571428571,1
LAV001,2023-06-12,3.0,75.71428571428571,7.942857142857142,0.0128571428571428,37.65928571428571,1
LEE003,2023-06-12,8.0,75.71428571428571,7.942857142857142,0.0128571428571428,37.65928571428571,1
NHA001,2023-06-12,12.0,75.71428571428571,7.942857142857142,0.0128571428571428,37.65928571428571,3
NHA003-1,2023-06-12,19.0,75.71428571428571,7.942857142857142,0.0128571428571428,37.65928571428571,3
ROC004,2023-06-12,1.0,75.71428571428571,7.942857142857142,0.0128571428571428,37.65928571428571,1
SCL001,2023-06-12,4.0,75.71428571428571,7.942857142857142,0.0128571428571428,37.65928571428571,1
SCL004,2023-06-12,120.0,75.71428571428571,7.942857142857142,0.0128571428571428,37.65928571428571,6
SCL005,2023-06-12,1.0,75.71428571428571,7.942857142857142,0.0128571428571428,37.65928571428571,1
SGE002,2023-06-12,2.0,75.71428571428571,7.942857142857142,0.0128571428571428,37.65928571428571,1
SGE003,2023-06-12,34.0,75.71428571428571,7.942857142857142,0.0128571428571428,37.65928571428571,4
SGE007,2023-06-12,1.0,75.71428571428571,7.942857142857142,0.0128571428571428,37.65928571428571,1
SGE008-2,2023-06-12,0.0,75.71428571428571,7.942857142857142,0.0128571428571428,37.65928571428571,1
SGE009,2023-06-12,2.0,75.71428571428571,7.942857142857142,0.0128571428571428,37.65928571428571,1
SGE009-2,2023-06-12,3.0,75.71428571428571,7.942857142857142,0.0128571428571428,37.65928571428571,1
SGE013,2023-06-12,18.0,75.71428571428571,7.942857142857142,0.0128571428571428,37.65928571428571,3
SGE014,2023-06-12,5.0,75.71428571428571,7.942857142857142,0.0128571428571428,37.65928571428571,1
SGE015,2023-06-12,5.0,75.71428571428571,7.942857142857142,0.0128571428571428,37.65928571428571,1
SGE016,2023-06-12,5.0,75.71428571428571,7.942857142857142,0.0128571428571428,37.65928571428571,1
SGE017,2023-06-12,20.0,75.71428571428571,7.942857142857142,0.0128571428571428,37.65928571428571,3
SGE018,2023-06-12,18.0,75.71428571428571,7.942857142857142,0.0128571428571428,37.65928571428571,3
SPR002,2023-06-12,1.0,75.71428571428571,7.942857142857142,0.0128571428571428,37.65928571428571,1
VIR008,2023-06-12,526.0,75.71428571428571,7.942857142857142,0.0128571428571428,37.65928571428571,10
WAS001,2023-06-12,48.0,75.71428571428571,7.942857142857142,0.0128571428571428,37.65928571428571,5
WAS002,2023-06-12,12.0,75.71428571428571,7.942857142857142,0.0128571428571428,37.65928571428571,3
WAS005,2023-06-12,1.0,75.71428571428571,7.942857142857142,0.0128571428571428,37.65928571428571,1
WAS006,2023-06-12,0.0,75.71428571428571,7.942857142857142,0.0128571428571428,37.65928571428571,1
WAS008,2023-06-12,8.0,75.71428571428571,7.942857142857142,0.0128571428571428,37.65928571428571,1
WAS009,2023-06-12,10.0,75.71428571428571,7.942857142857142,0.0128571428571428,37.65928571428571,1
ENT003,2023-06-19,1.0,78.42857142857143,9.55714285714286,0.0,11.77838827838828,1
ENT004,2023-06-19,16.0,78.42857142857143,9.55714285714286,0.0,11.77838827838828,3
HUR007,2023-06-19,4.0,78.42857142857143,9.55714285714286,0.0,11.77838827838828,1
HUR008,2023-06-19,9.0,78.42857142857143,9.55714285714286,0.0,11.77838827838828,1
HUR009,2023-06-19,26.0,78.42857142857143,9.55714285714286,0.0,11.77838827838828,3
IVI001,2023-06-19,9.0,78.42857142857143,9.55714285714286,0.0,11.77838827838828,1
LAV001,2023-06-19,5.0,78.42857142857143,9.55714285714286,0.0,11.77838827838828,1
ROC004,2023-06-19,2.0,78.42857142857143,9.55714285714286,0.0,11.77838827838828,1
SCL001,2023-06-19,5.0,78.42857142857143,9.55714285714286,0.0,11.77838827838828,1
SCL004,2023-06-19,14.0,78.42857142857143,9.55714285714286,0.0,11.77838827838828,3
SCL005,2023-06-19,2.0,78.42857142857143,9.55714285714286,0.0,11.77838827838828,1
SGE002,2023-06-19,2.0,78.42857142857143,9.55714285714286,0.0,11.77838827838828,1
SGE003,2023-06-19,146.0,78.42857142857143,9.55714285714286,0.0,11.77838827838828,7
SGE007,2023-06-19,4.0,78.42857142857143,9.55714285714286,0.0,11.77838827838828,1
SGE008-2,2023-06-19,2.0,78.42857142857143,9.55714285714286,0.0,11.77838827838828,1
SGE009,2023-06-19,0.0,78.42857142857143,9.55714285714286,0.0,11.77838827838828,1
SGE009-2,2023-06-19,3.0,78.42857142857143,9.55714285714286,0.0,11.77838827838828,1
SGE013,2023-06-19,348.0,78.42857142857143,9.55714285714286,0.0,11.77838827838828,10
SGE014,2023-06-19,26.0,78.42857142857143,9.55714285714286,0.0,11.77838827838828,3
SGE015,2023-06-19,29.0,78.42857142857143,9.55714285714286,0.0,11.77838827838828,3
SGE016,2023-06-19,21.0,78.42857142857143,9.55714285714286,0.0,11.77838827838828,3
SGE017,2023-06-19,127.0,78.42857142857143,9.55714285714286,0.0,11.77838827838828,6
SGE018,2023-06-19,23.0,78.42857142857143,9.55714285714286,0.0,11.77838827838828,3
SPR002,2023-06-19,11.0,78.42857142857143,9.55714285714286,0.0,11.77838827838828,2
VIR008,2023-06-19,330.0,78.42857142857143,9.55714285714286,0.0,11.77838827838828,9
WAS001,2023-06-19,39.0,78.42857142857143,9.55714285714286,0.0,11.77838827838828,4
WAS002,2023-06-19,88.0,78.42857142857143,9.55714285714286,0.0,11.77838827838828,5
WAS005,2023-06-19,10.0,78.42857142857143,9.55714285714286,0.0,11.77838827838828,1
WAS006,2023-06-19,0.0,78.42857142857143,9.55714285714286,0.0,11.77838827838828,1
WAS008,2023-06-19,8.0,78.42857142857143,9.55714285714286,0.0,11.77838827838828,1
WAS009,2023-06-19,36.0,78.42857142857143,9.55714285714286,0.0,11.77838827838828,4
HAR001,2023-06-26,0.0,83.28571428571429,6.685714285714285,0.0,13.588677248677248,1
HUR008,2023-06-26,13.0,83.28571428571429,6.685714285714285,0.0,13.588677248677248,3
HUR009,2023-06-26,32.0,83.28571428571429,6.685714285714285,0.0,13.588677248677248,4
IVI001,2023-06-26,34.0,83.28571428571429,6.685714285714285,0.0,13.588677248677248,4
LAV001,2023-06-26,1.0,83.28571428571429,6.685714285714285,0.0,13.588677248677248,1
LEE003,2023-06-26,32.0,83.28571428571429,6.685714285714285,0.0,13.588677248677248,4
NHA001,2023-06-26,6.0,83.28571428571429,6.685714285714285,0.0,13.588677248677248,1
NHA003-1,2023-06-26,4.0,83.28571428571429,6.685714285714285,0.0,13.588677248677248,1
ROC004,2023-06-26,1.0,83.28571428571429,6.685714285714285,0.0,13.588677248677248,1
SCL004,2023-06-26,186.0,83.28571428571429,6.685714285714285,0.0,13.588677248677248,7
SCL005,2023-06-26,1.0,83.28571428571429,6.685714285714285,0.0,13.588677248677248,1
SCL006,2023-06-26,12.0,83.28571428571429,6.685714285714285,0.0,13.588677248677248,3
SGE002,2023-06-26,4.0,83.28571428571429,6.685714285714285,0.0,13.588677248677248,1
SGE003,2023-06-26,307.0,83.28571428571429,6.685714285714285,0.0,13.588677248677248,9
SGE007,2023-06-26,24.0,83.28571428571429,6.685714285714285,0.0,13.588677248677248,3
SGE008-2,2023-06-26,1.0,83.28571428571429,6.685714285714285,0.0,13.588677248677248,1
SGE009,2023-06-26,0.0,83.28571428571429,6.685714285714285,0.0,13.588677248677248,1
SGE009-2,2023-06-26,4.0,83.28571428571429,6.685714285714285,0.0,13.588677248677248,1
SGE013,2023-06-26,573.0,83.28571428571429,6.685714285714285,0.0,13.588677248677248,10
SGE014,2023-06-26,42.0,83.28571428571429,6.685714285714285,0.0,13.588677248677248,4
SGE015,2023-06-26,15.0,83.28571428571429,6.685714285714285,0.0,13.588677248677248,3
SGE016,2023-06-26,34.0,83.28571428571429,6.685714285714285,0.0,13.588677248677248,4
SGE017,2023-06-26,141.0,83.28571428571429,6.685714285714285,0.0,13.588677248677248,6
SGE018,2023-06-26,29.0,83.28571428571429,6.685714285714285,0.0,13.588677248677248,3
SPR002,2023-06-26,25.0,83.28571428571429,6.685714285714285,0.0,13.588677248677248,3
SR-Middleton,2023-06-26,4.0,83.28571428571429,6.685714285714285,0.0,13.588677248677248,1
VIR008,2023-06-26,25.0,83.28571428571429,6.685714285714285,0.0,13.588677248677248,3
WAS001,2023-06-26,43.0,83.28571428571429,6.685714285714285,0.0,13.588677248677248,4
WAS002,2023-06-26,179.0,83.28571428571429,6.685714285714285,0.0,13.588677248677248,7
WAS005,2023-06-26,3.0,83.28571428571429,6.685714285714285,0.0,13.588677248677248,1
WAS006,2023-06-26,0.0,83.28571428571429,6.685714285714285,0.0,13.588677248677248,1
WAS008,2023-06-26,17.0,83.28571428571429,6.685714285714285,0.0,13.588677248677248,3
WAS009,2023-06-26,78.0,83.28571428571429,6.685714285714285,0.0,13.588677248677248,5
HAR001,2023-07-03,0.0,87.14285714285714,7.042857142857143,0.0,9.615740740740742,1
HUR008,2023-07-03,6.0,87.14285714285714,7.042857142857143,0.0,9.615740740740742,1
HUR009,2023-07-03,0.0,87.14285714285714,7.042857142857143,0.0,9.615740740740742,1
IVI001,2023-07-03,118.0,87.14285714285714,7.042857142857143,0.0,9.615740740740742,6
LAV001,2023-07-03,41.0,87.14285714285714,7.042857142857143,0.0,9.615740740740742,4
LEE003,2023-07-03,30.0,87.14285714285714,7.042857142857143,0.0,9.615740740740742,3
NHA001,2023-07-03,27.0,87.14285714285714,7.042857142857143,0.0,9.615740740740742,3
NHA003-1,2023-07-03,65.0,87.14285714285714,7.042857142857143,0.0,9.615740740740742,5
ROC004,2023-07-03,0.0,87.14285714285714,7.042857142857143,0.0,9.615740740740742,1
SCL004,2023-07-03,255.0,87.14285714285714,7.042857142857143,0.0,9.615740740740742,9
SCL005,2023-07-03,0.0,87.14285714285714,7.042857142857143,0.0,9.615740740740742,1
SCL006,2023-07-03,8.0,87.14285714285714,7.042857142857143,0.0,9.615740740740742,1
SGE002,2023-07-03,15.0,87.14285714285714,7.042857142857143,0.0,9.615740740740742,3
SGE003,2023-07-03,164.0,87.14285714285714,7.042857142857143,0.0,9.615740740740742,7
SGE007,2023-07-03,52.0,87.14285714285714,7.042857142857143,0.0,9.615740740740742,5
SGE008-2,2023-07-03,0.0,87.14285714285714,7.042857142857143,0.0,9.615740740740742,1
SGE009,2023-07-03,1.0,87.14285714285714,7.042857142857143,0.0,9.615740740740742,1
SGE009-2,2023-07-03,0.0,87.14285714285714,7.042857142857143,0.0,9.615740740740742,1
SGE013,2023-07-03,21.0,87.14285714285714,7.042857142857143,0.0,9.615740740740742,3
SGE014,2023-07-03,83.0,87.14285714285714,7.042857142857143,0.0,9.615740740740742,5
SGE015,2023-07-03,12.0,87.14285714285714,7.042857142857143,0.0,9.615740740740742,3
SGE016,2023-07-03,54.0,87.14285714285714,7.042857142857143,0.0,9.615740740740742,5
SGE017,2023-07-03,101.0,87.14285714285714,7.042857142857143,0.0,9.615740740740742,6
SGE018,2023-07-03,17.0,87.14285714285714,7.042857142857143,0.0,9.615740740740742,3
SPR002,2023-07-03,49.0,87.14285714285714,7.042857142857143,0.0,9.615740740740742,5
VIR008,2023-07-03,140.0,87.14285714285714,7.042857142857143,0.0,9.615740740740742,6
WAS001,2023-07-03,18.0,87.14285714285714,7.042857142857143,0.0,9.615740740740742,3
WAS002,2023-07-03,128.0,87.14285714285714,7.042857142857143,0.0,9.615740740740742,6
WAS005,2023-07-03,10.0,87.14285714285714,7.042857142857143,0.0,9.615740740740742,1
WAS006,2023-07-03,0.0,87.14285714285714,7.042857142857143,0.0,9.615740740740742,1
WAS008,2023-07-03,17.0,87.14285714285714,7.042857142857143,0.0,9.615740740740742,3
WAS009,2023-07-03,172.0,87.14285714285714,7.042857142857143,0.0,9.615740740740742,7
HAR001,2023-07-10,0.0,92.28571428571428,6.257142857142857,0.0,16.327380952380953,1
HUR008,2023-07-10,0.0,92.28571428571428,6.257142857142857,0.0,16.327380952380953,1
HUR009,2023-07-10,10.0,92.28571428571428,6.257142857142857,0.0,16.327380952380953,1
IVI001,2023-07-10,65.0,92.28571428571428,6.257142857142857,0.0,16.327380952380953,5
LAV001,2023-07-10,8.0,92.28571428571428,6.257142857142857,0.0,16.327380952380953,1
LEE003,2023-07-10,11.0,92.28571428571428,6.257142857142857,0.0,16.327380952380953,2
NHA001,2023-07-10,77.0,92.28571428571428,6.257142857142857,0.0,16.327380952380953,5
NHA003-1,2023-07-10,24.0,92.28571428571428,6.257142857142857,0.0,16.327380952380953,3
ROC004,2023-07-10,1.0,92.28571428571428,6.257142857142857,0.0,16.327380952380953,1
SCL001,2023-07-10,188.0,92.28571428571428,6.257142857142857,0.0,16.327380952380953,7
SCL004,2023-07-10,261.0,92.28571428571428,6.257142857142857,0.0,16.327380952380953,9
SCL005,2023-07-10,1.0,92.28571428571428,6.257142857142857,0.0,16.327380952380953,1
SGE002,2023-07-10,8.0,92.28571428571428,6.257142857142857,0.0,16.327380952380953,1
SGE003,2023-07-10,180.0,92.28571428571428,6.257142857142857,0.0,16.327380952380953,7
SGE007,2023-07-10,64.0,92.28571428571428,6.257142857142857,0.0,16.327380952380953,5
SGE008-2,2023-07-10,0.0,92.28571428571428,6.257142857142857,0.0,16.327380952380953,1
SGE009,2023-07-10,0.0,92.28571428571428,6.257142857142857,0.0,16.327380952380953,1
SGE009-2,2023-07-10,4.0,92.28571428571428,6.257142857142857,0.0,16.327380952380953,1
SGE013,2023-07-10,124.0,92.28571428571428,6.257142857142857,0.0,16.327380952380953,6
SGE014,2023-07-10,78.0,92.28571428571428,6.257142857142857,0.0,16.327380952380953,5
SGE015,2023-07-10,19.0,92.28571428571428,6.257142857142857,0.0,16.327380952380953,3
SGE016,2023-07-10,59.0,92.28571428571428,6.257142857142857,0.0,16.327380952380953,5
SGE017,2023-07-10,109.0,92.28571428571428,6.257142857142857,0.0,16.327380952380953,6
SGE018,2023-07-10,60.0,92.28571428571428,6.257142857142857,0.0,16.327380952380953,5
SPR002,2023-07-10,87.0,92.28571428571428,6.257142857142857,0.0,16.327380952380953,5
VIR008,2023-07-10,93.0,92.28571428571428,6.257142857142857,0.0,16.327380952380953,6
WAS001,2023-07-10,45.0,92.28571428571428,6.257142857142857,0.0,16.327380952380953,5
WAS002,2023-07-10,244.0,92.28571428571428,6.257142857142857,0.0,16.327380952380953,9
WAS005,2023-07-10,4.0,92.28571428571428,6.257142857142857,0.0,16.327380952380953,1
WAS006,2023-07-10,3.0,92.28571428571428,6.257142857142857,0.0,16.327380952380953,1
WAS008,2023-07-10,26.0,92.28571428571428,6.257142857142857,0.0,16.327380952380953,3
WAS009,2023-07-10,102.0,92.28571428571428,6.257142857142857,0.0,16.327380952380953,6
HAR001,2023-07-17,0.0,95.14285714285714,8.4,0.0,19.313628990057563,1
HUR008,2023-07-17,0.0,95.14285714285714,8.4,0.0,19.313628990057563,1
HUR009,2023-07-17,41.0,95.14285714285714,8.4,0.0,19.313628990057563,4
IVI001,2023-07-17,101.0,95.14285714285714,8.4,0.0,19.313628990057563,6
LAV001,2023-07-17,27.0,95.14285714285714,8.4,0.0,19.313628990057563,3
LEE003,2023-07-17,5.0,95.14285714285714,8.4,0.0,19.313628990057563,1
NHA001,2023-07-17,54.0,95.14285714285714,8.4,0.0,19.313628990057563,5
NHA003-1,2023-07-17,65.0,95.14285714285714,8.4,0.0,19.313628990057563,5
NHA003-2,2023-07-17,113.0,95.14285714285714,8.4,0.0,19.313628990057563,6
ROC004,2023-07-17,1.0,95.14285714285714,8.4,0.0,19.313628990057563,1
SCL001,2023-07-17,268.0,95.14285714285714,8.4,0.0,19.313628990057563,9
SCL004,2023-07-17,66.0,95.14285714285714,8.4,0.0,19.313628990057563,5
SCL005,2023-07-17,2.0,95.14285714285714,8.4,0.0,19.313628990057563,1
SGE002,2023-07-17,20.0,95.14285714285714,8.4,0.0,19.313628990057563,3
SGE003,2023-07-17,191.0,95.14285714285714,8.4,0.0,19.313628990057563,8
SGE007,2023-07-17,63.0,95.14285714285714,8.4,0.0,19.313628990057563,5
SGE008-2,2023-07-17,0.0,95.14285714285714,8.4,0.0,19.313628990057563,1
SGE009,2023-07-17,1.0,95.14285714285714,8.4,0.0,19.313628990057563,1
SGE009-2,2023-07-17,6.0,95.14285714285714,8.4,0.0,19.313628990057563,1
SGE013,2023-07-17,33.0,95.14285714285714,8.4,0.0,19.313628990057563,4
SGE014,2023-07-17,21.0,95.14285714285714,8.4,0.0,19.313628990057563,3
SGE015,2023-07-17,33.0,95.14285714285714,8.4,0.0,19.313628990057563,4
SGE016,2023-07-17,66.0,95.14285714285714,8.4,0.0,19.313628990057563,5
SGE017,2023-07-17,504.0,95.14285714285714,8.4,0.0,19.313628990057563,10
SGE018,2023-07-17,39.0,95.14285714285714,8.4,0.0,19.313628990057563,4
SPR002,2023-07-17,173.0,95.14285714285714,8.4,0.0,19.313628990057563,7
VIR008,2023-07-17,73.0,95.14285714285714,8.4,0.0,19.313628990057563,5
WAS001,2023-07-17,12.0,95.14285714285714,8.4,0.0,19.313628990057563,3
WAS002,2023-07-17,165.0,95.14285714285714,8.4,0.0,19.313628990057563,7
WAS005,2023-07-17,9.0,95.14285714285714,8.4,0.0,19.313628990057563,1
WAS006,2023-07-17,2.0,95.14285714285714,8.4,0.0,19.313628990057563,1
WAS008,2023-07-17,17.0,95.14285714285714,8.4,0.0,19.313628990057563,3
WAS009,2023-07-17,91.0,95.14285714285714,8.4,0.0,19.313628990057563,5
HAR001,2023-07-24,0.0,92.28571428571428,9.042857142857144,0.0033333333333333,24.69425315425315,1
HUR008,2023-07-24,3.0,92.28571428571428,9.042857142857144,0.0033333333333333,24.69425315425315,1
HUR009,2023-07-24,3.0,92.28571428571428,9.042857142857144,0.0033333333333333,24.69425315425315,1
IVI001,2023-07-24,92.0,92.28571428571428,9.042857142857144,0.0033333333333333,24.69425315425315,5
LAV001,2023-07-24,29.0,92.28571428571428,9.042857142857144,0.0033333333333333,24.69425315425315,3
LEE003,2023-07-24,3.0,92.28571428571428,9.042857142857144,0.0033333333333333,24.69425315425315,1
NHA001,2023-07-24,44.0,92.28571428571428,9.042857142857144,0.0033333333333333,24.69425315425315,4
NHA003-1,2023-07-24,45.0,92.28571428571428,9.042857142857144,0.0033333333333333,24.69425315425315,5
NHA003-2,2023-07-24,137.0,92.28571428571428,9.042857142857144,0.0033333333333333,24.69425315425315,6
ROC004,2023-07-24,0.0,92.28571428571428,9.042857142857144,0.0033333333333333,24.69425315425315,1
SCL001,2023-07-24,133.0,92.28571428571428,9.042857142857144,0.0033333333333333,24.69425315425315,6
SCL004,2023-07-24,42.0,92.28571428571428,9.042857142857144,0.0033333333333333,24.69425315425315,4
SCL005,2023-07-24,3.0,92.28571428571428,9.042857142857144,0.0033333333333333,24.69425315425315,1
SGE002,2023-07-24,15.0,92.28571428571428,9.042857142857144,0.0033333333333333,24.69425315425315,3
SGE003,2023-07-24,194.0,92.28571428571428,9.042857142857144,0.0033333333333333,24.69425315425315,8
SGE007,2023-07-24,78.0,92.28571428571428,9.042857142857144,0.0033333333333333,24.69425315425315,5
SGE008-2,2023-07-24,2.0,92.28571428571428,9.042857142857144,0.0033333333333333,24.69425315425315,1
SGE009,2023-07-24,3.0,92.28571428571428,9.042857142857144,0.0033333333333333,24.69425315425315,1
SGE009-2,2023-07-24,5.0,92.28571428571428,9.042857142857144,0.0033333333333333,24.69425315425315,1
SGE013,2023-07-24,243.0,92.28571428571428,9.042857142857144,0.0033333333333333,24.69425315425315,9
SGE014,2023-07-24,44.0,92.28571428571428,9.042857142857144,0.0033333333333333,24.69425315425315,4
SGE015,2023-07-24,49.0,92.28571428571428,9.042857142857144,0.0033333333333333,24.69425315425315,5
SGE016,2023-07-24,44.0,92.28571428571428,9.042857142857144,0.0033333333333333,24.69425315425315,4
SGE017,2023-07-24,234.0,92.28571428571428,9.042857142857144,0.0033333333333333,24.69425315425315,8
SGE018,2023-07-24,46.0,92.28571428571428,9.042857142857144,0.0033333333333333,24.69425315425315,5
SPR002,2023-07-24,37.0,92.28571428571428,9.042857142857144,0.0033333333333333,24.69425315425315,4
VIR008,2023-07-24,393.0,92.28571428571428,9.042857142857144,0.0033333333333333,24.69425315425315,10
WAS001,2023-07-24,60.0,92.28571428571428,9.042857142857144,0.0033333333333333,24.69425315425315,5
WAS002,2023-07-24,179.0,92.28571428571428,9.042857142857144,0.0033333333333333,24.69425315425315,7
WAS005,2023-07-24,5.0,92.28571428571428,9.042857142857144,0.0033333333333333,24.69425315425315,1
WAS006,2023-07-24,1.0,92.28571428571428,9.042857142857144,0.0033333333333333,24.69425315425315,1
WAS008,2023-07-24,34.0,92.28571428571428,9.042857142857144,0.0033333333333333,24.69425315425315,4
WAS009,2023-07-24,63.0,92.28571428571428,9.042857142857144,0.0033333333333333,24.69425315425315,5
HUR008,2023-07-31,157.0,82.5,5.628571428571428,0.0671428571428571,38.6811986863711,7
HUR009,2023-07-31,63.0,82.5,5.628571428571428,0.0671428571428571,38.6811986863711,5
IVI001,2023-07-31,19.0,82.5,5.628571428571428,0.0671428571428571,38.6811986863711,3
LAV001,2023-07-31,2.0,82.5,5.628571428571428,0.0671428571428571,38.6811986863711,1
SCL001,2023-07-31,85.0,82.5,5.628571428571428,0.0671428571428571,38.6811986863711,5
SCL004,2023-07-31,19.0,82.5,5.628571428571428,0.0671428571428571,38.6811986863711,3
SCL005,2023-07-31,4.0,82.5,5.628571428571428,0.0671428571428571,38.6811986863711,1
SGE002,2023-07-31,6.0,82.5,5.628571428571428,0.0671428571428571,38.6811986863711,1
SGE003,2023-07-31,136.0,82.5,5.628571428571428,0.0671428571428571,38.6811986863711,6
SGE007,2023-07-31,50.0,82.5,5.628571428571428,0.0671428571428571,38.6811986863711,5
SGE008-2,2023-07-31,0.0,82.5,5.628571428571428,0.0671428571428571,38.6811986863711,1
SGE009,2023-07-31,1.0,82.5,5.628571428571428,0.0671428571428571,38.6811986863711,1
SGE009-2,2023-07-31,5.0,82.5,5.628571428571428,0.0671428571428571,38.6811986863711,1
SGE013,2023-07-31,25.0,82.5,5.628571428571428,0.0671428571428571,38.6811986863711,3
SGE014,2023-07-31,7.0,82.5,5.628571428571428,0.0671428571428571,38.6811986863711,1
SGE015,2023-07-31,15.0,82.5,5.628571428571428,0.0671428571428571,38.6811986863711,3
SGE016,2023-07-31,19.0,82.5,5.628571428571428,0.0671428571428571,38.6811986863711,3
SGE017,2023-07-31,297.0,82.5,5.628571428571428,0.0671428571428571,38.6811986863711,9
SGE018,2023-07-31,1.0,82.5,5.628571428571428,0.0671428571428571,38.6811986863711,1
SPR002,2023-07-31,13.0,82.5,5.628571428571428,0.0671428571428571,38.6811986863711,3
VIR008,2023-07-31,14.0,82.5,5.628571428571428,0.0671428571428571,38.6811986863711,3
WAS001,2023-07-31,8.0,82.5,5.628571428571428,0.0671428571428571,38.6811986863711,1
WAS002,2023-07-31,23.0,82.5,5.628571428571428,0.0671428571428571,38.6811986863711,3
WAS005,2023-07-31,4.0,82.5,5.628571428571428,0.0671428571428571,38.6811986863711,1
WAS006,2023-07-31,1.0,82.5,5.628571428571428,0.0671428571428571,38.6811986863711,1
WAS008,2023-07-31,7.0,82.5,5.628571428571428,0.0671428571428571,38.6811986863711,1
WAS009,2023-07-31,20.0,82.5,5.628571428571428,0.0671428571428571,38.6811986863711,3
HAR001,2023-08-07,0.0,83.57142857142857,7.114285714285715,0.0285714285714285,31.351902145473577,1
HUR008,2023-08-07,6.0,83.57142857142857,7.114285714285715,0.0285714285714285,31.351902145473577,1
HUR009,2023-08-07,55.0,83.57142857142857,7.114285714285715,0.0285714285714285,31.351902145473577,5
IVI001,2023-08-07,60.0,83.57142857142857,7.114285714285715,0.0285714285714285,31.351902145473577,5
LAV001,2023-08-07,37.0,83.57142857142857,7.114285714285715,0.0285714285714285,31.351902145473577,4
LEE003,2023-08-07,11.0,83.57142857142857,7.114285714285715,0.0285714285714285,31.351902145473577,2
NHA001,2023-08-07,31.0,83.57142857142857,7.114285714285715,0.0285714285714285,31.351902145473577,4
NHA002,2023-08-07,8.0,83.57142857142857,7.114285714285715,0.0285714285714285,31.351902145473577,1
NHA003-3,2023-08-07,13.0,83.57142857142857,7.114285714285715,0.0285714285714285,31.351902145473577,3
ROC004,2023-08-07,0.0,83.57142857142857,7.114285714285715,0.0285714285714285,31.351902145473577,1
SCL001,2023-08-07,40.0,83.57142857142857,7.114285714285715,0.0285714285714285,31.351902145473577,4
SCL004,2023-08-07,11.0,83.57142857142857,7.114285714285715,0.0285714285714285,31.351902145473577,2
SCL005,2023-08-07,4.0,83.57142857142857,7.114285714285715,0.0285714285714285,31.351902145473577,1
SGE002,2023-08-07,17.0,83.57142857142857,7.114285714285715,0.0285714285714285,31.351902145473577,3
SGE003,2023-08-07,207.0,83.57142857142857,7.114285714285715,0.0285714285714285,31.351902145473577,8
SGE007,2023-08-07,78.0,83.57142857142857,7.114285714285715,0.0285714285714285,31.351902145473577,5
SGE008-2,2023-08-07,1.0,83.57142857142857,7.114285714285715,0.0285714285714285,31.351902145473577,1
SGE009,2023-08-07,1.0,83.57142857142857,7.114285714285715,0.0285714285714285,31.351902145473577,1
SGE009-2,2023-08-07,5.0,83.57142857142857,7.114285714285715,0.0285714285714285,31.351902145473577,1
SGE013,2023-08-07,17.0,83.57142857142857,7.114285714285715,0.0285714285714285,31.351902145473577,3
SGE014,2023-08-07,32.0,83.57142857142857,7.114285714285715,0.0285714285714285,31.351902145473577,4
SGE015,2023-08-07,18.0,83.57142857142857,7.114285714285715,0.0285714285714285,31.351902145473577,3
SGE016,2023-08-07,49.0,83.57142857142857,7.114285714285715,0.0285714285714285,31.351902145473577,5
SGE017,2023-08-07,122.0,83.57142857142857,7.114285714285715,0.0285714285714285,31.351902145473577,6
SGE018,2023-08-07,10.0,83.57142857142857,7.114285714285715,0.0285714285714285,31.351902145473577,1
SPR002,2023-08-07,17.0,83.57142857142857,7.114285714285715,0.0285714285714285,31.351902145473577,3
VIR008,2023-08-07,127.0,83.57142857142857,7.114285714285715,0.0285714285714285,31.351902145473577,6
WAS001,2023-08-07,10.0,83.57142857142857,7.114285714285715,0.0285714285714285,31.351902145473577,1
WAS002,2023-08-07,82.0,83.57142857142857,7.114285714285715,0.0285714285714285,31.351902145473577,5
WAS005,2023-08-07,1.0,83.57142857142857,7.114285714285715,0.0285714285714285,31.351902145473577,1
WAS006,2023-08-07,0.0,83.57142857142857,7.114285714285715,0.0285714285714285,31.351902145473577,1
WAS008,2023-08-07,7.0,83.57142857142857,7.114285714285715,0.0285714285714285,31.351902145473577,1
WAS009,2023-08-07,59.0,83.57142857142857,7.114285714285715,0.0285714285714285,31.351902145473577,5
APV001,2023-08-14,28.0,82.57142857142857,6.242857142857143,0.03,50.173941538624526,3
ENT003,2023-08-14,1.0,82.57142857142857,6.242857142857143,0.03,50.173941538624526,1
ENT004,2023-08-14,29.0,82.57142857142857,6.242857142857143,0.03,50.173941538624526,3
HAR001,2023-08-14,0.0,82.57142857142857,6.242857142857143,0.03,50.173941538624526,1
HIL002,2023-08-14,31.0,82.57142857142857,6.242857142857143,0.03,50.173941538624526,4
HUR008,2023-08-14,11.0,82.57142857142857,6.242857142857143,0.03,50.173941538624526,2
HUR009,2023-08-14,27.0,82.57142857142857,6.242857142857143,0.03,50.173941538624526,3
IVI001,2023-08-14,52.0,82.57142857142857,6.242857142857143,0.03,50.173941538624526,5
LAV001,2023-08-14,89.0,82.57142857142857,6.242857142857143,0.03,50.173941538624526,5
LEE003,2023-08-14,6.0,82.57142857142857,6.242857142857143,0.03,50.173941538624526,1
NHA001,2023-08-14,36.0,82.57142857142857,6.242857142857143,0.03,50.173941538624526,4
NHA002,2023-08-14,4.0,82.57142857142857,6.242857142857143,0.03,50.173941538624526,1
NHA003,2023-08-14,39.0,82.57142857142857,6.242857142857143,0.03,50.173941538624526,4
ROC004,2023-08-14,0.0,82.57142857142857,6.242857142857143,0.03,50.173941538624526,1
SCL001,2023-08-14,34.0,82.57142857142857,6.242857142857143,0.03,50.173941538624526,4
SCL004,2023-08-14,35.0,82.57142857142857,6.242857142857143,0.03,50.173941538624526,4
SCL005,2023-08-14,8.0,82.57142857142857,6.242857142857143,0.03,50.173941538624526,1
SGE002,2023-08-14,10.0,82.57142857142857,6.242857142857143,0.03,50.173941538624526,1
SGE003,2023-08-14,246.0,82.57142857142857,6.242857142857143,0.03,50.173941538624526,9
SGE007,2023-08-14,128.0,82.57142857142857,6.242857142857143,0.03,50.173941538624526,6
SGE008-2,2023-08-14,4.0,82.57142857142857,6.242857142857143,0.03,50.173941538624526,1
SGE009,2023-08-14,11.0,82.57142857142857,6.242857142857143,0.03,50.173941538624526,2
SGE009-2,2023-08-14,9.0,82.57142857142857,6.242857142857143,0.03,50.173941538624526,1
SGE013,2023-08-14,26.0,82.57142857142857,6.242857142857143,0.03,50.173941538624526,3
SGE014,2023-08-14,63.0,82.57142857142857,6.242857142857143,0.03,50.173941538624526,5
SGE015,2023-08-14,13.0,82.57142857142857,6.242857142857143,0.03,50.173941538624526,3
SGE016,2023-08-14,84.0,82.57142857142857,6.242857142857143,0.03,50.173941538624526,5
SGE017,2023-08-14,286.0,82.57142857142857,6.242857142857143,0.03,50.173941538624526,9
SGE018,2023-08-14,14.0,82.57142857142857,6.242857142857143,0.03,50.173941538624526,3
SPR002,2023-08-14,39.0,82.57142857142857,6.242857142857143,0.03,50.173941538624526,4
SR-Hildale,2023-08-14,50.0,82.57142857142857,6.242857142857143,0.03,50.173941538624526,5
VIR008,2023-08-14,98.0,82.57142857142857,6.242857142857143,0.03,50.173941538624526,6
WAS001,2023-08-14,22.0,82.57142857142857,6.242857142857143,0.03,50.173941538624526,3
WAS002,2023-08-14,101.0,82.57142857142857,6.242857142857143,0.03,50.173941538624526,6
WAS005,2023-08-14,8.0,82.57142857142857,6.242857142857143,0.03,50.173941538624526,1
WAS006,2023-08-14,2.0,82.57142857142857,6.242857142857143,0.03,50.173941538624526,1
WAS008,2023-08-14,27.0,82.57142857142857,6.242857142857143,0.03,50.173941538624526,3
WAS009,2023-08-14,38.0,82.57142857142857,6.242857142857143,0.03,50.173941538624526,4
SGE003,2023-08-21,36.0,81.57142857142857,5.228571428571429,0.15,54.79274891774891,4
SGE003-2,2023-08-21,187.0,81.57142857142857,5.228571428571429,0.15,54.79274891774891,7
SGE003-3,2023-08-21,88.0,81.57142857142857,5.228571428571429,0.15,54.79274891774891,5
SGE017,2023-08-21,30.0,81.57142857142857,5.228571428571429,0.15,54.79274891774891,3
WAS008,2023-08-21,5.0,81.57142857142857,5.228571428571429,0.15,54.79274891774891,1
WAS009,2023-08-21,6.0,81.57142857142857,5.228571428571429,0.15,54.79274891774891,1
HAR001,2023-08-28,5.0,80.5,5.4399999999999995,0.46,50.86202844774273,1
HUR008,2023-08-28,3.0,80.5,5.4399999999999995,0.46,50.86202844774273,1
HUR009,2023-08-28,24.0,80.5,5.4399999999999995,0.46,50.86202844774273,3
IVI001,2023-08-28,54.0,80.5,5.4399999999999995,0.46,50.86202844774273,5
LAV001,2023-08-28,20.0,80.5,5.4399999999999995,0.46,50.86202844774273,3
LEE003,2023-08-28,16.0,80.5,5.4399999999999995,0.46,50.86202844774273,3
NHA001,2023-08-28,73.0,80.5,5.4399999999999995,0.46,50.86202844774273,5
NHA002,2023-08-28,5.0,80.5,5.4399999999999995,0.46,50.86202844774273,1
NHA003,2023-08-28,182.0,80.5,5.4399999999999995,0.46,50.86202844774273,7
ROC004,2023-08-28,2.0,80.5,5.4399999999999995,0.46,50.86202844774273,1
SCL001,2023-08-28,47.0,80.5,5.4399999999999995,0.46,50.86202844774273,5
SCL004,2023-08-28,33.0,80.5,5.4399999999999995,0.46,50.86202844774273,4
SCL005,2023-08-28,1.0,80.5,5.4399999999999995,0.46,50.86202844774273,1
SGE002,2023-08-28,11.0,80.5,5.4399999999999995,0.46,50.86202844774273,2
SGE003,2023-08-28,56.0,80.5,5.4399999999999995,0.46,50.86202844774273,5
SGE007,2023-08-28,72.0,80.5,5.4399999999999995,0.46,50.86202844774273,5
SGE008-2,2023-08-28,0.0,80.5,5.4399999999999995,0.46,50.86202844774273,1
SGE009,2023-08-28,8.0,80.5,5.4399999999999995,0.46,50.86202844774273,1
SGE009-2,2023-08-28,5.0,80.5,5.4399999999999995,0.46,50.86202844774273,1
SGE013,2023-08-28,93.0,80.5,5.4399999999999995,0.46,50.86202844774273,6
SGE014,2023-08-28,36.0,80.5,5.4399999999999995,0.46,50.86202844774273,4
SGE015,2023-08-28,8.0,80.5,5.4399999999999995,0.46,50.86202844774273,1
SGE016,2023-08-28,18.0,80.5,5.4399999999999995,0.46,50.86202844774273,3
SGE017,2023-08-28,289.0,80.5,5.4399999999999995,0.46,50.86202844774273,9
SGE018,2023-08-28,5.0,80.5,5.4399999999999995,0.46,50.86202844774273,1
SPR002,2023-08-28,27.0,80.5,5.4399999999999995,0.46,50.86202844774273,3
SR-SGE016,2023-08-28,15.0,80.5,5.4399999999999995,0.46,50.86202844774273,3
VIR008,2023-08-28,92.0,80.5,5.4399999999999995,0.46,50.86202844774273,5
WAS001,2023-08-28,56.0,80.5,5.4399999999999995,0.46,50.86202844774273,5
WAS002,2023-08-28,329.0,80.5,5.4399999999999995,0.46,50.86202844774273,9
WAS005,2023-08-28,10.0,80.5,5.4399999999999995,0.46,50.86202844774273,1
WAS006,2023-08-28,1.0,80.5,5.4399999999999995,0.46,50.86202844774273,1
WAS008,2023-08-28,128.0,80.5,5.4399999999999995,0.46,50.86202844774273,6
WAS009,2023-08-28,14.0,80.5,5.4399999999999995,0.46,50.86202844774273,3
HAR001,2023-09-04,25.0,77.66666666666667,4.45,0.0033333333333333,44.31802721088435,3
HUR008,2023-09-04,5.0,77.66666666666667,4.45,0.0033333333333333,44.31802721088435,1
HUR009,2023-09-04,5.0,77.66666666666667,4.45,0.0033333333333333,44.31802721088435,1
LAV001,2023-09-04,7.0,77.66666666666667,4.45,0.0033333333333333,44.31802721088435,1
LEE003,2023-09-04,12.0,77.66666666666667,4.45,0.0033333333333333,44.31802721088435,3
NHA001,2023-09-04,60.0,77.66666666666667,4.45,0.0033333333333333,44.31802721088435,5
NHA002,2023-09-04,2.0,77.66666666666667,4.45,0.0033333333333333,44.31802721088435,1
NHA003,2023-09-04,30.0,77.66666666666667,4.45,0.0033333333333333,44.31802721088435,3
ROC004,2023-09-04,3.0,77.66666666666667,4.45,0.0033333333333333,44.31802721088435,1
SCL001,2023-09-04,10.0,77.66666666666667,4.45,0.0033333333333333,44.31802721088435,1
SCL004,2023-09-04,16.0,77.66666666666667,4.45,0.0033333333333333,44.31802721088435,3
SCL005,2023-09-04,5.0,77.66666666666667,4.45,0.0033333333333333,44.31802721088435,1
SGE002,2023-09-04,5.0,77.66666666666667,4.45,0.0033333333333333,44.31802721088435,1
SGE003,2023-09-04,36.0,77.66666666666667,4.45,0.0033333333333333,44.31802721088435,4
SGE007,2023-09-04,57.0,77.66666666666667,4.45,0.0033333333333333,44.31802721088435,5
SGE008-2,2023-09-04,0.0,77.66666666666667,4.45,0.0033333333333333,44.31802721088435,1
SGE009,2023-09-04,7.0,77.66666666666667,4.45,0.0033333333333333,44.31802721088435,1
SGE009-2,2023-09-04,2.0,77.66666666666667,4.45,0.0033333333333333,44.31802721088435,1
SGE013,2023-09-04,74.0,77.66666666666667,4.45,0.0033333333333333,44.31802721088435,5
SGE014,2023-09-04,26.0,77.66666666666667,4.45,0.0033333333333333,44.31802721088435,3
SGE015,2023-09-04,2.0,77.66666666666667,4.45,0.0033333333333333,44.31802721088435,1
SGE016,2023-09-04,14.0,77.66666666666667,4.45,0.0033333333333333,44.31802721088435,3
SGE017,2023-09-04,194.0,77.66666666666667,4.45,0.0033333333333333,44.31802721088435,8
SGE018,2023-09-04,8.0,77.66666666666667,4.45,0.0033333333333333,44.31802721088435,1
SPR002,2023-09-04,28.0,77.66666666666667,4.45,0.0033333333333333,44.31802721088435,3
VIR008,2023-09-04,137.0,77.66666666666667,4.45,0.0033333333333333,44.31802721088435,6
WAS001,2023-09-04,21.0,77.66666666666667,4.45,0.0033333333333333,44.31802721088435,3
WAS002,2023-09-04,207.0,77.66666666666667,4.45,0.0033333333333333,44.31802721088435,8
WAS005,2023-09-04,0.0,77.66666666666667,4.45,0.0033333333333333,44.31802721088435,1
WAS006,2023-09-04,2.0,77.66666666666667,4.45,0.0033333333333333,44.31802721088435,1
WAS008,2023-09-04,238.0,77.66666666666667,4.45,0.0033333333333333,44.31802721088435,9
WAS009,2023-09-04,19.0,77.66666666666667,4.45,0.0033333333333333,44.31802721088435,3
HAR001-EX,2023-09-11,91.0,77.2,3.7,0.0066666666666666,45.559320309320306,5
HUR008,2023-09-11,6.0,77.2,3.7,0.0066666666666666,45.559320309320306,1
HUR009,2023-09-11,66.0,77.2,3.7,0.0066666666666666,45.559320309320306,5
IVI001,2023-09-11,29.0,77.2,3.7,0.0066666666666666,45.559320309320306,3
LAV001,2023-09-11,16.0,77.2,3.7,0.0066666666666666,45.559320309320306,3
ROC004,2023-09-11,3.0,77.2,3.7,0.0066666666666666,45.559320309320306,1
SCL001,2023-09-11,17.0,77.2,3.7,0.0066666666666666,45.559320309320306,3
SCL004,2023-09-11,15.0,77.2,3.7,0.0066666666666666,45.559320309320306,3
SCL005,2023-09-11,2.0,77.2,3.7,0.0066666666666666,45.559320309320306,1
SGE002,2023-09-11,3.0,77.2,3.7,0.0066666666666666,45.559320309320306,1
SGE003,2023-09-11,28.0,77.2,3.7,0.0066666666666666,45.559320309320306,3
SGE007,2023-09-11,23.0,77.2,3.7,0.0066666666666666,45.559320309320306,3
SGE008-2,2023-09-11,2.0,77.2,3.7,0.0066666666666666,45.559320309320306,1
SGE009,2023-09-11,13.0,77.2,3.7,0.0066666666666666,45.559320309320306,3
SGE009-2,2023-09-11,26.0,77.2,3.7,0.0066666666666666,45.559320309320306,3
SGE013,2023-09-11,40.0,77.2,3.7,0.0066666666666666,45.559320309320306,4
SGE014,2023-09-11,104.0,77.2,3.7,0.0066666666666666,45.559320309320306,6
SGE015,2023-09-11,5.0,77.2,3.7,0.0066666666666666,45.559320309320306,1
SGE016,2023-09-11,15.0,77.2,3.7,0.0066666666666666,45.559320309320306,3
SGE017,2023-09-11,269.0,77.2,3.7,0.0066666666666666,45.559320309320306,9
SGE018,2023-09-11,33.0,77.2,3.7,0.0066666666666666,45.559320309320306,4
SPR002,2023-09-11,18.0,77.2,3.7,0.0066666666666666,45.559320309320306,3
VIR008,2023-09-11,135.0,77.2,3.7,0.0066666666666666,45.559320309320306,6
WAS001,2023-09-11,44.0,77.2,3.7,0.0066666666666666,45.559320309320306,4
WAS002,2023-09-11,111.0,77.2,3.7,0.0066666666666666,45.559320309320306,6
WAS005,2023-09-11,5.0,77.2,3.7,0.0066666666666666,45.559320309320306,1
WAS006,2023-09-11,2.0,77.2,3.7,0.0066666666666666,45.559320309320306,1
WAS008,2023-09-11,6.0,77.2,3.7,0.0066666666666666,45.559320309320306,1
WAS009,2023-09-11,148.0,77.2,3.7,0.0066666666666666,45.559320309320306,7
WAS009-EX,2023-09-11,26.0,77.2,3.7,0.0066666666666666,45.559320309320306,3
HAR001-EX,2023-09-18,2.0,72.14285714285714,5.071428571428571,0.0071428571428571,37.06216931216932,1
HUR008,2023-09-18,7.0,72.14285714285714,5.071428571428571,0.0071428571428571,37.06216931216932,1
HUR009,2023-09-18,20.0,72.14285714285714,5.071428571428571,0.0071428571428571,37.06216931216932,3
IVI001,2023-09-18,34.0,72.14285714285714,5.071428571428571,0.0071428571428571,37.06216931216932,4
LAV001,2023-09-18,5.0,72.14285714285714,5.071428571428571,0.0071428571428571,37.06216931216932,1
LEE003,2023-09-18,8.0,72.14285714285714,5.071428571428571,0.0071428571428571,37.06216931216932,1
NHA003,2023-09-18,40.0,72.14285714285714,5.071428571428571,0.0071428571428571,37.06216931216932,4
SCL001,2023-09-18,12.0,72.14285714285714,5.071428571428571,0.0071428571428571,37.06216931216932,3
SCL004,2023-09-18,8.0,72.14285714285714,5.071428571428571,0.0071428571428571,37.06216931216932,1
SCL005,2023-09-18,0.0,72.14285714285714,5.071428571428571,0.0071428571428571,37.06216931216932,1
SGE002,2023-09-18,8.0,72.14285714285714,5.071428571428571,0.0071428571428571,37.06216931216932,1
SGE003,2023-09-18,58.0,72.14285714285714,5.071428571428571,0.0071428571428571,37.06216931216932,5
SGE007,2023-09-18,21.0,72.14285714285714,5.071428571428571,0.0071428571428571,37.06216931216932,3
SGE009,2023-09-18,24.0,72.14285714285714,5.071428571428571,0.0071428571428571,37.06216931216932,3
SGE009-2,2023-09-18,9.0,72.14285714285714,5.071428571428571,0.0071428571428571,37.06216931216932,1
SGE013,2023-09-18,143.0,72.14285714285714,5.071428571428571,0.0071428571428571,37.06216931216932,7
SGE014,2023-09-18,63.0,72.14285714285714,5.071428571428571,0.0071428571428571,37.06216931216932,5
SGE015,2023-09-18,46.0,72.14285714285714,5.071428571428571,0.0071428571428571,37.06216931216932,5
SGE016,2023-09-18,20.0,72.14285714285714,5.071428571428571,0.0071428571428571,37.06216931216932,3
SGE017,2023-09-18,485.0,72.14285714285714,5.071428571428571,0.0071428571428571,37.06216931216932,10
SGE018,2023-09-18,54.0,72.14285714285714,5.071428571428571,0.0071428571428571,37.06216931216932,5
SPR002,2023-09-18,18.0,72.14285714285714,5.071428571428571,0.0071428571428571,37.06216931216932,3
VIR004,2023-09-18,4.0,72.14285714285714,5.071428571428571,0.0071428571428571,37.06216931216932,1
VIR008,2023-09-18,85.0,72.14285714285714,5.071428571428571,0.0071428571428571,37.06216931216932,5
WAS001,2023-09-18,328.0,72.14285714285714,5.071428571428571,0.0071428571428571,37.06216931216932,9
WAS002,2023-09-18,243.0,72.14285714285714,5.071428571428571,0.0071428571428571,37.06216931216932,9
WAS005,2023-09-18,5.0,72.14285714285714,5.071428571428571,0.0071428571428571,37.06216931216932,1
WAS006,2023-09-18,1.0,72.14285714285714,5.071428571428571,0.0071428571428571,37.06216931216932,1
WAS008,2023-09-18,192.0,72.14285714285714,5.071428571428571,0.0071428571428571,37.06216931216932,8
WAS009,2023-09-18,12.0,72.14285714285714,5.071428571428571,0.0071428571428571,37.06216931216932,3
HAR001-EX,2023-09-25,0.0,71.42857142857143,6.0,0.0057142857142857,33.390778533635675,1
HUR008,2023-09-25,6.0,71.42857142857143,6.0,0.0057142857142857,33.390778533635675,1
HUR009,2023-09-25,135.0,71.42857142857143,6.0,0.0057142857142857,33.390778533635675,6
IVI001,2023-09-25,49.0,71.42857142857143,6.0,0.0057142857142857,33.390778533635675,5
LAV001,2023-09-25,11.0,71.42857142857143,6.0,0.0057142857142857,33.390778533635675,2
LEE003,2023-09-25,2.0,71.42857142857143,6.0,0.0057142857142857,33.390778533635675,1
NHA003,2023-09-25,10.0,71.42857142857143,6.0,0.0057142857142857,33.390778533635675,1
ROC004,2023-09-25,0.0,71.42857142857143,6.0,0.0057142857142857,33.390778533635675,1
SCL001,2023-09-25,10.0,71.42857142857143,6.0,0.0057142857142857,33.390778533635675,1
SCL004,2023-09-25,8.0,71.42857142857143,6.0,0.0057142857142857,33.390778533635675,1
SCL005,2023-09-25,3.0,71.42857142857143,6.0,0.0057142857142857,33.390778533635675,1
SGE002,2023-09-25,1.0,71.42857142857143,6.0,0.0057142857142857,33.390778533635675,1
SGE003,2023-09-25,58.0,71.42857142857143,6.0,0.0057142857142857,33.390778533635675,5
SGE007,2023-09-25,21.0,71.42857142857143,6.0,0.0057142857142857,33.390778533635675,3
SGE009,2023-09-25,28.0,71.42857142857143,6.0,0.0057142857142857,33.390778533635675,3
SGE009-2,2023-09-25,5.0,71.42857142857143,6.0,0.0057142857142857,33.390778533635675,1
SGE013,2023-09-25,203.0,71.42857142857143,6.0,0.0057142857142857,33.390778533635675,8
SGE014,2023-09-25,42.0,71.42857142857143,6.0,0.0057142857142857,33.390778533635675,4
SGE015,2023-09-25,36.0,71.42857142857143,6.0,0.0057142857142857,33.390778533635675,4
SGE016,2023-09-25,16.0,71.42857142857143,6.0,0.0057142857142857,33.390778533635675,3
SGE017,2023-09-25,190.0,71.42857142857143,6.0,0.0057142857142857,33.390778533635675,8
SGE018,2023-09-25,32.0,71.42857142857143,6.0,0.0057142857142857,33.390778533635675,4
SPR002,2023-09-25,14.0,71.42857142857143,6.0,0.0057142857142857,33.390778533635675,3
VIR008,2023-09-25,73.0,71.42857142857143,6.0,0.0057142857142857,33.390778533635675,5
WAS001,2023-09-25,203.0,71.42857142857143,6.0,0.0057142857142857,33.390778533635675,8
WAS002,2023-09-25,140.0,71.42857142857143,6.0,0.0057142857142857,33.390778533635675,6
WAS005,2023-09-25,1.0,71.42857142857143,6.0,0.0057142857142857,33.390778533635675,1
WAS006,2023-09-25,5.0,71.42857142857143,6.0,0.0057142857142857,33.390778533635675,1
WAS008,2023-09-25,201.0,71.42857142857143,6.0,0.0057142857142857,33.390778533635675,8
WAS009,2023-09-25,14.0,71.42857142857143,6.0,0.0057142857142857,33.390778533635675,3
HAR001-EX,2023-10-02,2.0,68.33333333333333,4.1,0.0316666666666666,41.4902380952381,1
HUR008,2023-10-02,10.0,68.33333333333333,4.1,0.0316666666666666,41.4902380952381,1
HUR009,2023-10-02,54.0,68.33333333333333,4.1,0.0316666666666666,41.4902380952381,5
IVI001,2023-10-02,8.0,68.33333333333333,4.1,0.0316666666666666,41.4902380952381,1
LAV001,2023-10-02,22.0,68.33333333333333,4.1,0.0316666666666666,41.4902380952381,3
LEE003,2023-10-02,16.0,68.33333333333333,4.1,0.0316666666666666,41.4902380952381,3
NHA003,2023-10-02,0.0,68.33333333333333,4.1,0.0316666666666666,41.4902380952381,1
ROC004,2023-10-02,1.0,68.33333333333333,4.1,0.0316666666666666,41.4902380952381,1
SCL004,2023-10-02,2.0,68.33333333333333,4.1,0.0316666666666666,41.4902380952381,1
SGE003,2023-10-02,3.0,68.33333333333333,4.1,0.0316666666666666,41.4902380952381,1
SGE007,2023-10-02,10.0,68.33333333333333,4.1,0.0316666666666666,41.4902380952381,1
SGE009,2023-10-02,3.0,68.33333333333333,4.1,0.0316666666666666,41.4902380952381,1
SGE009-2,2023-10-02,0.0,68.33333333333333,4.1,0.0316666666666666,41.4902380952381,1
SGE013,2023-10-02,41.0,68.33333333333333,4.1,0.0316666666666666,41.4902380952381,4
SGE014,2023-10-02,23.0,68.33333333333333,4.1,0.0316666666666666,41.4902380952381,3
SGE017,2023-10-02,192.0,68.33333333333333,4.1,0.0316666666666666,41.4902380952381,8
SGE018,2023-10-02,9.0,68.33333333333333,4.1,0.0316666666666666,41.4902380952381,1
SPR002,2023-10-02,0.0,68.33333333333333,4.1,0.0316666666666666,41.4902380952381,1
VIR008,2023-10-02,2.0,68.33333333333333,4.1,0.0316666666666666,41.4902380952381,1
WAS001,2023-10-02,48.0,68.33333333333333,4.1,0.0316666666666666,41.4902380952381,5
WAS002,2023-10-02,32.0,68.33333333333333,4.1,0.0316666666666666,41.4902380952381,4
WAS005,2023-10-02,0.0,68.33333333333333,4.1,0.0316666666666666,41.4902380952381,1
WAS008,2023-10-02,65.0,68.33333333333333,4.1,0.0316666666666666,41.4902380952381,5
WAS009,2023-10-02,2.0,68.33333333333333,4.1,0.0316666666666666,41.4902380952381,1
HAR001-EX,2023-10-09,0.0,66.28571428571429,5.314285714285714,0.0,30.172619047619047,1
HUR008,2023-10-09,15.0,66.28571428571429,5.314285714285714,0.0,30.172619047619047,3
HUR009,2023-10-09,21.0,66.28571428571429,5.314285714285714,0.0,30.172619047619047,3
IVI001,2023-10-09,54.0,66.28571428571429,5.314285714285714,0.0,30.172619047619047,5
LAV001,2023-10-09,21.0,66.28571428571429,5.314285714285714,0.0,30.172619047619047,3
LEE003,2023-10-09,6.0,66.28571428571429,5.314285714285714,0.0,30.172619047619047,1
NHA003,2023-10-09,14.0,66.28571428571429,5.314285714285714,0.0,30.172619047619047,3
ROC004,2023-10-09,1.0,66.28571428571429,5.314285714285714,0.0,30.172619047619047,1
SCL001,2023-10-09,3.0,66.28571428571429,5.314285714285714,0.0,30.172619047619047,1
SCL004,2023-10-09,1.0,66.28571428571429,5.314285714285714,0.0,30.172619047619047,1
SGE003,2023-10-09,13.0,66.28571428571429,5.314285714285714,0.0,30.172619047619047,3
SGE007,2023-10-09,160.0,66.28571428571429,5.314285714285714,0.0,30.172619047619047,7
SGE009,2023-10-09,10.0,66.28571428571429,5.314285714285714,0.0,30.172619047619047,1
SGE009-2,2023-10-09,1.0,66.28571428571429,5.314285714285714,0.0,30.172619047619047,1
SGE013,2023-10-09,203.0,66.28571428571429,5.314285714285714,0.0,30.172619047619047,8
SGE014,2023-10-09,23.0,66.28571428571429,5.314285714285714,0.0,30.172619047619047,3
SGE017,2023-10-09,80.0,66.28571428571429,5.314285714285714,0.0,30.172619047619047,5
SGE018,2023-10-09,28.0,66.28571428571429,5.314285714285714,0.0,30.172619047619047,3
SPR002,2023-10-09,5.0,66.28571428571429,5.314285714285714,0.0,30.172619047619047,1
VIR008,2023-10-09,14.0,66.28571428571429,5.314285714285714,0.0,30.172619047619047,3
WAS001,2023-10-09,120.0,66.28571428571429,5.314285714285714,0.0,30.172619047619047,6
WAS002,2023-10-09,109.0,66.28571428571429,5.314285714285714,0.0,30.172619047619047,6
WAS008,2023-10-09,119.0,66.28571428571429,5.314285714285714,0.0,30.172619047619047,6
WAS009,2023-10-09,16.0,66.28571428571429,5.314285714285714,0.0,30.172619047619047,3
HUR008,2023-10-16,10.0,70.85714285714286,3.1714285714285717,0.0,26.095238095238095,1
HUR009,2023-10-16,3.0,70.85714285714286,3.1714285714285717,0.0,26.095238095238095,1
IVI001,2023-10-16,29.0,70.85714285714286,3.1714285714285717,0.0,26.095238095238095,3
LAV001,2023-10-16,13.0,70.85714285714286,3.1714285714285717,0.0,26.095238095238095,3
ROC004,2023-10-16,1.0,70.85714285714286,3.1714285714285717,0.0,26.095238095238095,1
SCL001,2023-10-16,5.0,70.85714285714286,3.1714285714285717,0.0,26.095238095238095,1
SCL004,2023-10-16,3.0,70.85714285714286,3.1714285714285717,0.0,26.095238095238095,1
SGE002,2023-10-16,1.0,70.85714285714286,3.1714285714285717,0.0,26.095238095238095,1
SGE003,2023-10-16,12.0,70.85714285714286,3.1714285714285717,0.0,26.095238095238095,3
SGE007,2023-10-16,170.0,70.85714285714286,3.1714285714285717,0.0,26.095238095238095,7
SGE009,2023-10-16,5.0,70.85714285714286,3.1714285714285717,0.0,26.095238095238095,1
SGE013,2023-10-16,226.0,70.85714285714286,3.1714285714285717,0.0,26.095238095238095,8
SGE014,2023-10-16,11.0,70.85714285714286,3.1714285714285717,0.0,26.095238095238095,2
SGE017,2023-10-16,105.0,70.85714285714286,3.1714285714285717,0.0,26.095238095238095,6
SPR002,2023-10-16,3.0,70.85714285714286,3.1714285714285717,0.0,26.095238095238095,1
SR-EX-MID,2023-10-16,16.0,70.85714285714286,3.1714285714285717,0.0,26.095238095238095,3
VIR008,2023-10-16,29.0,70.85714285714286,3.1714285714285717,0.0,26.095238095238095,3
WAS001,2023-10-16,51.0,70.85714285714286,3.1714285714285717,0.0,26.095238095238095,5
WAS002,2023-10-16,22.0,70.85714285714286,3.1714285714285717,0.0,26.095238095238095,3
WAS008,2023-10-16,27.0,70.85714285714286,3.1714285714285717,0.0,26.095238095238095,3
WAS009,2023-10-16,15.0,70.85714285714286,3.1714285714285717,0.0,26.095238095238095,3
HUR007,2023-10-23,5.0,59.857142857142854,7.0,0.0,34.91666666666667,1
IVI001,2023-10-23,19.0,59.857142857142854,7.0,0.0,34.91666666666667,3
LAV001,2023-10-23,1.0,59.857142857142854,7.0,0.0,34.91666666666667,1
SCL001,2023-10-23,0.0,59.857142857142854,7.0,0.0,34.91666666666667,1
SCL004,2023-10-23,0.0,59.857142857142854,7.0,0.0,34.91666666666667,1
SGE002,2023-10-23,3.0,59.857142857142854,7.0,0.0,34.91666666666667,1
SGE003,2023-10-23,4.0,59.857142857142854,7.0,0.0,34.91666666666667,1
SGE007,2023-10-23,212.0,59.857142857142854,7.0,0.0,34.91666666666667,8
SGE009,2023-10-23,1.0,59.857142857142854,7.0,0.0,34.91666666666667,1
SGE013,2023-10-23,170.0,59.857142857142854,7.0,0.0,34.91666666666667,7
SGE014,2023-10-23,4.0,59.857142857142854,7.0,0.0,34.91666666666667,1
SGE017,2023-10-23,22.0,59.857142857142854,7.0,0.0,34.91666666666667,3
SGE018,2023-10-23,4.0,59.857142857142854,7.0,0.0,34.91666666666667,1
SPR002,2023-10-23,3.0,59.857142857142854,7.0,0.0,34.91666666666667,1
VIR008,2023-10-23,3.0,59.857142857142854,7.0,0.0,34.91666666666667,1
WAS001,2023-10-23,13.0,59.857142857142854,7.0,0.0,34.91666666666667,3
WAS002,2023-10-23,18.0,59.857142857142854,7.0,0.0,34.91666666666667,3
WAS008,2023-10-23,19.0,59.857142857142854,7.0,0.0,34.91666666666667,3
WAS009,2023-10-23,2.0,59.857142857142854,7.0,0.0,34.91666666666667,1
SCL004,2023-10-30,0.0,53.714285714285715,2.642857142857143,0.0,20.436904761904763,1
SGE003,2023-10-30,0.0,53.714285714285715,2.642857142857143,0.0,20.436904761904763,1
SGE007,2023-10-30,2.0,53.714285714285715,2.642857142857143,0.0,20.436904761904763,1
SGE009-2,2023-10-30,0.0,53.714285714285715,2.642857142857143,0.0,20.436904761904763,1
SGE013,2023-10-30,2.0,53.714285714285715,2.642857142857143,0.0,20.436904761904763,1
SGE014,2023-10-30,0.0,53.714285714285715,2.642857142857143,0.0,20.436904761904763,1
SGE017,2023-10-30,2.0,53.714285714285715,2.642857142857143,0.0,20.436904761904763,1
SGE018,2023-10-30,0.0,53.714285714285715,2.642857142857143,0.0,20.436904761904763,1
WAS002,2023-10-30,3.0,53.714285714285715,2.642857142857143,0.0,20.436904761904763,1
WAS008,2023-10-30,0.0,53.714285714285715,2.642857142857143,0.0,20.436904761904763,1
SCL001,2023-11-06,0.0,52.714285714285715,5.2,0.0014285714285714,30.332142857142856,1
SCL004,2023-11-06,12.0,52.714285714285715,5.2,0.0014285714285714,30.332142857142856,3
SGE003,2023-11-06,5.0,52.714285714285715,5.2,0.0014285714285714,30.332142857142856,1
SGE007,2023-11-06,3.0,52.714285714285715,5.2,0.0014285714285714,30.332142857142856,1
SGE009-2,2023-11-06,4.0,52.714285714285715,5.2,0.0014285714285714,30.332142857142856,1
SGE013,2023-11-06,83.0,52.714285714285715,5.2,0.0014285714285714,30.332142857142856,5
SGE014,2023-11-06,1.0,52.714285714285715,5.2,0.0014285714285714,30.332142857142856,1
SGE017,2023-11-06,45.0,52.714285714285715,5.2,0.0014285714285714,30.332142857142856,5
SGE018,2023-11-06,1.0,52.714285714285715,5.2,0.0014285714285714,30.332142857142856,1
WAS002,2023-11-06,4.0,52.714285714285715,5.2,0.0014285714285714,30.332142857142856,1
WAS008,2023-11-06,5.0,52.714285714285715,5.2,0.0014285714285714,30.332142857142856,1
WAS009,2023-11-06,18.0,52.714285714285715,5.2,0.0014285714285714,30.332142857142856,3
SCL001,2023-11-13,0.0,56.0,3.942857142857143,0.0499999999999999,57.82091836734694,1
SCL004,2023-11-13,0.0,56.0,3.942857142857143,0.0499999999999999,57.82091836734694,1
SGE003,2023-11-13,0.0,56.0,3.942857142857143,0.0499999999999999,57.82091836734694,1
SGE007,2023-11-13,1.0,56.0,3.942857142857143,0.0499999999999999,57.82091836734694,1
SGE009-2,2023-11-13,0.0,56.0,3.942857142857143,0.0499999999999999,57.82091836734694,1
SGE013,2023-11-13,7.0,56.0,3.942857142857143,0.0499999999999999,57.82091836734694,1
SGE014,2023-11-13,2.0,56.0,3.942857142857143,0.0499999999999999,57.82091836734694,1
SGE017,2023-11-13,15.0,56.0,3.942857142857143,0.0499999999999999,57.82091836734694,3
SGE018,2023-11-13,0.0,56.0,3.942857142857143,0.0499999999999999,57.82091836734694,1
WAS002,2023-11-13,1.0,56.0,3.942857142857143,0.0499999999999999,57.82091836734694,1
WAS008,2023-11-13,0.0,56.0,3.942857142857143,0.0499999999999999,57.82091836734694,1
WAS009,2023-11-13,7.0,56.0,3.942857142857143,0.0499999999999999,57.82091836734694,1
SCL001,2023-11-27,0.0,43.714285714285715,3.0142857142857147,0.0028571428571428,47.758589743589745,1
SCL004,2023-11-27,0.0,43.714285714285715,3.0142857142857147,0.0028571428571428,47.758589743589745,1
SGE003,2023-11-27,0.0,43.714285714285715,3.0142857142857147,0.0028571428571428,47.758589743589745,1
SGE007,2023-11-27,0.0,43.714285714285715,3.0142857142857147,0.0028571428571428,47.758589743589745,1
SGE009-2,2023-11-27,0.0,43.714285714285715,3.0142857142857147,0.0028571428571428,47.758589743589745,1
SGE013,2023-11-27,0.0,43.714285714285715,3.0142857142857147,0.0028571428571428,47.758589743589745,1
SGE014,2023-11-27,0.0,43.714285714285715,3.0142857142857147,0.0028571428571428,47.758589743589745,1
SGE017,2023-11-27,0.0,43.714285714285715,3.0142857142857147,0.0028571428571428,47.758589743589745,1
SGE018,2023-11-27,0.0,43.714285714285715,3.0142857142857147,0.0028571428571428,47.758589743589745,1
WAS002,2023-11-27,0.0,43.714285714285715,3.0142857142857147,0.0028571428571428,47.758589743589745,1
WAS008,2023-11-27,0.0,43.714285714285715,3.0142857142857147,0.0028571428571428,47.758589743589745,1
WAS009,2023-11-27,0.0,43.714285714285715,3.0142857142857147,0.0028571428571428,47.758589743589745,1
SCL004,2023-12-04,0.0,45.166666666666664,4.5,0.0,41.86904761904763,1
SGE003,2023-12-04,0.0,45.166666666666664,4.5,0.0,41.86904761904763,1
SGE007,2023-12-04,0.0,45.166666666666664,4.5,0.0,41.86904761904763,1
SGE013,2023-12-04,5.0,45.166666666666664,4.5,0.0,41.86904761904763,1
SGE017,2023-12-04,0.0,45.166666666666664,4.5,0.0,41.86904761904763,1
WAS002,2023-12-04,1.0,45.166666666666664,4.5,0.0,41.86904761904763,1
WAS008,2023-12-04,0.0,45.166666666666664,4.5,0.0,41.86904761904763,1
WAS009,2023-12-04,0.0,45.166666666666664,4.5,0.0,41.86904761904763,1
SGE013,2023-12-11,1.0,42.42857142857143,2.257142857142857,0.0,44.60016420361247,1
SGE017,2023-12-11,0.0,42.42857142857143,2.257142857142857,0.0,44.60016420361247,1
SGE007,2024-01-29,13.0,49.42857142857143,4.557142857142857,0.0742857142857142,71.11037963572527,3
SGE013,2024-01-29,34.0,49.42857142857143,4.557142857142857,0.0742857142857142,71.11037963572527,4
SGE017,2024-01-29,6.0,49.42857142857143,4.557142857142857,0.0742857142857142,71.11037963572527,1
WAS008,2024-01-29,4.0,49.42857142857143,4.557142857142857,0.0742857142857142,71.11037963572527,1
SGE007,2024-02-12,0.0,47.857142857142854,3.128571428571429,0.0,55.910714285714285,1
SGE013,2024-02-12,6.0,47.857142857142854,3.128571428571429,0.0,55.910714285714285,1
SGE017,2024-02-12,9.0,47.857142857142854,3.128571428571429,0.0,55.910714285714285,1
WAS008,2024-02-12,0.0,47.857142857142854,3.128571428571429,0.0,55.910714285714285,1
SGE007,2024-02-26,0.0,53.5,8.35,0.0,37.49815018315018,1
SGE013,2024-02-26,0.0,53.5,8.35,0.0,37.49815018315018,1
SGE017,2024-02-26,33.0,53.5,8.35,0.0,37.49815018315018,4
WAS008,2024-02-26,0.0,53.5,8.35,0.0,37.49815018315018,1
SCL004,2024-03-04,1.0,51.142857142857146,5.985714285714286,0.0014285714285714,40.279761904761905,1
SGE003,2024-03-04,4.0,51.142857142857146,5.985714285714286,0.0014285714285714,40.279761904761905,1
SGE013,2024-03-04,2.0,51.142857142857146,5.985714285714286,0.0014285714285714,40.279761904761905,1
SGE014,2024-03-04,2.0,51.142857142857146,5.985714285714286,0.0014285714285714,40.279761904761905,1
SGE017,2024-03-04,308.0,51.142857142857146,5.985714285714286,0.0014285714285714,40.279761904761905,9
WAS001,2024-03-04,2.0,51.142857142857146,5.985714285714286,0.0014285714285714,40.279761904761905,1
WAS002,2024-03-04,0.0,51.142857142857146,5.985714285714286,0.0014285714285714,40.279761904761905,1
WAS008,2024-03-04,2.0,51.142857142857146,5.985714285714286,0.0014285714285714,40.279761904761905,1
WAS011,2024-03-04,4.0,51.142857142857146,5.985714285714286,0.0014285714285714,40.279761904761905,1
SCL004,2024-03-11,2.0,51.42857142857143,7.971428571428571,0.0357142857142857,50.99309523809523,1
SGE003,2024-03-11,1.0,51.42857142857143,7.971428571428571,0.0357142857142857,50.99309523809523,1
SGE007,2024-03-11,6.0,51.42857142857143,7.971428571428571,0.0357142857142857,50.99309523809523,1
SGE013,2024-03-11,3.0,51.42857142857143,7.971428571428571,0.0357142857142857,50.99309523809523,1
SGE014,2024-03-11,0.0,51.42857142857143,7.971428571428571,0.0357142857142857,50.99309523809523,1
SGE017,2024-03-11,144.0,51.42857142857143,7.971428571428571,0.0357142857142857,50.99309523809523,7
WAS001,2024-03-11,3.0,51.42857142857143,7.971428571428571,0.0357142857142857,50.99309523809523,1
WAS002,2024-03-11,0.0,51.42857142857143,7.971428571428571,0.0357142857142857,50.99309523809523,1
WAS008,2024-03-11,1.0,51.42857142857143,7.971428571428571,0.0357142857142857,50.99309523809523,1
WAS011,2024-03-11,118.0,51.42857142857143,7.971428571428571,0.0357142857142857,50.99309523809523,6
SCL004,2024-03-18,0.0,57.285714285714285,7.514285714285714,0.02,44.37294871794872,1
SGE003,2024-03-18,4.0,57.285714285714285,7.514285714285714,0.02,44.37294871794872,1
SGE007,2024-03-18,11.0,57.285714285714285,7.514285714285714,0.02,44.37294871794872,2
SGE013,2024-03-18,5.0,57.285714285714285,7.514285714285714,0.02,44.37294871794872,1
SGE014,2024-03-18,2.0,57.285714285714285,7.514285714285714,0.02,44.37294871794872,1
SGE017,2024-03-18,463.0,57.285714285714285,7.514285714285714,0.02,44.37294871794872,10
WAS001,2024-03-18,1.0,57.285714285714285,7.514285714285714,0.02,44.37294871794872,1
WAS002,2024-03-18,1.0,57.285714285714285,7.514285714285714,0.02,44.37294871794872,1
WAS008,2024-03-18,4.0,57.285714285714285,7.514285714285714,0.02,44.37294871794872,1
WAS011,2024-03-18,151.0,57.285714285714285,7.514285714285714,0.02,44.37294871794872,7
SCL004,2024-03-25,2.0,53.0,7.314285714285714,0.0985714285714285,45.25018315018315,1
SGE003,2024-03-25,4.0,53.0,7.314285714285714,0.0985714285714285,45.25018315018315,1
SGE007,2024-03-25,25.0,53.0,7.314285714285714,0.0985714285714285,45.25018315018315,3
SGE013,2024-03-25,4.0,53.0,7.314285714285714,0.0985714285714285,45.25018315018315,1
SGE014,2024-03-25,0.0,53.0,7.314285714285714,0.0985714285714285,45.25018315018315,1
SGE017,2024-03-25,160.0,53.0,7.314285714285714,0.0985714285714285,45.25018315018315,7
WAS001,2024-03-25,2.0,53.0,7.314285714285714,0.0985714285714285,45.25018315018315,1
WAS002,2024-03-25,0.0,53.0,7.314285714285714,0.0985714285714285,45.25018315018315,1
WAS008,2024-03-25,2.0,53.0,7.314285714285714,0.0985714285714285,45.25018315018315,1
WAS011,2024-03-25,83.0,53.0,7.314285714285714,0.0985714285714285,45.25018315018315,5
SCL004,2024-04-01,6.0,54.142857142857146,8.714285714285714,0.0014285714285714,41.141666666666666,1
SGE003,2024-04-01,1.0,54.142857142857146,8.714285714285714,0.0014285714285714,41.141666666666666,1
SGE007,2024-04-01,14.0,54.142857142857146,8.714285714285714,0.0014285714285714,41.141666666666666,3
SGE013,2024-04-01,8.0,54.142857142857146,8.714285714285714,0.0014285714285714,41.141666666666666,1
SGE014,2024-04-01,6.0,54.142857142857146,8.714285714285714,0.0014285714285714,41.141666666666666,1
SGE017,2024-04-01,413.0,54.142857142857146,8.714285714285714,0.0014285714285714,41.141666666666666,10
WAS001,2024-04-01,3.0,54.142857142857146,8.714285714285714,0.0014285714285714,41.141666666666666,1
WAS002,2024-04-01,0.0,54.142857142857146,8.714285714285714,0.0014285714285714,41.141666666666666,1
WAS008,2024-04-01,0.0,54.142857142857146,8.714285714285714,0.0014285714285714,41.141666666666666,1
WAS011,2024-04-01,84.0,54.142857142857146,8.714285714285714,0.0014285714285714,41.141666666666666,5
SCL004,2024-04-08,1.0,62.285714285714285,8.414285714285715,0.0,24.654761904761905,1
SGE003,2024-04-08,1.0,62.285714285714285,8.414285714285715,0.0,24.654761904761905,1
SGE007,2024-04-08,28.0,62.285714285714285,8.414285714285715,0.0,24.654761904761905,3
SGE013,2024-04-08,2.0,62.285714285714285,8.414285714285715,0.0,24.654761904761905,1
SGE014,2024-04-08,0.0,62.285714285714285,8.414285714285715,0.0,24.654761904761905,1
SGE017,2024-04-08,111.0,62.285714285714285,8.414285714285715,0.0,24.654761904761905,6
WAS001,2024-04-08,1.0,62.285714285714285,8.414285714285715,0.0,24.654761904761905,1
WAS002,2024-04-08,0.0,62.285714285714285,8.414285714285715,0.0,24.654761904761905,1
WAS008,2024-04-08,4.0,62.285714285714285,8.414285714285715,0.0,24.654761904761905,1
WAS011,2024-04-08,31.0,62.285714285714285,8.414285714285715,0.0,24.654761904761905,4
SCL001,2024-04-15,1.0,65.83333333333333,5.8,0.0,26.298322981366457,1
SCL004,2024-04-15,1.0,65.83333333333333,5.8,0.0,26.298322981366457,1
SGE002,2024-04-15,0.0,65.83333333333333,5.8,0.0,26.298322981366457,1
SGE003,2024-04-15,4.0,65.83333333333333,5.8,0.0,26.298322981366457,1
SGE007,2024-04-15,22.0,65.83333333333333,5.8,0.0,26.298322981366457,3
SGE009-2,2024-04-15,0.0,65.83333333333333,5.8,0.0,26.298322981366457,1
SGE013,2024-04-15,23.0,65.83333333333333,5.8,0.0,26.298322981366457,3
SGE014,2024-04-15,5.0,65.83333333333333,5.8,0.0,26.298322981366457,1
SGE017,2024-04-15,929.0,65.83333333333333,5.8,0.0,26.298322981366457,10
WAS001,2024-04-15,10.0,65.83333333333333,5.8,0.0,26.298322981366457,1
WAS002,2024-04-15,0.0,65.83333333333333,5.8,0.0,26.298322981366457,1
WAS006,2024-04-15,7.0,65.83333333333333,5.8,0.0,26.298322981366457,1
WAS008,2024-04-15,4.0,65.83333333333333,5.8,0.0,26.298322981366457,1
WAS009,2024-04-15,8.0,65.83333333333333,5.8,0.0,26.298322981366457,1
WAS011,2024-04-15,93.0,65.83333333333333,5.8,0.0,26.298322981366457,6
SCL001,2024-04-22,10.0,66.28571428571429,8.985714285714286,0.0028571428571428,31.76738095238095,1
SCL004,2024-04-22,6.0,66.28571428571429,8.985714285714286,0.0028571428571428,31.76738095238095,1
SGE002,2024-04-22,0.0,66.28571428571429,8.985714285714286,0.0028571428571428,31.76738095238095,1
SGE003,2024-04-22,0.0,66.28571428571429,8.985714285714286,0.0028571428571428,31.76738095238095,1
SGE007,2024-04-22,56.0,66.28571428571429,8.985714285714286,0.0028571428571428,31.76738095238095,5
SGE009-2,2024-04-22,2.0,66.28571428571429,8.985714285714286,0.0028571428571428,31.76738095238095,1
SGE013,2024-04-22,60.0,66.28571428571429,8.985714285714286,0.0028571428571428,31.76738095238095,5
SGE014,2024-04-22,7.0,66.28571428571429,8.985714285714286,0.0028571428571428,31.76738095238095,1
SGE017,2024-04-22,535.0,66.28571428571429,8.985714285714286,0.0028571428571428,31.76738095238095,10
SPR002,2024-04-22,7.0,66.28571428571429,8.985714285714286,0.0028571428571428,31.76738095238095,1
VIR008,2024-04-22,4.0,66.28571428571429,8.985714285714286,0.0028571428571428,31.76738095238095,1
WAS001,2024-04-22,228.0,66.28571428571429,8.985714285714286,0.0028571428571428,31.76738095238095,8
WAS002,2024-04-22,1.0,66.28571428571429,8.985714285714286,0.0028571428571428,31.76738095238095,1
WAS006,2024-04-22,2.0,66.28571428571429,8.985714285714286,0.0028571428571428,31.76738095238095,1
WAS008,2024-04-22,6.0,66.28571428571429,8.985714285714286,0.0028571428571428,31.76738095238095,1
WAS009,2024-04-22,4.0,66.28571428571429,8.985714285714286,0.0028571428571428,31.76738095238095,1
WAS011,2024-04-22,221.0,66.28571428571429,8.985714285714286,0.0028571428571428,31.76738095238095,8
HUR007,2024-04-29,0.0,66.85714285714286,8.714285714285714,0.0014285714285714,22.073515406162464,1
SCL001,2024-04-29,9.0,66.85714285714286,8.714285714285714,0.0014285714285714,22.073515406162464,1
SCL004,2024-04-29,20.0,66.85714285714286,8.714285714285714,0.0014285714285714,22.073515406162464,3
SGE002,2024-04-29,1.0,66.85714285714286,8.714285714285714,0.0014285714285714,22.073515406162464,1
SGE003,2024-04-29,7.0,66.85714285714286,8.714285714285714,0.0014285714285714,22.073515406162464,1
SGE007,2024-04-29,55.0,66.85714285714286,8.714285714285714,0.0014285714285714,22.073515406162464,5
SGE009-2,2024-04-29,5.0,66.85714285714286,8.714285714285714,0.0014285714285714,22.073515406162464,1
SGE013,2024-04-29,80.0,66.85714285714286,8.714285714285714,0.0014285714285714,22.073515406162464,5
SGE014,2024-04-29,11.0,66.85714285714286,8.714285714285714,0.0014285714285714,22.073515406162464,2
SGE017,2024-04-29,261.0,66.85714285714286,8.714285714285714,0.0014285714285714,22.073515406162464,9
SPR002,2024-04-29,1.0,66.85714285714286,8.714285714285714,0.0014285714285714,22.073515406162464,1
VIR008,2024-04-29,1.0,66.85714285714286,8.714285714285714,0.0014285714285714,22.073515406162464,1
WAS001,2024-04-29,942.0,66.85714285714286,8.714285714285714,0.0014285714285714,22.073515406162464,10
WAS002,2024-04-29,4.0,66.85714285714286,8.714285714285714,0.0014285714285714,22.073515406162464,1
WAS006,2024-04-29,1.0,66.85714285714286,8.714285714285714,0.0014285714285714,22.073515406162464,1
WAS008,2024-04-29,14.0,66.85714285714286,8.714285714285714,0.0014285714285714,22.073515406162464,3
WAS009,2024-04-29,14.0,66.85714285714286,8.714285714285714,0.0014285714285714,22.073515406162464,3
WAS011,2024-04-29,82.0,66.85714285714286,8.714285714285714,0.0014285714285714,22.073515406162464,5
SCL001,2024-05-06,10.0,63.0,9.028571428571428,0.0014285714285714,27.168243793243793,1
SCL004,2024-05-06,5.0,63.0,9.028571428571428,0.0014285714285714,27.168243793243793,1
SGE002,2024-05-06,0.0,63.0,9.028571428571428,0.0014285714285714,27.168243793243793,1
SGE003,2024-05-06,3.0,63.0,9.028571428571428,0.0014285714285714,27.168243793243793,1
SGE007,2024-05-06,22.0,63.0,9.028571428571428,0.0014285714285714,27.168243793243793,3
SGE009-2,2024-05-06,33.0,63.0,9.028571428571428,0.0014285714285714,27.168243793243793,4
SGE013,2024-05-06,42.0,63.0,9.028571428571428,0.0014285714285714,27.168243793243793,4
SGE014,2024-05-06,3.0,63.0,9.028571428571428,0.0014285714285714,27.168243793243793,1
SGE017,2024-05-06,483.0,63.0,9.028571428571428,0.0014285714285714,27.168243793243793,10
SGE017-EX,2024-05-06,208.0,63.0,9.028571428571428,0.0014285714285714,27.168243793243793,8
VIR008,2024-05-06,0.0,63.0,9.028571428571428,0.0014285714285714,27.168243793243793,1
WAS001,2024-05-06,237.0,63.0,9.028571428571428,0.0014285714285714,27.168243793243793,8
WAS002,2024-05-06,3.0,63.0,9.028571428571428,0.0014285714285714,27.168243793243793,1
WAS008,2024-05-06,1.0,63.0,9.028571428571428,0.0014285714285714,27.168243793243793,1
WAS009,2024-05-06,4.0,63.0,9.028571428571428,0.0014285714285714,27.168243793243793,1
WAS011,2024-05-06,15.0,63.0,9.028571428571428,0.0014285714285714,27.168243793243793,3
HUR007,2024-05-13,1.0,77.14285714285714,8.071428571428571,0.0,18.19190476190476,1
LAV001,2024-05-13,9.0,77.14285714285714,8.071428571428571,0.0,18.19190476190476,1
SCL001,2024-05-13,26.0,77.14285714285714,8.071428571428571,0.0,18.19190476190476,3
SCL004,2024-05-13,26.0,77.14285714285714,8.071428571428571,0.0,18.19190476190476,3
SGE002,2024-05-13,2.0,77.14285714285714,8.071428571428571,0.0,18.19190476190476,1
SGE003,2024-05-13,16.0,77.14285714285714,8.071428571428571,0.0,18.19190476190476,3
SGE007,2024-05-13,60.0,77.14285714285714,8.071428571428571,0.0,18.19190476190476,5
SGE009-2,2024-05-13,12.0,77.14285714285714,8.071428571428571,0.0,18.19190476190476,3
SGE013,2024-05-13,104.0,77.14285714285714,8.071428571428571,0.0,18.19190476190476,6
SGE014,2024-05-13,22.0,77.14285714285714,8.071428571428571,0.0,18.19190476190476,3
SGE017,2024-05-13,685.0,77.14285714285714,8.071428571428571,0.0,18.19190476190476,10
SPR002,2024-05-13,5.0,77.14285714285714,8.071428571428571,0.0,18.19190476190476,1
VIR008,2024-05-13,5.0,77.14285714285714,8.071428571428571,0.0,18.19190476190476,1
WAS001,2024-05-13,215.0,77.14285714285714,8.071428571428571,0.0,18.19190476190476,8
WAS002,2024-05-13,85.0,77.14285714285714,8.071428571428571,0.0,18.19190476190476,5
WAS006,2024-05-13,5.0,77.14285714285714,8.071428571428571,0.0,18.19190476190476,1
WAS008,2024-05-13,34.0,77.14285714285714,8.071428571428571,0.0,18.19190476190476,4
WAS009,2024-05-13,21.0,77.14285714285714,8.071428571428571,0.0,18.19190476190476,3
WAS011,2024-05-13,180.0,77.14285714285714,8.071428571428571,0.0,18.19190476190476,7
Fire Lake-Test,2024-05-20,553.0,73.14285714285714,10.242857142857144,0.0,17.04390516890517,10
HAR001,2024-05-20,0.0,73.14285714285714,10.242857142857144,0.0,17.04390516890517,1
HUR009,2024-05-20,1.0,73.14285714285714,10.242857142857144,0.0,17.04390516890517,1
LAV001,2024-05-20,45.0,73.14285714285714,10.242857142857144,0.0,17.04390516890517,5
SCL001,2024-05-20,47.0,73.14285714285714,10.242857142857144,0.0,17.04390516890517,5
SCL004,2024-05-20,35.0,73.14285714285714,10.242857142857144,0.0,17.04390516890517,4
SGE002,2024-05-20,0.0,73.14285714285714,10.242857142857144,0.0,17.04390516890517,1
SGE003,2024-05-20,14.0,73.14285714285714,10.242857142857144,0.0,17.04390516890517,3
SGE007,2024-05-20,61.0,73.14285714285714,10.242857142857144,0.0,17.04390516890517,5
SGE009-2,2024-05-20,4.0,73.14285714285714,10.242857142857144,0.0,17.04390516890517,1
SGE013,2024-05-20,61.0,73.14285714285714,10.242857142857144,0.0,17.04390516890517,5
SGE014,2024-05-20,38.0,73.14285714285714,10.242857142857144,0.0,17.04390516890517,4
SGE017,2024-05-20,575.0,73.14285714285714,10.242857142857144,0.0,17.04390516890517,10
SPR002,2024-05-20,2.0,73.14285714285714,10.242857142857144,0.0,17.04390516890517,1
VIR008,2024-05-20,31.0,73.14285714285714,10.242857142857144,0.0,17.04390516890517,4
WAS001,2024-05-20,109.0,73.14285714285714,10.242857142857144,0.0,17.04390516890517,6
WAS002,2024-05-20,82.0,73.14285714285714,10.242857142857144,0.0,17.04390516890517,5
WAS008,2024-05-20,32.0,73.14285714285714,10.242857142857144,0.0,17.04390516890517,4
WAS009,2024-05-20,9.0,73.14285714285714,10.242857142857144,0.0,17.04390516890517,1
WAS011,2024-05-20,47.0,73.14285714285714,10.242857142857144,0.0,17.04390516890517,5
SCL001,2024-05-27,28.0,80.85714285714286,7.242857142857143,0.0,13.38095238095238,3
SCL004,2024-05-27,27.0,80.85714285714286,7.242857142857143,0.0,13.38095238095238,3
SGE002,2024-05-27,9.0,80.85714285714286,7.242857142857143,0.0,13.38095238095238,1
SGE003,2024-05-27,22.0,80.85714285714286,7.242857142857143,0.0,13.38095238095238,3
SGE007,2024-05-27,38.0,80.85714285714286,7.242857142857143,0.0,13.38095238095238,4
SGE009-2,2024-05-27,2.0,80.85714285714286,7.242857142857143,0.0,13.38095238095238,1
SGE013,2024-05-27,51.0,80.85714285714286,7.242857142857143,0.0,13.38095238095238,5
SGE014,2024-05-27,16.0,80.85714285714286,7.242857142857143,0.0,13.38095238095238,3
SGE017,2024-05-27,195.0,80.85714285714286,7.242857142857143,0.0,13.38095238095238,8
SGE017-EX,2024-05-27,958.0,80.85714285714286,7.242857142857143,0.0,13.38095238095238,10
SPR002,2024-05-27,3.0,80.85714285714286,7.242857142857143,0.0,13.38095238095238,1
VIR008,2024-05-27,12.0,80.85714285714286,7.242857142857143,0.0,13.38095238095238,3
WAS001,2024-05-27,258.0,80.85714285714286,7.242857142857143,0.0,13.38095238095238,9
WAS002,2024-05-27,575.0,80.85714285714286,7.242857142857143,0.0,13.38095238095238,10
WAS006,2024-05-27,1.0,80.85714285714286,7.242857142857143,0.0,13.38095238095238,1
WAS008,2024-05-27,24.0,80.85714285714286,7.242857142857143,0.0,13.38095238095238,3
WAS009,2024-05-27,21.0,80.85714285714286,7.242857142857143,0.0,13.38095238095238,3
WAS011,2024-05-27,60.0,80.85714285714286,7.242857142857143,0.0,13.38095238095238,5
HUR008,2024-06-03,28.0,87.71428571428571,7.357142857142857,0.0,15.773809523809522,3
HUR009,2024-06-03,6.0,87.71428571428571,7.357142857142857,0.0,15.773809523809522,1
IVI003,2024-06-03,1008.0,87.71428571428571,7.357142857142857,0.0,15.773809523809522,10
LAV001,2024-06-03,65.0,87.71428571428571,7.357142857142857,0.0,15.773809523809522,5
LEE003,2024-06-03,46.0,87.71428571428571,7.357142857142857,0.0,15.773809523809522,5
NHA002,2024-06-03,10.0,87.71428571428571,7.357142857142857,0.0,15.773809523809522,1
NHA003,2024-06-03,44.0,87.71428571428571,7.357142857142857,0.0,15.773809523809522,4
ROC004,2024-06-03,1.0,87.71428571428571,7.357142857142857,0.0,15.773809523809522,1
SCL001,2024-06-03,13.0,87.71428571428571,7.357142857142857,0.0,15.773809523809522,3
SCL004,2024-06-03,162.0,87.71428571428571,7.357142857142857,0.0,15.773809523809522,7
SCL005,2024-06-03,7.0,87.71428571428571,7.357142857142857,0.0,15.773809523809522,1
SGE002,2024-06-03,5.0,87.71428571428571,7.357142857142857,0.0,15.773809523809522,1
SGE003,2024-06-03,9.0,87.71428571428571,7.357142857142857,0.0,15.773809523809522,1
SGE007,2024-06-03,32.0,87.71428571428571,7.357142857142857,0.0,15.773809523809522,4
SGE009,2024-06-03,4.0,87.71428571428571,7.357142857142857,0.0,15.773809523809522,1
SGE009-2,2024-06-03,5.0,87.71428571428571,7.357142857142857,0.0,15.773809523809522,1
SGE013,2024-06-03,25.0,87.71428571428571,7.357142857142857,0.0,15.773809523809522,3
SGE014,2024-06-03,4.0,87.71428571428571,7.357142857142857,0.0,15.773809523809522,1
SGE015,2024-06-03,0.0,87.71428571428571,7.357142857142857,0.0,15.773809523809522,1
SGE016,2024-06-03,11.0,87.71428571428571,7.357142857142857,0.0,15.773809523809522,2
SGE017,2024-06-03,236.0,87.71428571428571,7.357142857142857,0.0,15.773809523809522,8
SGE018,2024-06-03,9.0,87.71428571428571,7.357142857142857,0.0,15.773809523809522,1
SPR002,2024-06-03,14.0,87.71428571428571,7.357142857142857,0.0,15.773809523809522,3
VIR008,2024-06-03,25.0,87.71428571428571,7.357142857142857,0.0,15.773809523809522,3
WAS001,2024-06-03,834.0,87.71428571428571,7.357142857142857,0.0,15.773809523809522,10
WAS002,2024-06-03,1471.0,87.71428571428571,7.357142857142857,0.0,15.773809523809522,10
WAS005,2024-06-03,2.0,87.71428571428571,7.357142857142857,0.0,15.773809523809522,1
WAS006,2024-06-03,6.0,87.71428571428571,7.357142857142857,0.0,15.773809523809522,1
WAS008,2024-06-03,45.0,87.71428571428571,7.357142857142857,0.0,15.773809523809522,5
WAS009,2024-06-03,15.0,87.71428571428571,7.357142857142857,0.0,15.773809523809522,3
HUR008,2024-06-10,11.0,87.16666666666667,7.233333333333334,0.0,11.62904761904762,2
HUR009,2024-06-10,15.0,87.16666666666667,7.233333333333334,0.0,11.62904761904762,3
IVI003,2024-06-10,94.0,87.16666666666667,7.233333333333334,0.0,11.62904761904762,6
LAV001,2024-06-10,45.0,87.16666666666667,7.233333333333334,0.0,11.62904761904762,5
LEE003,2024-06-10,17.0,87.16666666666667,7.233333333333334,0.0,11.62904761904762,3
NHA002,2024-06-10,14.0,87.16666666666667,7.233333333333334,0.0,11.62904761904762,3
NHA003,2024-06-10,29.0,87.16666666666667,7.233333333333334,0.0,11.62904761904762,3
SCL001,2024-06-10,5.0,87.16666666666667,7.233333333333334,0.0,11.62904761904762,1
SCL004,2024-06-10,81.0,87.16666666666667,7.233333333333334,0.0,11.62904761904762,5
SCL005,2024-06-10,1.0,87.16666666666667,7.233333333333334,0.0,11.62904761904762,1
SGE002,2024-06-10,7.0,87.16666666666667,7.233333333333334,0.0,11.62904761904762,1
SGE003,2024-06-10,14.0,87.16666666666667,7.233333333333334,0.0,11.62904761904762,3
SGE007,2024-06-10,9.0,87.16666666666667,7.233333333333334,0.0,11.62904761904762,1
SGE008-2,2024-06-10,2.0,87.16666666666667,7.233333333333334,0.0,11.62904761904762,1
SGE009,2024-06-10,1.0,87.16666666666667,7.233333333333334,0.0,11.62904761904762,1
SGE009-2,2024-06-10,2.0,87.16666666666667,7.233333333333334,0.0,11.62904761904762,1
SGE013,2024-06-10,13.0,87.16666666666667,7.233333333333334,0.0,11.62904761904762,3
SGE014,2024-06-10,30.0,87.16666666666667,7.233333333333334,0.0,11.62904761904762,3
SGE015,2024-06-10,5.0,87.16666666666667,7.233333333333334,0.0,11.62904761904762,1
SGE016,2024-06-10,13.0,87.16666666666667,7.233333333333334,0.0,11.62904761904762,3
SGE017,2024-06-10,89.0,87.16666666666667,7.233333333333334,0.0,11.62904761904762,5
SGE018,2024-06-10,19.0,87.16666666666667,7.233333333333334,0.0,11.62904761904762,3
SPR002,2024-06-10,10.0,87.16666666666667,7.233333333333334,0.0,11.62904761904762,1
VIR008,2024-06-10,18.0,87.16666666666667,7.233333333333334,0.0,11.62904761904762,3
WAS001,2024-06-10,277.0,87.16666666666667,7.233333333333334,0.0,11.62904761904762,9
WAS002,2024-06-10,159.0,87.16666666666667,7.233333333333334,0.0,11.62904761904762,7
WAS005,2024-06-10,0.0,87.16666666666667,7.233333333333334,0.0,11.62904761904762,1
WAS006,2024-06-10,7.0,87.16666666666667,7.233333333333334,0.0,11.62904761904762,1
WAS008,2024-06-10,9.0,87.16666666666667,7.233333333333334,0.0,11.62904761904762,1
WAS009,2024-06-10,15.0,87.16666666666667,7.233333333333334,0.0,11.62904761904762,3
APV001,2024-06-17,0.0,84.85714285714286,8.457142857142857,0.0,14.439814814814811,1
HIL002,2024-06-17,87.0,84.85714285714286,8.457142857142857,0.0,14.439814814814811,5
HUR008,2024-06-17,0.0,84.85714285714286,8.457142857142857,0.0,14.439814814814811,1
HUR009,2024-06-17,1.0,84.85714285714286,8.457142857142857,0.0,14.439814814814811,1
IVI003,2024-06-17,45.0,84.85714285714286,8.457142857142857,0.0,14.439814814814811,5
LAV001,2024-06-17,61.0,84.85714285714286,8.457142857142857,0.0,14.439814814814811,5
LEE003,2024-06-17,10.0,84.85714285714286,8.457142857142857,0.0,14.439814814814811,1
NHA002,2024-06-17,0.0,84.85714285714286,8.457142857142857,0.0,14.439814814814811,1
NHA003,2024-06-17,85.0,84.85714285714286,8.457142857142857,0.0,14.439814814814811,5
ROC004,2024-06-17,0.0,84.85714285714286,8.457142857142857,0.0,14.439814814814811,1
SCL001,2024-06-17,4.0,84.85714285714286,8.457142857142857,0.0,14.439814814814811,1
SCL004,2024-06-17,121.0,84.85714285714286,8.457142857142857,0.0,14.439814814814811,6
SCL005,2024-06-17,1.0,84.85714285714286,8.457142857142857,0.0,14.439814814814811,1
SGE002,2024-06-17,16.0,84.85714285714286,8.457142857142857,0.0,14.439814814814811,3
SGE003,2024-06-17,18.0,84.85714285714286,8.457142857142857,0.0,14.439814814814811,3
SGE007,2024-06-17,23.0,84.85714285714286,8.457142857142857,0.0,14.439814814814811,3
SGE008-2,2024-06-17,1.0,84.85714285714286,8.457142857142857,0.0,14.439814814814811,1
SGE009-2,2024-06-17,2.0,84.85714285714286,8.457142857142857,0.0,14.439814814814811,1
SGE013,2024-06-17,7.0,84.85714285714286,8.457142857142857,0.0,14.439814814814811,1
SGE014,2024-06-17,49.0,84.85714285714286,8.457142857142857,0.0,14.439814814814811,5
SGE016,2024-06-17,14.0,84.85714285714286,8.457142857142857,0.0,14.439814814814811,3
SGE017,2024-06-17,79.0,84.85714285714286,8.457142857142857,0.0,14.439814814814811,5
SGE018,2024-06-17,15.0,84.85714285714286,8.457142857142857,0.0,14.439814814814811,3
SPR002,2024-06-17,6.0,84.85714285714286,8.457142857142857,0.0,14.439814814814811,1
SR- HILDALE,2024-06-17,98.0,84.85714285714286,8.457142857142857,0.0,14.439814814814811,6
VIR008,2024-06-17,4.0,84.85714285714286,8.457142857142857,0.0,14.439814814814811,1
WAS001,2024-06-17,136.0,84.85714285714286,8.457142857142857,0.0,14.439814814814811,6
WAS002,2024-06-17,220.0,84.85714285714286,8.457142857142857,0.0,14.439814814814811,8
WAS005,2024-06-17,2.0,84.85714285714286,8.457142857142857,0.0,14.439814814814811,1
WAS006,2024-06-17,0.0,84.85714285714286,8.457142857142857,0.0,14.439814814814811,1
WAS008,2024-06-17,3.0,84.85714285714286,8.457142857142857,0.0,14.439814814814811,1
WAS009,2024-06-17,14.0,84.85714285714286,8.457142857142857,0.0,14.439814814814811,3
ENT003,2024-06-24,19.0,93.28571428571428,10.328571428571427,0.0,20.904099947671376,3
ENT004,2024-06-24,41.0,93.28571428571428,10.328571428571427,0.0,20.904099947671376,4
HUR007,2024-06-24,64.0,93.28571428571428,10.328571428571427,0.0,20.904099947671376,5
HUR008,2024-06-24,332.0,93.28571428571428,10.328571428571427,0.0,20.904099947671376,9
IVI003,2024-06-24,26.0,93.28571428571428,10.328571428571427,0.0,20.904099947671376,3
LAV001,2024-06-24,818.0,93.28571428571428,10.328571428571427,0.0,20.904099947671376,10
ROC004,2024-06-24,0.0,93.28571428571428,10.328571428571427,0.0,20.904099947671376,1
SCL001,2024-06-24,0.0,93.28571428571428,10.328571428571427,0.0,20.904099947671376,1
SCL004,2024-06-24,0.0,93.28571428571428,10.328571428571427,0.0,20.904099947671376,1
SCL005,2024-06-24,7.0,93.28571428571428,10.328571428571427,0.0,20.904099947671376,1
SGE002,2024-06-24,287.0,93.28571428571428,10.328571428571427,0.0,20.904099947671376,9
SGE003,2024-06-24,29.0,93.28571428571428,10.328571428571427,0.0,20.904099947671376,3
SGE007,2024-06-24,25.0,93.28571428571428,10.328571428571427,0.0,20.904099947671376,3
SGE008-2,2024-06-24,12.0,93.28571428571428,10.328571428571427,0.0,20.904099947671376,3
SGE009-2,2024-06-24,8.0,93.28571428571428,10.328571428571427,0.0,20.904099947671376,1
SGE013,2024-06-24,4.0,93.28571428571428,10.328571428571427,0.0,20.904099947671376,1
SGE014,2024-06-24,27.0,93.28571428571428,10.328571428571427,0.0,20.904099947671376,3
SGE015,2024-06-24,1.0,93.28571428571428,10.328571428571427,0.0,20.904099947671376,1
SGE016,2024-06-24,6.0,93.28571428571428,10.328571428571427,0.0,20.904099947671376,1
SGE017,2024-06-24,144.0,93.28571428571428,10.328571428571427,0.0,20.904099947671376,7
SGE018,2024-06-24,172.0,93.28571428571428,10.328571428571427,0.0,20.904099947671376,7
SPR002,2024-06-24,14.0,93.28571428571428,10.328571428571427,0.0,20.904099947671376,3
SR- ENT SPRG CRK,2024-06-24,3.0,93.28571428571428,10.328571428571427,0.0,20.904099947671376,1
VIR008,2024-06-24,11.0,93.28571428571428,10.328571428571427,0.0,20.904099947671376,2
WAS001,2024-06-24,236.0,93.28571428571428,10.328571428571427,0.0,20.904099947671376,8
WAS002,2024-06-24,312.0,93.28571428571428,10.328571428571427,0.0,20.904099947671376,9
WAS002-EX,2024-06-24,125.0,93.28571428571428,10.328571428571427,0.0,20.904099947671376,6
WAS005,2024-06-24,3.0,93.28571428571428,10.328571428571427,0.0,20.904099947671376,1
WAS006,2024-06-24,3.0,93.28571428571428,10.328571428571427,0.0,20.904099947671376,1
WAS008,2024-06-24,39.0,93.28571428571428,10.328571428571427,0.0,20.904099947671376,4
WAS009,2024-06-24,19.0,93.28571428571428,10.328571428571427,0.0,20.904099947671376,3
HUR008,2024-07-01,46.0,91.14285714285714,8.014285714285714,0.0,9.89452380952381,5
HUR009,2024-07-01,12.0,91.14285714285714,8.014285714285714,0.0,9.89452380952381,3
IVI003,2024-07-01,378.0,91.14285714285714,8.014285714285714,0.0,9.89452380952381,10
LEE003,2024-07-01,7.0,91.14285714285714,8.014285714285714,0.0,9.89452380952381,1
NHA002,2024-07-01,12.0,91.14285714285714,8.014285714285714,0.0,9.89452380952381,3
NHA003,2024-07-01,118.0,91.14285714285714,8.014285714285714,0.0,9.89452380952381,6
SCL001,2024-07-01,1.0,91.14285714285714,8.014285714285714,0.0,9.89452380952381,1
SCL004,2024-07-01,156.0,91.14285714285714,8.014285714285714,0.0,9.89452380952381,7
SCL005,2024-07-01,1.0,91.14285714285714,8.014285714285714,0.0,9.89452380952381,1
SGE002,2024-07-01,196.0,91.14285714285714,8.014285714285714,0.0,9.89452380952381,8
SGE003,2024-07-01,26.0,91.14285714285714,8.014285714285714,0.0,9.89452380952381,3
SGE007,2024-07-01,16.0,91.14285714285714,8.014285714285714,0.0,9.89452380952381,3
SGE008-2,2024-07-01,10.0,91.14285714285714,8.014285714285714,0.0,9.89452380952381,1
SGE009-2,2024-07-01,3.0,91.14285714285714,8.014285714285714,0.0,9.89452380952381,1
SGE013,2024-07-01,5.0,91.14285714285714,8.014285714285714,0.0,9.89452380952381,1
SGE014,2024-07-01,21.0,91.14285714285714,8.014285714285714,0.0,9.89452380952381,3
SGE015,2024-07-01,14.0,91.14285714285714,8.014285714285714,0.0,9.89452380952381,3
SGE016,2024-07-01,7.0,91.14285714285714,8.014285714285714,0.0,9.89452380952381,1
SGE017,2024-07-01,275.0,91.14285714285714,8.014285714285714,0.0,9.89452380952381,9
SGE018,2024-07-01,139.0,91.14285714285714,8.014285714285714,0.0,9.89452380952381,6
SPR002,2024-07-01,16.0,91.14285714285714,8.014285714285714,0.0,9.89452380952381,3
SR-176 Shadow Pt,2024-07-01,5.0,91.14285714285714,8.014285714285714,0.0,9.89452380952381,1
TOQ002,2024-07-01,1.0,91.14285714285714,8.014285714285714,0.0,9.89452380952381,1
VIR008,2024-07-01,9.0,91.14285714285714,8.014285714285714,0.0,9.89452380952381,1
WAS001,2024-07-01,141.0,91.14285714285714,8.014285714285714,0.0,9.89452380952381,6
WAS002,2024-07-01,180.0,91.14285714285714,8.014285714285714,0.0,9.89452380952381,7
WAS002-EX,2024-07-01,61.0,91.14285714285714,8.014285714285714,0.0,9.89452380952381,5
WAS005,2024-07-01,0.0,91.14285714285714,8.014285714285714,0.0,9.89452380952381,1
WAS006,2024-07-01,1.0,91.14285714285714,8.014285714285714,0.0,9.89452380952381,1
WAS008,2024-07-01,54.0,91.14285714285714,8.014285714285714,0.0,9.89452380952381,5
WAS009,2024-07-01,5.0,91.14285714285714,8.014285714285714,0.0,9.89452380952381,1
HUR008,2024-07-08,44.0,94.83333333333331,6.75,0.0016666666666666,13.818617724867725,4
HUR009,2024-07-08,8.0,94.83333333333331,6.75,0.0016666666666666,13.818617724867725,1
IVI003,2024-07-08,431.0,94.83333333333331,6.75,0.0016666666666666,13.818617724867725,10
ROC004,2024-07-08,0.0,94.83333333333331,6.75,0.0016666666666666,13.818617724867725,1
SCL001,2024-07-08,4.0,94.83333333333331,6.75,0.0016666666666666,13.818617724867725,1
SCL004,2024-07-08,127.0,94.83333333333331,6.75,0.0016666666666666,13.818617724867725,6
SCL005,2024-07-08,9.0,94.83333333333331,6.75,0.0016666666666666,13.818617724867725,1
SGE002,2024-07-08,171.0,94.83333333333331,6.75,0.0016666666666666,13.818617724867725,7
SGE003,2024-07-08,35.0,94.83333333333331,6.75,0.0016666666666666,13.818617724867725,4
SGE007,2024-07-08,15.0,94.83333333333331,6.75,0.0016666666666666,13.818617724867725,3
SGE008-2,2024-07-08,9.0,94.83333333333331,6.75,0.0016666666666666,13.818617724867725,1
SGE009-2,2024-07-08,6.0,94.83333333333331,6.75,0.0016666666666666,13.818617724867725,1
SGE013,2024-07-08,2.0,94.83333333333331,6.75,0.0016666666666666,13.818617724867725,1
SGE014,2024-07-08,24.0,94.83333333333331,6.75,0.0016666666666666,13.818617724867725,3
SGE015,2024-07-08,28.0,94.83333333333331,6.75,0.0016666666666666,13.818617724867725,3
SGE016,2024-07-08,19.0,94.83333333333331,6.75,0.0016666666666666,13.818617724867725,3
SGE017,2024-07-08,324.0,94.83333333333331,6.75,0.0016666666666666,13.818617724867725,9
SGE018,2024-07-08,60.0,94.83333333333331,6.75,0.0016666666666666,13.818617724867725,5
SPR002,2024-07-08,13.0,94.83333333333331,6.75,0.0016666666666666,13.818617724867725,3
SR-54 Shadow Mtn,2024-07-08,64.0,94.83333333333331,6.75,0.0016666666666666,13.818617724867725,5
VIR008,2024-07-08,11.0,94.83333333333331,6.75,0.0016666666666666,13.818617724867725,2
WAS001,2024-07-08,116.0,94.83333333333331,6.75,0.0016666666666666,13.818617724867725,6
WAS002,2024-07-08,46.0,94.83333333333331,6.75,0.0016666666666666,13.818617724867725,5
WAS002-EX,2024-07-08,45.0,94.83333333333331,6.75,0.0016666666666666,13.818617724867725,5
WAS005,2024-07-08,2.0,94.83333333333331,6.75,0.0016666666666666,13.818617724867725,1
WAS006,2024-07-08,1.0,94.83333333333331,6.75,0.0016666666666666,13.818617724867725,1
WAS008,2024-07-08,110.0,94.83333333333331,6.75,0.0016666666666666,13.818617724867725,6
WAS009,2024-07-08,1.0,94.83333333333331,6.75,0.0016666666666666,13.818617724867725,1
HUR008,2024-07-15,17.0,93.33333333333331,8.114285714285714,0.0157142857142857,25.9735557299843,3
IVI003,2024-07-15,32.0,93.33333333333331,8.114285714285714,0.0157142857142857,25.9735557299843,4
LAV001,2024-07-15,111.0,93.33333333333331,8.114285714285714,0.0157142857142857,25.9735557299843,6
LEE003,2024-07-15,4.0,93.33333333333331,8.114285714285714,0.0157142857142857,25.9735557299843,1
ROC004,2024-07-15,0.0,93.33333333333331,8.114285714285714,0.0157142857142857,25.9735557299843,1
SCL001,2024-07-15,3.0,93.33333333333331,8.114285714285714,0.0157142857142857,25.9735557299843,1
SCL004,2024-07-15,91.0,93.33333333333331,8.114285714285714,0.0157142857142857,25.9735557299843,5
SCL005,2024-07-15,21.0,93.33333333333331,8.114285714285714,0.0157142857142857,25.9735557299843,3
SGE002,2024-07-15,177.0,93.33333333333331,8.114285714285714,0.0157142857142857,25.9735557299843,7
SGE003,2024-07-15,42.0,93.33333333333331,8.114285714285714,0.0157142857142857,25.9735557299843,4
SGE007,2024-07-15,3.0,93.33333333333331,8.114285714285714,0.0157142857142857,25.9735557299843,1
SGE008-2,2024-07-15,10.0,93.33333333333331,8.114285714285714,0.0157142857142857,25.9735557299843,1
SGE009-2,2024-07-15,13.0,93.33333333333331,8.114285714285714,0.0157142857142857,25.9735557299843,3
SGE013,2024-07-15,9.0,93.33333333333331,8.114285714285714,0.0157142857142857,25.9735557299843,1
SGE014,2024-07-15,1.0,93.33333333333331,8.114285714285714,0.0157142857142857,25.9735557299843,1
SGE015,2024-07-15,9.0,93.33333333333331,8.114285714285714,0.0157142857142857,25.9735557299843,1
SGE016,2024-07-15,18.0,93.33333333333331,8.114285714285714,0.0157142857142857,25.9735557299843,3
SGE017,2024-07-15,54.0,93.33333333333331,8.114285714285714,0.0157142857142857,25.9735557299843,5
SGE018,2024-07-15,245.0,93.33333333333331,8.114285714285714,0.0157142857142857,25.9735557299843,9
SPR002,2024-07-15,10.0,93.33333333333331,8.114285714285714,0.0157142857142857,25.9735557299843,1
SR-54 Shadow Mtn,2024-07-15,36.0,93.33333333333331,8.114285714285714,0.0157142857142857,25.9735557299843,4
SR-Mule Field,2024-07-15,38.0,93.33333333333331,8.114285714285714,0.0157142857142857,25.9735557299843,4
VIR008,2024-07-15,21.0,93.33333333333331,8.114285714285714,0.0157142857142857,25.9735557299843,3
WAS001,2024-07-15,89.0,93.33333333333331,8.114285714285714,0.0157142857142857,25.9735557299843,5
WAS002,2024-07-15,82.0,93.33333333333331,8.114285714285714,0.0157142857142857,25.9735557299843,5
WAS002-EX,2024-07-15,70.0,93.33333333333331,8.114285714285714,0.0157142857142857,25.9735557299843,5
WAS005,2024-07-15,2.0,93.33333333333331,8.114285714285714,0.0157142857142857,25.9735557299843,1
WAS006,2024-07-15,0.0,93.33333333333331,8.114285714285714,0.0157142857142857,25.9735557299843,1
WAS008,2024-07-15,86.0,93.33333333333331,8.114285714285714,0.0157142857142857,25.9735557299843,5
WAS009,2024-07-15,5.0,93.33333333333331,8.114285714285714,0.0157142857142857,25.9735557299843,1
HUR008,2024-07-22,37.0,92.28571428571428,8.785714285714286,0.0128571428571428,23.47459968602826,4
HUR009,2024-07-22,2.0,92.28571428571428,8.785714285714286,0.0128571428571428,23.47459968602826,1
IVI003,2024-07-22,56.0,92.28571428571428,8.785714285714286,0.0128571428571428,23.47459968602826,5
LAV001,2024-07-22,110.0,92.28571428571428,8.785714285714286,0.0128571428571428,23.47459968602826,6
LEE003,2024-07-22,7.0,92.28571428571428,8.785714285714286,0.0128571428571428,23.47459968602826,1
NHA003,2024-07-22,23.0,92.28571428571428,8.785714285714286,0.0128571428571428,23.47459968602826,3
ROC004,2024-07-22,0.0,92.28571428571428,8.785714285714286,0.0128571428571428,23.47459968602826,1
SCL001,2024-07-22,4.0,92.28571428571428,8.785714285714286,0.0128571428571428,23.47459968602826,1
SCL004,2024-07-22,13.0,92.28571428571428,8.785714285714286,0.0128571428571428,23.47459968602826,3
SCL005,2024-07-22,13.0,92.28571428571428,8.785714285714286,0.0128571428571428,23.47459968602826,3
SGE002,2024-07-22,204.0,92.28571428571428,8.785714285714286,0.0128571428571428,23.47459968602826,8
SGE003,2024-07-22,25.0,92.28571428571428,8.785714285714286,0.0128571428571428,23.47459968602826,3
SGE007,2024-07-22,0.0,92.28571428571428,8.785714285714286,0.0128571428571428,23.47459968602826,1
SGE008-2,2024-07-22,1.0,92.28571428571428,8.785714285714286,0.0128571428571428,23.47459968602826,1
SGE009-2,2024-07-22,10.0,92.28571428571428,8.785714285714286,0.0128571428571428,23.47459968602826,1
SGE013,2024-07-22,0.0,92.28571428571428,8.785714285714286,0.0128571428571428,23.47459968602826,1
SGE014,2024-07-22,0.0,92.28571428571428,8.785714285714286,0.0128571428571428,23.47459968602826,1
SGE015,2024-07-22,8.0,92.28571428571428,8.785714285714286,0.0128571428571428,23.47459968602826,1
SGE016,2024-07-22,17.0,92.28571428571428,8.785714285714286,0.0128571428571428,23.47459968602826,3
SGE017,2024-07-22,66.0,92.28571428571428,8.785714285714286,0.0128571428571428,23.47459968602826,5
SGE018,2024-07-22,28.0,92.28571428571428,8.785714285714286,0.0128571428571428,23.47459968602826,3
SPR002,2024-07-22,14.0,92.28571428571428,8.785714285714286,0.0128571428571428,23.47459968602826,3
SR-176 Shadow Pt,2024-07-22,29.0,92.28571428571428,8.785714285714286,0.0128571428571428,23.47459968602826,3
VIR008,2024-07-22,11.0,92.28571428571428,8.785714285714286,0.0128571428571428,23.47459968602826,2
WAS001,2024-07-22,26.0,92.28571428571428,8.785714285714286,0.0128571428571428,23.47459968602826,3
WAS002,2024-07-22,19.0,92.28571428571428,8.785714285714286,0.0128571428571428,23.47459968602826,3
WAS002-EX,2024-07-22,14.0,92.28571428571428,8.785714285714286,0.0128571428571428,23.47459968602826,3
WAS005,2024-07-22,3.0,92.28571428571428,8.785714285714286,0.0128571428571428,23.47459968602826,1
WAS006,2024-07-22,4.0,92.28571428571428,8.785714285714286,0.0128571428571428,23.47459968602826,1
WAS008,2024-07-22,34.0,92.28571428571428,8.785714285714286,0.0128571428571428,23.47459968602826,4
WAS009,2024-07-22,5.0,92.28571428571428,8.785714285714286,0.0128571428571428,23.47459968602826,1
APV001,2024-07-29,6.0,89.28571428571429,6.885714285714286,0.0014285714285714,19.722930402930405,1
HIL002,2024-07-29,52.0,89.28571428571429,6.885714285714286,0.0014285714285714,19.722930402930405,5
HUR008,2024-07-29,21.0,89.28571428571429,6.885714285714286,0.0014285714285714,19.722930402930405,3
HUR009,2024-07-29,34.0,89.28571428571429,6.885714285714286,0.0014285714285714,19.722930402930405,4
IVI003,2024-07-29,11.0,89.28571428571429,6.885714285714286,0.0014285714285714,19.722930402930405,2
LAV001,2024-07-29,68.0,89.28571428571429,6.885714285714286,0.0014285714285714,19.722930402930405,5
LEE003,2024-07-29,0.0,89.28571428571429,6.885714285714286,0.0014285714285714,19.722930402930405,1
NHA003,2024-07-29,32.0,89.28571428571429,6.885714285714286,0.0014285714285714,19.722930402930405,4
ROC004,2024-07-29,0.0,89.28571428571429,6.885714285714286,0.0014285714285714,19.722930402930405,1
SCL001,2024-07-29,1.0,89.28571428571429,6.885714285714286,0.0014285714285714,19.722930402930405,1
SCL004,2024-07-29,40.0,89.28571428571429,6.885714285714286,0.0014285714285714,19.722930402930405,4
SCL005,2024-07-29,4.0,89.28571428571429,6.885714285714286,0.0014285714285714,19.722930402930405,1
SGE002,2024-07-29,138.0,89.28571428571429,6.885714285714286,0.0014285714285714,19.722930402930405,6
SGE003,2024-07-29,16.0,89.28571428571429,6.885714285714286,0.0014285714285714,19.722930402930405,3
SGE007,2024-07-29,2.0,89.28571428571429,6.885714285714286,0.0014285714285714,19.722930402930405,1
SGE008-2,2024-07-29,4.0,89.28571428571429,6.885714285714286,0.0014285714285714,19.722930402930405,1
SGE009-2,2024-07-29,2.0,89.28571428571429,6.885714285714286,0.0014285714285714,19.722930402930405,1
SGE013,2024-07-29,4.0,89.28571428571429,6.885714285714286,0.0014285714285714,19.722930402930405,1
SGE014,2024-07-29,4.0,89.28571428571429,6.885714285714286,0.0014285714285714,19.722930402930405,1
SGE015,2024-07-29,6.0,89.28571428571429,6.885714285714286,0.0014285714285714,19.722930402930405,1
SGE016,2024-07-29,15.0,89.28571428571429,6.885714285714286,0.0014285714285714,19.722930402930405,3
SGE017,2024-07-29,117.0,89.28571428571429,6.885714285714286,0.0014285714285714,19.722930402930405,6
SGE018,2024-07-29,9.0,89.28571428571429,6.885714285714286,0.0014285714285714,19.722930402930405,1
SPR002,2024-07-29,10.0,89.28571428571429,6.885714285714286,0.0014285714285714,19.722930402930405,1
SR-176 Shadow Pt,2024-07-29,63.0,89.28571428571429,6.885714285714286,0.0014285714285714,19.722930402930405,5
SR-54 Shadow Mtn,2024-07-29,31.0,89.28571428571429,6.885714285714286,0.0014285714285714,19.722930402930405,4
SR-Judy's Pond,2024-07-29,51.0,89.28571428571429,6.885714285714286,0.0014285714285714,19.722930402930405,5
VIR008,2024-07-29,6.0,89.28571428571429,6.885714285714286,0.0014285714285714,19.722930402930405,1
WAS001,2024-07-29,10.0,89.28571428571429,6.885714285714286,0.0014285714285714,19.722930402930405,1
WAS002,2024-07-29,17.0,89.28571428571429,6.885714285714286,0.0014285714285714,19.722930402930405,3
WAS005,2024-07-29,7.0,89.28571428571429,6.885714285714286,0.0014285714285714,19.722930402930405,1
WAS006,2024-07-29,1.0,89.28571428571429,6.885714285714286,0.0014285714285714,19.722930402930405,1
WAS008,2024-07-29,16.0,89.28571428571429,6.885714285714286,0.0014285714285714,19.722930402930405,3
WAS009,2024-07-29,5.0,89.28571428571429,6.885714285714286,0.0014285714285714,19.722930402930405,1
HUR008,2024-08-05,45.0,92.57142857142856,9.171428571428573,0.0042857142857142,29.69610016420361,5
HUR009,2024-08-05,24.0,92.57142857142856,9.171428571428573,0.0042857142857142,29.69610016420361,3
IVI003,2024-08-05,64.0,92.57142857142856,9.171428571428573,0.0042857142857142,29.69610016420361,5
LAV001,2024-08-05,105.0,92.57142857142856,9.171428571428573,0.0042857142857142,29.69610016420361,6
ROC004,2024-08-05,0.0,92.57142857142856,9.171428571428573,0.0042857142857142,29.69610016420361,1
SCL001,2024-08-05,6.0,92.57142857142856,9.171428571428573,0.0042857142857142,29.69610016420361,1
SCL004,2024-08-05,86.0,92.57142857142856,9.171428571428573,0.0042857142857142,29.69610016420361,5
SCL005,2024-08-05,20.0,92.57142857142856,9.171428571428573,0.0042857142857142,29.69610016420361,3
SGE002,2024-08-05,118.0,92.57142857142856,9.171428571428573,0.0042857142857142,29.69610016420361,6
SGE003,2024-08-05,83.0,92.57142857142856,9.171428571428573,0.0042857142857142,29.69610016420361,5
SGE007,2024-08-05,0.0,92.57142857142856,9.171428571428573,0.0042857142857142,29.69610016420361,1
SGE008-2,2024-08-05,4.0,92.57142857142856,9.171428571428573,0.0042857142857142,29.69610016420361,1
SGE009-2,2024-08-05,2.0,92.57142857142856,9.171428571428573,0.0042857142857142,29.69610016420361,1
SGE013,2024-08-05,10.0,92.57142857142856,9.171428571428573,0.0042857142857142,29.69610016420361,1
SGE014,2024-08-05,5.0,92.57142857142856,9.171428571428573,0.0042857142857142,29.69610016420361,1
SGE015,2024-08-05,6.0,92.57142857142856,9.171428571428573,0.0042857142857142,29.69610016420361,1
SGE016,2024-08-05,20.0,92.57142857142856,9.171428571428573,0.0042857142857142,29.69610016420361,3
SGE017,2024-08-05,55.0,92.57142857142856,9.171428571428573,0.0042857142857142,29.69610016420361,5
SGE018,2024-08-05,51.0,92.57142857142856,9.171428571428573,0.0042857142857142,29.69610016420361,5
SPR002,2024-08-05,13.0,92.57142857142856,9.171428571428573,0.0042857142857142,29.69610016420361,3
SR-176 Shadow Pt,2024-08-05,57.0,92.57142857142856,9.171428571428573,0.0042857142857142,29.69610016420361,5
SR-54 Shadow Mtn,2024-08-05,292.0,92.57142857142856,9.171428571428573,0.0042857142857142,29.69610016420361,9
VIR008,2024-08-05,15.0,92.57142857142856,9.171428571428573,0.0042857142857142,29.69610016420361,3
WAS001,2024-08-05,10.0,92.57142857142856,9.171428571428573,0.0042857142857142,29.69610016420361,1
WAS002,2024-08-05,21.0,92.57142857142856,9.171428571428573,0.0042857142857142,29.69610016420361,3
WAS005,2024-08-05,5.0,92.57142857142856,9.171428571428573,0.0042857142857142,29.69610016420361,1
WAS006,2024-08-05,3.0,92.57142857142856,9.171428571428573,0.0042857142857142,29.69610016420361,1
WAS008,2024-08-05,48.0,92.57142857142856,9.171428571428573,0.0042857142857142,29.69610016420361,5
WAS009,2024-08-05,3.0,92.57142857142856,9.171428571428573,0.0042857142857142,29.69610016420361,1
HAR001,2024-08-12,0.0,87.85714285714286,8.985714285714286,0.1757142857142857,30.477727193099245,1
HUR007,2024-08-12,5.0,87.85714285714286,8.985714285714286,0.1757142857142857,30.477727193099245,1
HUR008,2024-08-12,14.0,87.85714285714286,8.985714285714286,0.1757142857142857,30.477727193099245,3
HUR009,2024-08-12,58.0,87.85714285714286,8.985714285714286,0.1757142857142857,30.477727193099245,5
IVI003,2024-08-12,63.0,87.85714285714286,8.985714285714286,0.1757142857142857,30.477727193099245,5
LAV001,2024-08-12,219.0,87.85714285714286,8.985714285714286,0.1757142857142857,30.477727193099245,8
NHA003,2024-08-12,15.0,87.85714285714286,8.985714285714286,0.1757142857142857,30.477727193099245,3
ROC004,2024-08-12,1.0,87.85714285714286,8.985714285714286,0.1757142857142857,30.477727193099245,1
SCL001,2024-08-12,4.0,87.85714285714286,8.985714285714286,0.1757142857142857,30.477727193099245,1
SCL004,2024-08-12,9.0,87.85714285714286,8.985714285714286,0.1757142857142857,30.477727193099245,1
SCL005,2024-08-12,40.0,87.85714285714286,8.985714285714286,0.1757142857142857,30.477727193099245,4
SGE002,2024-08-12,67.0,87.85714285714286,8.985714285714286,0.1757142857142857,30.477727193099245,5
SGE003,2024-08-12,125.0,87.85714285714286,8.985714285714286,0.1757142857142857,30.477727193099245,6
SGE007,2024-08-12,2.0,87.85714285714286,8.985714285714286,0.1757142857142857,30.477727193099245,1
SGE008-2,2024-08-12,7.0,87.85714285714286,8.985714285714286,0.1757142857142857,30.477727193099245,1
SGE009-2,2024-08-12,2.0,87.85714285714286,8.985714285714286,0.1757142857142857,30.477727193099245,1
SGE013,2024-08-12,9.0,87.85714285714286,8.985714285714286,0.1757142857142857,30.477727193099245,1
SGE014,2024-08-12,5.0,87.85714285714286,8.985714285714286,0.1757142857142857,30.477727193099245,1
SGE015,2024-08-12,3.0,87.85714285714286,8.985714285714286,0.1757142857142857,30.477727193099245,1
SGE016,2024-08-12,15.0,87.85714285714286,8.985714285714286,0.1757142857142857,30.477727193099245,3
SGE017,2024-08-12,157.0,87.85714285714286,8.985714285714286,0.1757142857142857,30.477727193099245,7
SGE018,2024-08-12,12.0,87.85714285714286,8.985714285714286,0.1757142857142857,30.477727193099245,3
SPR002,2024-08-12,4.0,87.85714285714286,8.985714285714286,0.1757142857142857,30.477727193099245,1
SR-159 Shadow Pt,2024-08-12,6.0,87.85714285714286,8.985714285714286,0.1757142857142857,30.477727193099245,1
SR-176 Shadow Pt,2024-08-12,58.0,87.85714285714286,8.985714285714286,0.1757142857142857,30.477727193099245,5
SR-54 Shadow Mtn,2024-08-12,99.0,87.85714285714286,8.985714285714286,0.1757142857142857,30.477727193099245,6
VIR008,2024-08-12,9.0,87.85714285714286,8.985714285714286,0.1757142857142857,30.477727193099245,1
WAS001,2024-08-12,1.0,87.85714285714286,8.985714285714286,0.1757142857142857,30.477727193099245,1
WAS002,2024-08-12,18.0,87.85714285714286,8.985714285714286,0.1757142857142857,30.477727193099245,3
WAS005,2024-08-12,5.0,87.85714285714286,8.985714285714286,0.1757142857142857,30.477727193099245,1
WAS006,2024-08-12,1.0,87.85714285714286,8.985714285714286,0.1757142857142857,30.477727193099245,1
WAS008,2024-08-12,29.0,87.85714285714286,8.985714285714286,0.1757142857142857,30.477727193099245,3
WAS009,2024-08-12,2.0,87.85714285714286,8.985714285714286,0.1757142857142857,30.477727193099245,1
HUR007,2024-08-19,2.0,84.71428571428571,11.157142857142857,0.0157142857142857,33.32709638209638,1
HUR008,2024-08-19,6.0,84.71428571428571,11.157142857142857,0.0157142857142857,33.32709638209638,1
HUR009,2024-08-19,88.0,84.71428571428571,11.157142857142857,0.0157142857142857,33.32709638209638,5
IVI003,2024-08-19,20.0,84.71428571428571,11.157142857142857,0.0157142857142857,33.32709638209638,3
LAV001,2024-08-19,149.0,84.71428571428571,11.157142857142857,0.0157142857142857,33.32709638209638,7
SCL001,2024-08-19,0.0,84.71428571428571,11.157142857142857,0.0157142857142857,33.32709638209638,1
SCL004,2024-08-19,34.0,84.71428571428571,11.157142857142857,0.0157142857142857,33.32709638209638,4
SCL005,2024-08-19,10.0,84.71428571428571,11.157142857142857,0.0157142857142857,33.32709638209638,1
SGE002,2024-08-19,30.0,84.71428571428571,11.157142857142857,0.0157142857142857,33.32709638209638,3
SGE003,2024-08-19,37.0,84.71428571428571,11.157142857142857,0.0157142857142857,33.32709638209638,4
SGE007,2024-08-19,0.0,84.71428571428571,11.157142857142857,0.0157142857142857,33.32709638209638,1
SGE008-2,2024-08-19,0.0,84.71428571428571,11.157142857142857,0.0157142857142857,33.32709638209638,1
SGE009-2,2024-08-19,1.0,84.71428571428571,11.157142857142857,0.0157142857142857,33.32709638209638,1
SGE013,2024-08-19,19.0,84.71428571428571,11.157142857142857,0.0157142857142857,33.32709638209638,3
SGE014,2024-08-19,1.0,84.71428571428571,11.157142857142857,0.0157142857142857,33.32709638209638,1
SGE015,2024-08-19,2.0,84.71428571428571,11.157142857142857,0.0157142857142857,33.32709638209638,1
SGE016,2024-08-19,15.0,84.71428571428571,11.157142857142857,0.0157142857142857,33.32709638209638,3
SGE017,2024-08-19,78.0,84.71428571428571,11.157142857142857,0.0157142857142857,33.32709638209638,5
SGE018,2024-08-19,4.0,84.71428571428571,11.157142857142857,0.0157142857142857,33.32709638209638,1
SPR002,2024-08-19,7.0,84.71428571428571,11.157142857142857,0.0157142857142857,33.32709638209638,1
SR-159 Shadow Pt,2024-08-19,19.0,84.71428571428571,11.157142857142857,0.0157142857142857,33.32709638209638,3
SR-176 Shadow Pt,2024-08-19,70.0,84.71428571428571,11.157142857142857,0.0157142857142857,33.32709638209638,5
SR-54 Shadow Mtn,2024-08-19,115.0,84.71428571428571,11.157142857142857,0.0157142857142857,33.32709638209638,6
VIR008,2024-08-19,9.0,84.71428571428571,11.157142857142857,0.0157142857142857,33.32709638209638,1
WAS001,2024-08-19,2.0,84.71428571428571,11.157142857142857,0.0157142857142857,33.32709638209638,1
WAS002,2024-08-19,8.0,84.71428571428571,11.157142857142857,0.0157142857142857,33.32709638209638,1
WAS005,2024-08-19,12.0,84.71428571428571,11.157142857142857,0.0157142857142857,33.32709638209638,3
WAS006,2024-08-19,1.0,84.71428571428571,11.157142857142857,0.0157142857142857,33.32709638209638,1
WAS008,2024-08-19,14.0,84.71428571428571,11.157142857142857,0.0157142857142857,33.32709638209638,3
WAS009,2024-08-19,6.0,84.71428571428571,11.157142857142857,0.0157142857142857,33.32709638209638,1
HUR007,2024-08-26,110.0,81.25,4.375,0.0,20.93376811594203,6
HUR008,2024-08-26,10.0,81.25,4.375,0.0,20.93376811594203,1
IVI003,2024-08-26,27.0,81.25,4.375,0.0,20.93376811594203,3
LAV001,2024-08-26,101.0,81.25,4.375,0.0,20.93376811594203,6
ROC004,2024-08-26,1.0,81.25,4.375,0.0,20.93376811594203,1
SCL001,2024-08-26,4.0,81.25,4.375,0.0,20.93376811594203,1
SCL004,2024-08-26,8.0,81.25,4.375,0.0,20.93376811594203,1
SCL005,2024-08-26,3.0,81.25,4.375,0.0,20.93376811594203,1
SGE002,2024-08-26,1.0,81.25,4.375,0.0,20.93376811594203,1
SGE003,2024-08-26,16.0,81.25,4.375,0.0,20.93376811594203,3
SGE007,2024-08-26,8.0,81.25,4.375,0.0,20.93376811594203,1
SGE008-2,2024-08-26,14.0,81.25,4.375,0.0,20.93376811594203,3
SGE009-2,2024-08-26,5.0,81.25,4.375,0.0,20.93376811594203,1
SGE013,2024-08-26,2.0,81.25,4.375,0.0,20.93376811594203,1
SGE014,2024-08-26,4.0,81.25,4.375,0.0,20.93376811594203,1
SGE015,2024-08-26,10.0,81.25,4.375,0.0,20.93376811594203,1
SGE016,2024-08-26,3.0,81.25,4.375,0.0,20.93376811594203,1
SGE017,2024-08-26,324.0,81.25,4.375,0.0,20.93376811594203,9
SGE018,2024-08-26,5.0,81.25,4.375,0.0,20.93376811594203,1
SPR002,2024-08-26,8.0,81.25,4.375,0.0,20.93376811594203,1
SR- 54 Shadow Mtn,2024-08-26,99.0,81.25,4.375,0.0,20.93376811594203,6
SR-1042 W. 100 N. Shadow MTN,2024-08-26,5.0,81.25,4.375,0.0,20.93376811594203,1
SR-159 Shadow Pt,2024-08-26,12.0,81.25,4.375,0.0,20.93376811594203,3
SR-176 Shadow Pt Lori Jennings,2024-08-26,152.0,81.25,4.375,0.0,20.93376811594203,7
SR-176 Shadow Pt.,2024-08-26,99.0,81.25,4.375,0.0,20.93376811594203,6
SR-54 Shadow Mtn Brown,2024-08-26,196.0,81.25,4.375,0.0,20.93376811594203,8
SR-Josh Aikens,2024-08-26,6.0,81.25,4.375,0.0,20.93376811594203,1
TOQ002,2024-08-26,3.0,81.25,4.375,0.0,20.93376811594203,1
VIR008,2024-08-26,8.0,81.25,4.375,0.0,20.93376811594203,1
WAS001,2024-08-26,1.0,81.25,4.375,0.0,20.93376811594203,1
WAS002,2024-08-26,1.0,81.25,4.375,0.0,20.93376811594203,1
WAS005,2024-08-26,12.0,81.25,4.375,0.0,20.93376811594203,3
WAS006,2024-08-26,0.0,81.25,4.375,0.0,20.93376811594203,1
WAS008,2024-08-26,3.0,81.25,4.375,0.0,20.93376811594203,1
WAS009,2024-08-26,1.0,81.25,4.375,0.0,20.93376811594203,1
HUR007,2024-09-02,41.0,87.0,7.25,0.0,19.118231406274884,4
HUR008,2024-09-02,9.0,87.0,7.25,0.0,19.118231406274884,1
HUR009,2024-09-02,38.0,87.0,7.25,0.0,19.118231406274884,4
IVI003,2024-09-02,49.0,87.0,7.25,0.0,19.118231406274884,5
ROC004,2024-09-02,0.0,87.0,7.25,0.0,19.118231406274884,1
SCL001,2024-09-02,27.0,87.0,7.25,0.0,19.118231406274884,3
SCL004,2024-09-02,0.0,87.0,7.25,0.0,19.118231406274884,1
SCL005,2024-09-02,4.0,87.0,7.25,0.0,19.118231406274884,1
SGE002,2024-09-02,89.0,87.0,7.25,0.0,19.118231406274884,5
SGE003,2024-09-02,82.0,87.0,7.25,0.0,19.118231406274884,5
SGE007,2024-09-02,0.0,87.0,7.25,0.0,19.118231406274884,1
SGE008-2,2024-09-02,4.0,87.0,7.25,0.0,19.118231406274884,1
SGE009-2,2024-09-02,19.0,87.0,7.25,0.0,19.118231406274884,3
SGE013,2024-09-02,10.0,87.0,7.25,0.0,19.118231406274884,1
SGE014,2024-09-02,9.0,87.0,7.25,0.0,19.118231406274884,1
SGE016,2024-09-02,9.0,87.0,7.25,0.0,19.118231406274884,1
SGE017,2024-09-02,60.0,87.0,7.25,0.0,19.118231406274884,5
SGE018,2024-09-02,32.0,87.0,7.25,0.0,19.118231406274884,4
SPR002,2024-09-02,11.0,87.0,7.25,0.0,19.118231406274884,2
SR-1042 W. 100 N. Shadow MTN,2024-09-02,8.0,87.0,7.25,0.0,19.118231406274884,1
SR-176 Shadow Pt,2024-09-02,166.0,87.0,7.25,0.0,19.118231406274884,7
SR-54 Shadow Mtn,2024-09-02,210.0,87.0,7.25,0.0,19.118231406274884,8
SR-545 E 200 S,2024-09-02,16.0,87.0,7.25,0.0,19.118231406274884,3
VIR008,2024-09-02,8.0,87.0,7.25,0.0,19.118231406274884,1
WAS001,2024-09-02,7.0,87.0,7.25,0.0,19.118231406274884,1
WAS002,2024-09-02,5.0,87.0,7.25,0.0,19.118231406274884,1
WAS005,2024-09-02,7.0,87.0,7.25,0.0,19.118231406274884,1
WAS006,2024-09-02,6.0,87.0,7.25,0.0,19.118231406274884,1
WAS008,2024-09-02,40.0,87.0,7.25,0.0,19.118231406274884,4
WAS009,2024-09-02,19.0,87.0,7.25,0.0,19.118231406274884,3
HUR007,2024-09-09,4.0,82.66666666666667,8.216666666666667,0.0,19.16690476190476,1
HUR008,2024-09-09,83.0,82.66666666666667,8.216666666666667,0.0,19.16690476190476,5
HUR009,2024-09-09,66.0,82.66666666666667,8.216666666666667,0.0,19.16690476190476,5
IVI003,2024-09-09,55.0,82.66666666666667,8.216666666666667,0.0,19.16690476190476,5
LEE003,2024-09-09,13.0,82.66666666666667,8.216666666666667,0.0,19.16690476190476,3
NHA003,2024-09-09,19.0,82.66666666666667,8.216666666666667,0.0,19.16690476190476,3
ROC004,2024-09-09,1.0,82.66666666666667,8.216666666666667,0.0,19.16690476190476,1
SCL001,2024-09-09,19.0,82.66666666666667,8.216666666666667,0.0,19.16690476190476,3
SCL004,2024-09-09,0.0,82.66666666666667,8.216666666666667,0.0,19.16690476190476,1
SCL005,2024-09-09,6.0,82.66666666666667,8.216666666666667,0.0,19.16690476190476,1
SGE002,2024-09-09,53.0,82.66666666666667,8.216666666666667,0.0,19.16690476190476,5
SGE003,2024-09-09,95.0,82.66666666666667,8.216666666666667,0.0,19.16690476190476,6
SGE007,2024-09-09,11.0,82.66666666666667,8.216666666666667,0.0,19.16690476190476,2
SGE008-2,2024-09-09,8.0,82.66666666666667,8.216666666666667,0.0,19.16690476190476,1
SGE009-2,2024-09-09,8.0,82.66666666666667,8.216666666666667,0.0,19.16690476190476,1
SGE013,2024-09-09,12.0,82.66666666666667,8.216666666666667,0.0,19.16690476190476,3
SGE014,2024-09-09,11.0,82.66666666666667,8.216666666666667,0.0,19.16690476190476,2
SGE015,2024-09-09,23.0,82.66666666666667,8.216666666666667,0.0,19.16690476190476,3
SGE016,2024-09-09,16.0,82.66666666666667,8.216666666666667,0.0,19.16690476190476,3
SGE017,2024-09-09,126.0,82.66666666666667,8.216666666666667,0.0,19.16690476190476,6
SGE018,2024-09-09,36.0,82.66666666666667,8.216666666666667,0.0,19.16690476190476,4
SPR002,2024-09-09,21.0,82.66666666666667,8.216666666666667,0.0,19.16690476190476,3
SR-176 Shadow Pt,2024-09-09,79.0,82.66666666666667,8.216666666666667,0.0,19.16690476190476,5
SR-54 Shadow Mtn,2024-09-09,137.0,82.66666666666667,8.216666666666667,0.0,19.16690476190476,6
SR-545 E 200 S,2024-09-09,21.0,82.66666666666667,8.216666666666667,0.0,19.16690476190476,3
VIR008,2024-09-09,14.0,82.66666666666667,8.216666666666667,0.0,19.16690476190476,3
WAS001,2024-09-09,2.0,82.66666666666667,8.216666666666667,0.0,19.16690476190476,1
WAS002,2024-09-09,18.0,82.66666666666667,8.216666666666667,0.0,19.16690476190476,3
WAS005,2024-09-09,19.0,82.66666666666667,8.216666666666667,0.0,19.16690476190476,3
WAS006,2024-09-09,4.0,82.66666666666667,8.216666666666667,0.0,19.16690476190476,1
WAS008,2024-09-09,16.0,82.66666666666667,8.216666666666667,0.0,19.16690476190476,3
WAS009,2024-09-09,6.0,82.66666666666667,8.216666666666667,0.0,19.16690476190476,1
HUR007,2024-09-16,5.0,73.71428571428571,7.771428571428571,0.0028571428571428,24.6984126984127,1
HUR008,2024-09-16,487.0,73.71428571428571,7.771428571428571,0.0028571428571428,24.6984126984127,10
IVI003,2024-09-16,33.0,73.71428571428571,7.771428571428571,0.0028571428571428,24.6984126984127,4
LAV001,2024-09-16,97.0,73.71428571428571,7.771428571428571,0.0028571428571428,24.6984126984127,6
SCL001,2024-09-16,9.0,73.71428571428571,7.771428571428571,0.0028571428571428,24.6984126984127,1
SCL004,2024-09-16,9.0,73.71428571428571,7.771428571428571,0.0028571428571428,24.6984126984127,1
SCL005,2024-09-16,4.0,73.71428571428571,7.771428571428571,0.0028571428571428,24.6984126984127,1
SGE002,2024-09-16,31.0,73.71428571428571,7.771428571428571,0.0028571428571428,24.6984126984127,4
SGE003,2024-09-16,92.0,73.71428571428571,7.771428571428571,0.0028571428571428,24.6984126984127,5
SGE007,2024-09-16,3.0,73.71428571428571,7.771428571428571,0.0028571428571428,24.6984126984127,1
SGE008-2,2024-09-16,8.0,73.71428571428571,7.771428571428571,0.0028571428571428,24.6984126984127,1
SGE009-2,2024-09-16,6.0,73.71428571428571,7.771428571428571,0.0028571428571428,24.6984126984127,1
SGE013,2024-09-16,11.0,73.71428571428571,7.771428571428571,0.0028571428571428,24.6984126984127,2
SGE014,2024-09-16,7.0,73.71428571428571,7.771428571428571,0.0028571428571428,24.6984126984127,1
SGE015,2024-09-16,0.0,73.71428571428571,7.771428571428571,0.0028571428571428,24.6984126984127,1
SGE016,2024-09-16,3.0,73.71428571428571,7.771428571428571,0.0028571428571428,24.6984126984127,1
SGE017,2024-09-16,135.0,73.71428571428571,7.771428571428571,0.0028571428571428,24.6984126984127,6
SGE018,2024-09-16,14.0,73.71428571428571,7.771428571428571,0.0028571428571428,24.6984126984127,3
SPR002,2024-09-16,13.0,73.71428571428571,7.771428571428571,0.0028571428571428,24.6984126984127,3
SR 176 Shadow Pt. Lori ,2024-09-16,16.0,73.71428571428571,7.771428571428571,0.0028571428571428,24.6984126984127,3
SR 54 Shadow Mtn. Brown,2024-09-16,40.0,73.71428571428571,7.771428571428571,0.0028571428571428,24.6984126984127,4
SR-176 Shadow Mtn,2024-09-16,29.0,73.71428571428571,7.771428571428571,0.0028571428571428,24.6984126984127,3
SR-54 Shadow Mtn,2024-09-16,60.0,73.71428571428571,7.771428571428571,0.0028571428571428,24.6984126984127,5
SR-545 E 200 S,2024-09-16,47.0,73.71428571428571,7.771428571428571,0.0028571428571428,24.6984126984127,5
VIR008,2024-09-16,24.0,73.71428571428571,7.771428571428571,0.0028571428571428,24.6984126984127,3
WAS001,2024-09-16,20.0,73.71428571428571,7.771428571428571,0.0028571428571428,24.6984126984127,3
WAS002,2024-09-16,45.0,73.71428571428571,7.771428571428571,0.0028571428571428,24.6984126984127,5
WAS005,2024-09-16,11.0,73.71428571428571,7.771428571428571,0.0028571428571428,24.6984126984127,2
WAS006,2024-09-16,3.0,73.71428571428571,7.771428571428571,0.0028571428571428,24.6984126984127,1
WAS008,2024-09-16,18.0,73.71428571428571,7.771428571428571,0.0028571428571428,24.6984126984127,3
WAS009,2024-09-16,16.0,73.71428571428571,7.771428571428571,0.0028571428571428,24.6984126984127,3
HUR008,2024-09-23,298.0,82.0,4.428571428571429,0.0,16.392857142857142,9
IVI003,2024-09-23,44.0,82.0,4.428571428571429,0.0,16.392857142857142,4
SCL001,2024-09-23,7.0,82.0,4.428571428571429,0.0,16.392857142857142,1
SCL004,2024-09-23,17.0,82.0,4.428571428571429,0.0,16.392857142857142,3
SCL005,2024-09-23,2.0,82.0,4.428571428571429,0.0,16.392857142857142,1
SGE002,2024-09-23,16.0,82.0,4.428571428571429,0.0,16.392857142857142,3
SGE003,2024-09-23,89.0,82.0,4.428571428571429,0.0,16.392857142857142,5
SGE007,2024-09-23,4.0,82.0,4.428571428571429,0.0,16.392857142857142,1
SGE008-2,2024-09-23,2.0,82.0,4.428571428571429,0.0,16.392857142857142,1
SGE009-2,2024-09-23,8.0,82.0,4.428571428571429,0.0,16.392857142857142,1
SGE013,2024-09-23,17.0,82.0,4.428571428571429,0.0,16.392857142857142,3
SGE014,2024-09-23,14.0,82.0,4.428571428571429,0.0,16.392857142857142,3
SGE015,2024-09-23,4.0,82.0,4.428571428571429,0.0,16.392857142857142,1
SGE016,2024-09-23,15.0,82.0,4.428571428571429,0.0,16.392857142857142,3
SGE017,2024-09-23,85.0,82.0,4.428571428571429,0.0,16.392857142857142,5
SGE018,2024-09-23,35.0,82.0,4.428571428571429,0.0,16.392857142857142,4
SPR002,2024-09-23,19.0,82.0,4.428571428571429,0.0,16.392857142857142,3
SR 176 Shadow Pt. Lori ,2024-09-23,24.0,82.0,4.428571428571429,0.0,16.392857142857142,3
SR 54 Shadow Mtn. Brown,2024-09-23,45.0,82.0,4.428571428571429,0.0,16.392857142857142,5
SR 545 E 200 S Evelyn,2024-09-23,24.0,82.0,4.428571428571429,0.0,16.392857142857142,3
SR 635 N 2000 E ,2024-09-23,10.0,82.0,4.428571428571429,0.0,16.392857142857142,1
VIR008,2024-09-23,34.0,82.0,4.428571428571429,0.0,16.392857142857142,4
WAS001,2024-09-23,11.0,82.0,4.428571428571429,0.0,16.392857142857142,2
WAS002,2024-09-23,52.0,82.0,4.428571428571429,0.0,16.392857142857142,5
WAS005,2024-09-23,1.0,82.0,4.428571428571429,0.0,16.392857142857142,1
WAS006,2024-09-23,1.0,82.0,4.428571428571429,0.0,16.392857142857142,1
WAS008,2024-09-23,8.0,82.0,4.428571428571429,0.0,16.392857142857142,1
WAS009,2024-09-23,3.0,82.0,4.428571428571429,0.0,16.392857142857142,1
HUR007,2024-09-30,0.0,82.0,3.971428571428571,0.0,15.017857142857142,1
HUR008,2024-09-30,25.0,82.0,3.971428571428571,0.0,15.017857142857142,3
SCL001,2024-09-30,19.0,82.0,3.971428571428571,0.0,15.017857142857142,3
SCL004,2024-09-30,16.0,82.0,3.971428571428571,0.0,15.017857142857142,3
SCL005,2024-09-30,2.0,82.0,3.971428571428571,0.0,15.017857142857142,1
SGE002,2024-09-30,10.0,82.0,3.971428571428571,0.0,15.017857142857142,1
SGE003,2024-09-30,42.0,82.0,3.971428571428571,0.0,15.017857142857142,4
SGE007,2024-09-30,8.0,82.0,3.971428571428571,0.0,15.017857142857142,1
SGE008-2,2024-09-30,4.0,82.0,3.971428571428571,0.0,15.017857142857142,1
SGE009-2,2024-09-30,9.0,82.0,3.971428571428571,0.0,15.017857142857142,1
SGE013,2024-09-30,13.0,82.0,3.971428571428571,0.0,15.017857142857142,3
SGE014,2024-09-30,6.0,82.0,3.971428571428571,0.0,15.017857142857142,1
SGE015,2024-09-30,0.0,82.0,3.971428571428571,0.0,15.017857142857142,1
SGE016,2024-09-30,10.0,82.0,3.971428571428571,0.0,15.017857142857142,1
SGE017,2024-09-30,1.0,82.0,3.971428571428571,0.0,15.017857142857142,1
SGE018,2024-09-30,3.0,82.0,3.971428571428571,0.0,15.017857142857142,1
SPR002,2024-09-30,29.0,82.0,3.971428571428571,0.0,15.017857142857142,3
SR 176 Shadow Point Lori Jennings,2024-09-30,34.0,82.0,3.971428571428571,0.0,15.017857142857142,4
SR 54 Shadow Pt. Brooke Brown,2024-09-30,51.0,82.0,3.971428571428571,0.0,15.017857142857142,5
SR 545 E 200 S Evelyn,2024-09-30,31.0,82.0,3.971428571428571,0.0,15.017857142857142,4
VIR008,2024-09-30,28.0,82.0,3.971428571428571,0.0,15.017857142857142,3
WAS001,2024-09-30,13.0,82.0,3.971428571428571,0.0,15.017857142857142,3
WAS002,2024-09-30,45.0,82.0,3.971428571428571,0.0,15.017857142857142,5
WAS005,2024-09-30,5.0,82.0,3.971428571428571,0.0,15.017857142857142,1
WAS006,2024-09-30,0.0,82.0,3.971428571428571,0.0,15.017857142857142,1
WAS008,2024-09-30,4.0,82.0,3.971428571428571,0.0,15.017857142857142,1
WAS009,2024-09-30,11.0,82.0,3.971428571428571,0.0,15.017857142857142,2
HUR008,2024-10-07,42.0,77.83333333333333,3.8666666666666663,0.0,16.75489010989011,4
SCL001,2024-10-07,13.0,77.83333333333333,3.8666666666666663,0.0,16.75489010989011,3
SCL004,2024-10-07,18.0,77.83333333333333,3.8666666666666663,0.0,16.75489010989011,3
SGE002,2024-10-07,9.0,77.83333333333333,3.8666666666666663,0.0,16.75489010989011,1
SGE003,2024-10-07,10.0,77.83333333333333,3.8666666666666663,0.0,16.75489010989011,1
SGE007,2024-10-07,8.0,77.83333333333333,3.8666666666666663,0.0,16.75489010989011,1
SGE009-2,2024-10-07,12.0,77.83333333333333,3.8666666666666663,0.0,16.75489010989011,3
SGE013,2024-10-07,12.0,77.83333333333333,3.8666666666666663,0.0,16.75489010989011,3
SGE014,2024-10-07,21.0,77.83333333333333,3.8666666666666663,0.0,16.75489010989011,3
SGE016,2024-10-07,11.0,77.83333333333333,3.8666666666666663,0.0,16.75489010989011,2
SGE017,2024-10-07,20.0,77.83333333333333,3.8666666666666663,0.0,16.75489010989011,3
SPR002,2024-10-07,13.0,77.83333333333333,3.8666666666666663,0.0,16.75489010989011,3
SR 176 Shadow Point Lori Jennings,2024-10-07,18.0,77.83333333333333,3.8666666666666663,0.0,16.75489010989011,3
SR 54 Shadow Pt. Brooke Brown,2024-10-07,22.0,77.83333333333333,3.8666666666666663,0.0,16.75489010989011,3
SR 545 E 200 S Evelyn,2024-10-07,44.0,77.83333333333333,3.8666666666666663,0.0,16.75489010989011,4
VIR008,2024-10-07,72.0,77.83333333333333,3.8666666666666663,0.0,16.75489010989011,5
WAS001,2024-10-07,6.0,77.83333333333333,3.8666666666666663,0.0,16.75489010989011,1
WAS002,2024-10-07,21.0,77.83333333333333,3.8666666666666663,0.0,16.75489010989011,3
WAS008,2024-10-07,6.0,77.83333333333333,3.8666666666666663,0.0,16.75489010989011,1
WAS011,2024-10-07,19.0,77.83333333333333,3.8666666666666663,0.0,16.75489010989011,3
HUR008,2024-10-14,20.0,70.0,8.2,0.0442857142857142,35.65796143048646,3
SCL001,2024-10-14,3.0,70.0,8.2,0.0442857142857142,35.65796143048646,1
SCL004,2024-10-14,21.0,70.0,8.2,0.0442857142857142,35.65796143048646,3
SGE002,2024-10-14,3.0,70.0,8.2,0.0442857142857142,35.65796143048646,1
SGE003,2024-10-14,57.0,70.0,8.2,0.0442857142857142,35.65796143048646,5
SGE007,2024-10-14,8.0,70.0,8.2,0.0442857142857142,35.65796143048646,1
SGE009-2,2024-10-14,40.0,70.0,8.2,0.0442857142857142,35.65796143048646,4
SGE013,2024-10-14,13.0,70.0,8.2,0.0442857142857142,35.65796143048646,3
SGE014,2024-10-14,10.0,70.0,8.2,0.0442857142857142,35.65796143048646,1
SGE016,2024-10-14,10.0,70.0,8.2,0.0442857142857142,35.65796143048646,1
SGE017,2024-10-14,48.0,70.0,8.2,0.0442857142857142,35.65796143048646,5
SPR002,2024-10-14,9.0,70.0,8.2,0.0442857142857142,35.65796143048646,1
SR 176 Shadow Point Lori Jennings,2024-10-14,17.0,70.0,8.2,0.0442857142857142,35.65796143048646,3
SR 54 Shadow Pt. Brooke Brown,2024-10-14,64.0,70.0,8.2,0.0442857142857142,35.65796143048646,5
SR 545 E 200 S Evelyn,2024-10-14,21.0,70.0,8.2,0.0442857142857142,35.65796143048646,3
VIR008,2024-10-14,11.0,70.0,8.2,0.0442857142857142,35.65796143048646,2
WAS001,2024-10-14,0.0,70.0,8.2,0.0442857142857142,35.65796143048646,1
WAS002,2024-10-14,7.0,70.0,8.2,0.0442857142857142,35.65796143048646,1
WAS008,2024-10-14,3.0,70.0,8.2,0.0442857142857142,35.65796143048646,1
WAS011,2024-10-14,3.0,70.0,8.2,0.0442857142857142,35.65796143048646,1
HUR008,2024-10-21,10.0,64.42857142857143,2.7285714285714286,0.0,34.791666666666664,1
SCL001,2024-10-21,5.0,64.42857142857143,2.7285714285714286,0.0,34.791666666666664,1
SCL004,2024-10-21,9.0,64.42857142857143,2.7285714285714286,0.0,34.791666666666664,1
SGE002,2024-10-21,5.0,64.42857142857143,2.7285714285714286,0.0,34.791666666666664,1
SGE003,2024-10-21,2.0,64.42857142857143,2.7285714285714286,0.0,34.791666666666664,1
SGE007,2024-10-21,3.0,64.42857142857143,2.7285714285714286,0.0,34.791666666666664,1
SGE009-2,2024-10-21,7.0,64.42857142857143,2.7285714285714286,0.0,34.791666666666664,1
SGE013,2024-10-21,3.0,64.42857142857143,2.7285714285714286,0.0,34.791666666666664,1
SGE014,2024-10-21,3.0,64.42857142857143,2.7285714285714286,0.0,34.791666666666664,1
SGE016,2024-10-21,4.0,64.42857142857143,2.7285714285714286,0.0,34.791666666666664,1
SGE017,2024-10-21,30.0,64.42857142857143,2.7285714285714286,0.0,34.791666666666664,3
SPR002,2024-10-21,1.0,64.42857142857143,2.7285714285714286,0.0,34.791666666666664,1
VIR008,2024-10-21,12.0,64.42857142857143,2.7285714285714286,0.0,34.791666666666664,3
WAS001,2024-10-21,0.0,64.42857142857143,2.7285714285714286,0.0,34.791666666666664,1
WAS002,2024-10-21,0.0,64.42857142857143,2.7285714285714286,0.0,34.791666666666664,1
WAS008,2024-10-21,11.0,64.42857142857143,2.7285714285714286,0.0,34.791666666666664,2
WAS011,2024-10-21,0.0,64.42857142857143,2.7285714285714286,0.0,34.791666666666664,1
SCL004,2024-11-04,4.0,47.857142857142854,6.4,0.0,31.24047619047619,1
SGE003,2024-11-04,4.0,47.857142857142854,6.4,0.0,31.24047619047619,1
SGE007,2024-11-04,0.0,47.857142857142854,6.4,0.0,31.24047619047619,1
SGE017,2024-11-04,5.0,47.857142857142854,6.4,0.0,31.24047619047619,1
WAS002,2024-11-04,0.0,47.857142857142854,6.4,0.0,31.24047619047619,1
WAS008,2024-11-04,0.0,47.857142857142854,6.4,0.0,31.24047619047619,1
SGE003,2024-11-11,3.0,48.57142857142857,5.385714285714286,0.0028571428571428,38.17195767195767,1
SGE007,2024-11-11,1.0,48.57142857142857,5.385714285714286,0.0028571428571428,38.17195767195767,1
SGE017,2024-11-11,9.0,48.57142857142857,5.385714285714286,0.0028571428571428,38.17195767195767,1
WAS002,2024-11-11,1.0,48.57142857142857,5.385714285714286,0.0028571428571428,38.17195767195767,1
WAS008,2024-11-11,2.0,48.57142857142857,5.385714285714286,0.0028571428571428,38.17195767195767,1
SCL004,2024-11-18,0.0,47.42857142857143,4.1,0.0,27.15619047619048,1
SGE003,2024-11-18,1.0,47.42857142857143,4.1,0.0,27.15619047619048,1
SGE007,2024-11-18,0.0,47.42857142857143,4.1,0.0,27.15619047619048,1
SGE017,2024-11-18,0.0,47.42857142857143,4.1,0.0,27.15619047619048,1
WAS002,2024-11-18,0.0,47.42857142857143,4.1,0.0,27.15619047619048,1
WAS008,2024-11-18,0.0,47.42857142857143,4.1,0.0,27.15619047619048,1
SCL004,2025-01-20,1.0,35.857142857142854,4.8428571428571425,0.0,18.99404761904762,1
SGE003,2025-01-20,0.0,35.857142857142854,4.8428571428571425,0.0,18.99404761904762,1
SGE007,2025-01-20,0.0,35.857142857142854,4.8428571428571425,0.0,18.99404761904762,1
SGE017,2025-01-20,0.0,35.857142857142854,4.8428571428571425,0.0,18.99404761904762,1
WAS002,2025-01-20,0.0,35.857142857142854,4.8428571428571425,0.0,18.99404761904762,1
WAS008,2025-01-20,0.0,35.857142857142854,4.8428571428571425,0.0,18.99404761904762,1
SCL004,2025-02-10,1.0,42.666666666666664,5.016666666666667,0.0416666666666666,50.43015873015873,1
SGE003,2025-02-10,2.0,42.666666666666664,5.016666666666667,0.0416666666666666,50.43015873015873,1
SGE007,2025-02-10,0.0,42.666666666666664,5.016666666666667,0.0416666666666666,50.43015873015873,1
SGE017,2025-02-10,0.0,42.666666666666664,5.016666666666667,0.0416666666666666,50.43015873015873,1
WAS002,2025-02-10,0.0,42.666666666666664,5.016666666666667,0.0416666666666666,50.43015873015873,1
WAS008,2025-02-10,0.0,42.666666666666664,5.016666666666667,0.0416666666666666,50.43015873015873,1
SCL004,2025-02-17,2.0,51.0,4.4,0.0,39.10672161172162,1
SGE003,2025-02-17,4.0,51.0,4.4,0.0,39.10672161172162,1
SGE007,2025-02-17,0.0,51.0,4.4,0.0,39.10672161172162,1
SGE017,2025-02-17,5.0,51.0,4.4,0.0,39.10672161172162,1
WAS002,2025-02-17,0.0,51.0,4.4,0.0,39.10672161172162,1
WAS008,2025-02-17,3.0,51.0,4.4,0.0,39.10672161172162,1
SCL004,2025-02-24,1.0,57.5,7.414285714285714,0.0014285714285714,21.182676518883415,1
SGE003,2025-02-24,0.0,57.5,7.414285714285714,0.0014285714285714,21.182676518883415,1
SGE007,2025-02-24,0.0,57.5,7.414285714285714,0.0014285714285714,21.182676518883415,1
SGE017,2025-02-24,11.0,57.5,7.414285714285714,0.0014285714285714,21.182676518883415,2
WAS002,2025-02-24,0.0,57.5,7.414285714285714,0.0014285714285714,21.182676518883415,1
WAS008,2025-02-24,3.0,57.5,7.414285714285714,0.0014285714285714,21.182676518883415,1
SCL004,2025-03-03,1.0,47.857142857142854,7.242857142857143,0.0228571428571428,48.150115021854155,1
SGE003,2025-03-03,2.0,47.857142857142854,7.242857142857143,0.0228571428571428,48.150115021854155,1
SGE007,2025-03-03,0.0,47.857142857142854,7.242857142857143,0.0228571428571428,48.150115021854155,1
SGE017,2025-03-03,6.0,47.857142857142854,7.242857142857143,0.0228571428571428,48.150115021854155,1
WAS002,2025-03-03,0.0,47.857142857142854,7.242857142857143,0.0228571428571428,48.150115021854155,1
WAS008,2025-03-03,0.0,47.857142857142854,7.242857142857143,0.0228571428571428,48.150115021854155,1
SCL004,2025-03-10,1.0,50.42857142857143,7.228571428571429,0.0428571428571428,50.75264550264551,1
SGE003,2025-03-10,6.0,50.42857142857143,7.228571428571429,0.0428571428571428,50.75264550264551,1
SGE007,2025-03-10,0.0,50.42857142857143,7.228571428571429,0.0428571428571428,50.75264550264551,1
SGE017,2025-03-10,8.0,50.42857142857143,7.228571428571429,0.0428571428571428,50.75264550264551,1
WAS002,2025-03-10,0.0,50.42857142857143,7.228571428571429,0.0428571428571428,50.75264550264551,1
WAS008,2025-03-10,0.0,50.42857142857143,7.228571428571429,0.0428571428571428,50.75264550264551,1
SCL004,2025-03-17,0.0,54.833333333333336,8.1,0.0033333333333333,30.095238095238095,1
SGE003,2025-03-17,0.0,54.833333333333336,8.1,0.0033333333333333,30.095238095238095,1
SGE007,2025-03-17,0.0,54.833333333333336,8.1,0.0033333333333333,30.095238095238095,1
SGE017,2025-03-17,61.0,54.833333333333336,8.1,0.0033333333333333,30.095238095238095,5
WAS002,2025-03-17,0.0,54.833333333333336,8.1,0.0033333333333333,30.095238095238095,1
WAS008,2025-03-17,0.0,54.833333333333336,8.1,0.0033333333333333,30.095238095238095,1
IVI003,2025-03-24,9.0,65.0,6.514285714285714,0.0,23.013457556935816,1
SCL001,2025-03-24,2.0,65.0,6.514285714285714,0.0,23.013457556935816,1
SCL004,2025-03-24,0.0,65.0,6.514285714285714,0.0,23.013457556935816,1
SGE002,2025-03-24,6.0,65.0,6.514285714285714,0.0,23.013457556935816,1
SGE003,2025-03-24,13.0,65.0,6.514285714285714,0.0,23.013457556935816,3
SGE007,2025-03-24,7.0,65.0,6.514285714285714,0.0,23.013457556935816,1
SGE009-2,2025-03-24,2.0,65.0,6.514285714285714,0.0,23.013457556935816,1
SGE013,2025-03-24,5.0,65.0,6.514285714285714,0.0,23.013457556935816,1
SGE017,2025-03-24,103.0,65.0,6.514285714285714,0.0,23.013457556935816,6
SGE017-EX,2025-03-24,170.0,65.0,6.514285714285714,0.0,23.013457556935816,7
WAS001,2025-03-24,0.0,65.0,6.514285714285714,0.0,23.013457556935816,1
WAS002,2025-03-24,0.0,65.0,6.514285714285714,0.0,23.013457556935816,1
WAS008,2025-03-24,3.0,65.0,6.514285714285714,0.0,23.013457556935816,1
WAS011,2025-03-24,13.0,65.0,6.514285714285714,0.0,23.013457556935816,3
IVI003,2025-04-07,2.0,69.71428571428571,5.585714285714286,0.0,14.976190476190478,1
SCL001,2025-04-07,0.0,69.71428571428571,5.585714285714286,0.0,14.976190476190478,1
SCL004,2025-04-07,1.0,69.71428571428571,5.585714285714286,0.0,14.976190476190478,1
SGE002,2025-04-07,1.0,69.71428571428571,5.585714285714286,0.0,14.976190476190478,1
SGE003,2025-04-07,6.0,69.71428571428571,5.585714285714286,0.0,14.976190476190478,1
SGE007,2025-04-07,25.0,69.71428571428571,5.585714285714286,0.0,14.976190476190478,3
SGE009-2,2025-04-07,0.0,69.71428571428571,5.585714285714286,0.0,14.976190476190478,1
SGE013,2025-04-07,5.0,69.71428571428571,5.585714285714286,0.0,14.976190476190478,1
SGE017,2025-04-07,49.0,69.71428571428571,5.585714285714286,0.0,14.976190476190478,5
WAS001,2025-04-07,0.0,69.71428571428571,5.585714285714286,0.0,14.976190476190478,1
WAS002,2025-04-07,1.0,69.71428571428571,5.585714285714286,0.0,14.976190476190478,1
WAS008,2025-04-07,1.0,69.71428571428571,5.585714285714286,0.0,14.976190476190478,1
WAS011,2025-04-07,8.0,69.71428571428571,5.585714285714286,0.0,14.976190476190478,1
IVI003,2025-04-14,4.0,63.285714285714285,7.814285714285715,0.0142857142857142,26.378853496733683,1
SCL001,2025-04-14,1.0,63.285714285714285,7.814285714285715,0.0142857142857142,26.378853496733683,1
SCL004,2025-04-14,11.0,63.285714285714285,7.814285714285715,0.0142857142857142,26.378853496733683,2
SGE002,2025-04-14,1.0,63.285714285714285,7.814285714285715,0.0142857142857142,26.378853496733683,1
SGE003,2025-04-14,10.0,63.285714285714285,7.814285714285715,0.0142857142857142,26.378853496733683,1
SGE007,2025-04-14,42.0,63.285714285714285,7.814285714285715,0.0142857142857142,26.378853496733683,4
SGE009-2,2025-04-14,0.0,63.285714285714285,7.814285714285715,0.0142857142857142,26.378853496733683,1
SGE013,2025-04-14,10.0,63.285714285714285,7.814285714285715,0.0142857142857142,26.378853496733683,1
SGE017,2025-04-14,28.0,63.285714285714285,7.814285714285715,0.0142857142857142,26.378853496733683,3
WAS001,2025-04-14,0.0,63.285714285714285,7.814285714285715,0.0142857142857142,26.378853496733683,1
WAS002,2025-04-14,1.0,63.285714285714285,7.814285714285715,0.0142857142857142,26.378853496733683,1
WAS008,2025-04-14,10.0,63.285714285714285,7.814285714285715,0.0142857142857142,26.378853496733683,1
WAS011,2025-04-14,1.0,63.285714285714285,7.814285714285715,0.0142857142857142,26.378853496733683,1
IVI003,2025-04-21,0.0,69.0,8.34,0.0,16.54478260869565,1
SCL001,2025-04-21,3.0,69.0,8.34,0.0,16.54478260869565,1
SCL004,2025-04-21,4.0,69.0,8.34,0.0,16.54478260869565,1
SGE002,2025-04-21,2.0,69.0,8.34,0.0,16.54478260869565,1
SGE003,2025-04-21,4.0,69.0,8.34,0.0,16.54478260869565,1
SGE003-2,2025-04-21,36.0,69.0,8.34,0.0,16.54478260869565,4
SGE007,2025-04-21,35.0,69.0,8.34,0.0,16.54478260869565,4
SGE009,2025-04-21,8.0,69.0,8.34,0.0,16.54478260869565,1
SGE009-2,2025-04-21,0.0,69.0,8.34,0.0,16.54478260869565,1
SGE013,2025-04-21,7.0,69.0,8.34,0.0,16.54478260869565,1
SGE017,2025-04-21,7.0,69.0,8.34,0.0,16.54478260869565,1
WAS001,2025-04-21,0.0,69.0,8.34,0.0,16.54478260869565,1
WAS002,2025-04-21,4.0,69.0,8.34,0.0,16.54478260869565,1
WAS008,2025-04-21,18.0,69.0,8.34,0.0,16.54478260869565,3
WAS009,2025-04-21,2.0,69.0,8.34,0.0,16.54478260869565,1
HUR008,2025-04-28,1.0,67.28571428571429,7.6,0.0142857142857142,30.313836500117286,1
HUR009,2025-04-28,1.0,67.28571428571429,7.6,0.0142857142857142,30.313836500117286,1
IVI003,2025-04-28,4.0,67.28571428571429,7.6,0.0142857142857142,30.313836500117286,1
LAV001,2025-04-28,1.0,67.28571428571429,7.6,0.0142857142857142,30.313836500117286,1
SCL001,2025-04-28,2.0,67.28571428571429,7.6,0.0142857142857142,30.313836500117286,1
SCL004,2025-04-28,18.0,67.28571428571429,7.6,0.0142857142857142,30.313836500117286,3
SCL005,2025-04-28,1.0,67.28571428571429,7.6,0.0142857142857142,30.313836500117286,1
SGE002,2025-04-28,5.0,67.28571428571429,7.6,0.0142857142857142,30.313836500117286,1
SGE003,2025-04-28,2.0,67.28571428571429,7.6,0.0142857142857142,30.313836500117286,1
SGE007,2025-04-28,12.0,67.28571428571429,7.6,0.0142857142857142,30.313836500117286,3
SGE008-2,2025-04-28,1.0,67.28571428571429,7.6,0.0142857142857142,30.313836500117286,1
SGE009,2025-04-28,2.0,67.28571428571429,7.6,0.0142857142857142,30.313836500117286,1
SGE013,2025-04-28,2.0,67.28571428571429,7.6,0.0142857142857142,30.313836500117286,1
SGE014,2025-04-28,5.0,67.28571428571429,7.6,0.0142857142857142,30.313836500117286,1
SGE015,2025-04-28,2.0,67.28571428571429,7.6,0.0142857142857142,30.313836500117286,1
SGE016,2025-04-28,0.0,67.28571428571429,7.6,0.0142857142857142,30.313836500117286,1
SGE017,2025-04-28,19.0,67.28571428571429,7.6,0.0142857142857142,30.313836500117286,3
SGE018,2025-04-28,6.0,67.28571428571429,7.6,0.0142857142857142,30.313836500117286,1
WAS001,2025-04-28,1.0,67.28571428571429,7.6,0.0142857142857142,30.313836500117286,1
WAS002,2025-04-28,4.0,67.28571428571429,7.6,0.0142857142857142,30.313836500117286,1
WAS005,2025-04-28,0.0,67.28571428571429,7.6,0.0142857142857142,30.313836500117286,1
WAS006,2025-04-28,4.0,67.28571428571429,7.6,0.0142857142857142,30.313836500117286,1
WAS008,2025-04-28,13.0,67.28571428571429,7.6,0.0142857142857142,30.313836500117286,3
WAS009,2025-04-28,1.0,67.28571428571429,7.6,0.0142857142857142,30.313836500117286,1
SGE003,2025-05-05,10.0,70.42857142857143,6.314285714285715,0.0457142857142857,43.89756854256854,1
SGE009,2025-05-05,1.0,70.42857142857143,6.314285714285715,0.0457142857142857,43.89756854256854,1
SGE009-2,2025-05-05,0.0,70.42857142857143,6.314285714285715,0.0457142857142857,43.89756854256854,1
SGE017,2025-05-05,63.0,70.42857142857143,6.314285714285715,0.0457142857142857,43.89756854256854,5
WAS002,2025-05-05,2.0,70.42857142857143,6.314285714285715,0.0457142857142857,43.89756854256854,1
WAS008,2025-05-05,35.0,70.42857142857143,6.314285714285715,0.0457142857142857,43.89756854256854,4
HUR007,2025-05-12,1.0,68.42857142857143,11.314285714285717,0.0057142857142857,24.006904761904764,1
HUR008,2025-05-12,3.0,68.42857142857143,11.314285714285717,0.0057142857142857,24.006904761904764,1
HUR009,2025-05-12,7.0,68.42857142857143,11.314285714285717,0.0057142857142857,24.006904761904764,1
IVI003,2025-05-12,414.0,68.42857142857143,11.314285714285717,0.0057142857142857,24.006904761904764,10
LAV001,2025-05-12,9.0,68.42857142857143,11.314285714285717,0.0057142857142857,24.006904761904764,1
SCL001,2025-05-12,5.0,68.42857142857143,11.314285714285717,0.0057142857142857,24.006904761904764,1
SCL004,2025-05-12,14.0,68.42857142857143,11.314285714285717,0.0057142857142857,24.006904761904764,3
SCL005,2025-05-12,2.0,68.42857142857143,11.314285714285717,0.0057142857142857,24.006904761904764,1
SGE002,2025-05-12,26.0,68.42857142857143,11.314285714285717,0.0057142857142857,24.006904761904764,3
SGE003,2025-05-12,27.0,68.42857142857143,11.314285714285717,0.0057142857142857,24.006904761904764,3
SGE007,2025-05-12,5.0,68.42857142857143,11.314285714285717,0.0057142857142857,24.006904761904764,1
SGE008-2,2025-05-12,4.0,68.42857142857143,11.314285714285717,0.0057142857142857,24.006904761904764,1
SGE009,2025-05-12,1.0,68.42857142857143,11.314285714285717,0.0057142857142857,24.006904761904764,1
SGE009-2,2025-05-12,0.0,68.42857142857143,11.314285714285717,0.0057142857142857,24.006904761904764,1
SGE013,2025-05-12,10.0,68.42857142857143,11.314285714285717,0.0057142857142857,24.006904761904764,1
SGE014,2025-05-12,14.0,68.42857142857143,11.314285714285717,0.0057142857142857,24.006904761904764,3
SGE015,2025-05-12,0.0,68.42857142857143,11.314285714285717,0.0057142857142857,24.006904761904764,1
SGE016,2025-05-12,4.0,68.42857142857143,11.314285714285717,0.0057142857142857,24.006904761904764,1
SGE017,2025-05-12,40.0,68.42857142857143,11.314285714285717,0.0057142857142857,24.006904761904764,4
SGE018,2025-05-12,7.0,68.42857142857143,11.314285714285717,0.0057142857142857,24.006904761904764,1
SPR002,2025-05-12,4.0,68.42857142857143,11.314285714285717,0.0057142857142857,24.006904761904764,1
VIR008,2025-05-12,10.0,68.42857142857143,11.314285714285717,0.0057142857142857,24.006904761904764,1
WAS001,2025-05-12,0.0,68.42857142857143,11.314285714285717,0.0057142857142857,24.006904761904764,1
WAS002,2025-05-12,3.0,68.42857142857143,11.314285714285717,0.0057142857142857,24.006904761904764,1
WAS005,2025-05-12,0.0,68.42857142857143,11.314285714285717,0.0057142857142857,24.006904761904764,1
WAS006,2025-05-12,3.0,68.42857142857143,11.314285714285717,0.0057142857142857,24.006904761904764,1
WAS008,2025-05-12,29.0,68.42857142857143,11.314285714285717,0.0057142857142857,24.006904761904764,3
WAS009,2025-05-12,1.0,68.42857142857143,11.314285714285717,0.0057142857142857,24.006904761904764,1
HUR007,2025-05-19,0.0,76.28571428571429,7.885714285714286,0.0,14.389102564102563,1
HUR008,2025-05-19,194.0,76.28571428571429,7.885714285714286,0.0,14.389102564102563,8
HUR009,2025-05-19,0.0,76.28571428571429,7.885714285714286,0.0,14.389102564102563,1
IVI003,2025-05-19,258.0,76.28571428571429,7.885714285714286,0.0,14.389102564102563,9
LAV001,2025-05-19,0.0,76.28571428571429,7.885714285714286,0.0,14.389102564102563,1
SCL001,2025-05-19,10.0,76.28571428571429,7.885714285714286,0.0,14.389102564102563,1
SCL004,2025-05-19,16.0,76.28571428571429,7.885714285714286,0.0,14.389102564102563,3
SCL005,2025-05-19,2.0,76.28571428571429,7.885714285714286,0.0,14.389102564102563,1
SGE002,2025-05-19,10.0,76.28571428571429,7.885714285714286,0.0,14.389102564102563,1
SGE003,2025-05-19,22.0,76.28571428571429,7.885714285714286,0.0,14.389102564102563,3
SGE003-2,2025-05-19,23.0,76.28571428571429,7.885714285714286,0.0,14.389102564102563,3
SGE007,2025-05-19,3.0,76.28571428571429,7.885714285714286,0.0,14.389102564102563,1
SGE008-2,2025-05-19,3.0,76.28571428571429,7.885714285714286,0.0,14.389102564102563,1
SGE009,2025-05-19,11.0,76.28571428571429,7.885714285714286,0.0,14.389102564102563,2
SGE009-2,2025-05-19,7.0,76.28571428571429,7.885714285714286,0.0,14.389102564102563,1
SGE013,2025-05-19,13.0,76.28571428571429,7.885714285714286,0.0,14.389102564102563,3
SGE014,2025-05-19,2.0,76.28571428571429,7.885714285714286,0.0,14.389102564102563,1
SGE015,2025-05-19,1.0,76.28571428571429,7.885714285714286,0.0,14.389102564102563,1
SGE016,2025-05-19,5.0,76.28571428571429,7.885714285714286,0.0,14.389102564102563,1
SGE017,2025-05-19,25.0,76.28571428571429,7.885714285714286,0.0,14.389102564102563,3
SGE018,2025-05-19,9.0,76.28571428571429,7.885714285714286,0.0,14.389102564102563,1
SPR002,2025-05-19,2.0,76.28571428571429,7.885714285714286,0.0,14.389102564102563,1
VIR008,2025-05-19,2.0,76.28571428571429,7.885714285714286,0.0,14.389102564102563,1
WAS001,2025-05-19,0.0,76.28571428571429,7.885714285714286,0.0,14.389102564102563,1
WAS002,2025-05-19,2.0,76.28571428571429,7.885714285714286,0.0,14.389102564102563,1
WAS005,2025-05-19,0.0,76.28571428571429,7.885714285714286,0.0,14.389102564102563,1
WAS006,2025-05-19,1.0,76.28571428571429,7.885714285714286,0.0,14.389102564102563,1
WAS008,2025-05-19,67.0,76.28571428571429,7.885714285714286,0.0,14.389102564102563,5
WAS011,2025-05-19,1067.0,76.28571428571429,7.885714285714286,0.0,14.389102564102563,10
HUR007,2025-05-26,0.0,83.71428571428571,6.5,0.0,13.951007326007328,1
HUR008,2025-05-26,47.0,83.71428571428571,6.5,0.0,13.951007326007328,5
HUR009,2025-05-26,2.0,83.71428571428571,6.5,0.0,13.951007326007328,1
IVI003,2025-05-26,250.0,83.71428571428571,6.5,0.0,13.951007326007328,9
LAV001,2025-05-26,15.0,83.71428571428571,6.5,0.0,13.951007326007328,3
SCL001,2025-05-26,7.0,83.71428571428571,6.5,0.0,13.951007326007328,1
SCL004,2025-05-26,34.0,83.71428571428571,6.5,0.0,13.951007326007328,4
SGE002,2025-05-26,12.0,83.71428571428571,6.5,0.0,13.951007326007328,3
SGE003,2025-05-26,38.0,83.71428571428571,6.5,0.0,13.951007326007328,4
SGE003-2,2025-05-26,169.0,83.71428571428571,6.5,0.0,13.951007326007328,7
SGE007,2025-05-26,4.0,83.71428571428571,6.5,0.0,13.951007326007328,1
SGE008-2,2025-05-26,12.0,83.71428571428571,6.5,0.0,13.951007326007328,3
SGE009,2025-05-26,37.0,83.71428571428571,6.5,0.0,13.951007326007328,4
SGE009-2,2025-05-26,2.0,83.71428571428571,6.5,0.0,13.951007326007328,1
SGE013,2025-05-26,14.0,83.71428571428571,6.5,0.0,13.951007326007328,3
SGE014,2025-05-26,4.0,83.71428571428571,6.5,0.0,13.951007326007328,1
SGE016,2025-05-26,7.0,83.71428571428571,6.5,0.0,13.951007326007328,1
SGE017,2025-05-26,154.0,83.71428571428571,6.5,0.0,13.951007326007328,7
SGE018,2025-05-26,7.0,83.71428571428571,6.5,0.0,13.951007326007328,1
SPR002,2025-05-26,8.0,83.71428571428571,6.5,0.0,13.951007326007328,1
VIR008,2025-05-26,10.0,83.71428571428571,6.5,0.0,13.951007326007328,1
WAS001,2025-05-26,2.0,83.71428571428571,6.5,0.0,13.951007326007328,1
WAS002,2025-05-26,28.0,83.71428571428571,6.5,0.0,13.951007326007328,3
WAS006,2025-05-26,0.0,83.71428571428571,6.5,0.0,13.951007326007328,1
WAS008,2025-05-26,131.0,83.71428571428571,6.5,0.0,13.951007326007328,6
WAS011,2025-05-26,173.0,83.71428571428571,6.5,0.0,13.951007326007328,7
HUR007,2025-06-02,2.0,79.4,6.380000000000001,0.01,39.719755513303895,1
HUR008,2025-06-02,23.0,79.4,6.380000000000001,0.01,39.719755513303895,3
HUR009,2025-06-02,2.0,79.4,6.380000000000001,0.01,39.719755513303895,1
IVI003,2025-06-02,61.0,79.4,6.380000000000001,0.01,39.719755513303895,5
LAV001,2025-06-02,20.0,79.4,6.380000000000001,0.01,39.719755513303895,3
SCL001,2025-06-02,5.0,79.4,6.380000000000001,0.01,39.719755513303895,1
SCL004,2025-06-02,31.0,79.4,6.380000000000001,0.01,39.719755513303895,4
SCL005,2025-06-02,3.0,79.4,6.380000000000001,0.01,39.719755513303895,1
SGE002,2025-06-02,18.0,79.4,6.380000000000001,0.01,39.719755513303895,3
SGE003,2025-06-02,53.0,79.4,6.380000000000001,0.01,39.719755513303895,5
SGE003-2,2025-06-02,74.0,79.4,6.380000000000001,0.01,39.719755513303895,5
SGE007,2025-06-02,3.0,79.4,6.380000000000001,0.01,39.719755513303895,1
SGE008-2,2025-06-02,6.0,79.4,6.380000000000001,0.01,39.719755513303895,1
SGE009,2025-06-02,6.0,79.4,6.380000000000001,0.01,39.719755513303895,1
SGE009-2,2025-06-02,6.0,79.4,6.380000000000001,0.01,39.719755513303895,1
SGE013,2025-06-02,25.0,79.4,6.380000000000001,0.01,39.719755513303895,3
SGE014,2025-06-02,3.0,79.4,6.380000000000001,0.01,39.719755513303895,1
SGE015,2025-06-02,12.0,79.4,6.380000000000001,0.01,39.719755513303895,3
SGE016,2025-06-02,3.0,79.4,6.380000000000001,0.01,39.719755513303895,1
SGE017,2025-06-02,64.0,79.4,6.380000000000001,0.01,39.719755513303895,5
SGE018,2025-06-02,0.0,79.4,6.380000000000001,0.01,39.719755513303895,1
SPR002,2025-06-02,5.0,79.4,6.380000000000001,0.01,39.719755513303895,1
VIR008,2025-06-02,7.0,79.4,6.380000000000001,0.01,39.719755513303895,1
WAS001,2025-06-02,0.0,79.4,6.380000000000001,0.01,39.719755513303895,1
WAS002,2025-06-02,20.0,79.4,6.380000000000001,0.01,39.719755513303895,3
WAS005,2025-06-02,3.0,79.4,6.380000000000001,0.01,39.719755513303895,1
WAS006,2025-06-02,1.0,79.4,6.380000000000001,0.01,39.719755513303895,1
WAS008,2025-06-02,27.0,79.4,6.380000000000001,0.01,39.719755513303895,3
WAS011,2025-06-02,44.0,79.4,6.380000000000001,0.01,39.719755513303895,4
HUR007,2025-06-09,0.0,88.42857142857143,8.485714285714286,0.0,13.155714285714286,1
HUR008,2025-06-09,12.0,88.42857142857143,8.485714285714286,0.0,13.155714285714286,3
HUR009,2025-06-09,1.0,88.42857142857143,8.485714285714286,0.0,13.155714285714286,1
IVI003,2025-06-09,99.0,88.42857142857143,8.485714285714286,0.0,13.155714285714286,6
LAV001,2025-06-09,7.0,88.42857142857143,8.485714285714286,0.0,13.155714285714286,1
LEE003,2025-06-09,25.0,88.42857142857143,8.485714285714286,0.0,13.155714285714286,3
NHA003,2025-06-09,13.0,88.42857142857143,8.485714285714286,0.0,13.155714285714286,3
SCL001,2025-06-09,8.0,88.42857142857143,8.485714285714286,0.0,13.155714285714286,1
SCL004,2025-06-09,36.0,88.42857142857143,8.485714285714286,0.0,13.155714285714286,4
SCL005,2025-06-09,5.0,88.42857142857143,8.485714285714286,0.0,13.155714285714286,1
SGE002,2025-06-09,66.0,88.42857142857143,8.485714285714286,0.0,13.155714285714286,5
SGE003,2025-06-09,68.0,88.42857142857143,8.485714285714286,0.0,13.155714285714286,5
SGE003-2,2025-06-09,76.0,88.42857142857143,8.485714285714286,0.0,13.155714285714286,5
SGE007,2025-06-09,12.0,88.42857142857143,8.485714285714286,0.0,13.155714285714286,3
SGE008-2,2025-06-09,6.0,88.42857142857143,8.485714285714286,0.0,13.155714285714286,1
SGE009,2025-06-09,8.0,88.42857142857143,8.485714285714286,0.0,13.155714285714286,1
SGE009-2,2025-06-09,1.0,88.42857142857143,8.485714285714286,0.0,13.155714285714286,1
SGE013,2025-06-09,43.0,88.42857142857143,8.485714285714286,0.0,13.155714285714286,4
SGE014,2025-06-09,6.0,88.42857142857143,8.485714285714286,0.0,13.155714285714286,1
SGE015,2025-06-09,10.0,88.42857142857143,8.485714285714286,0.0,13.155714285714286,1
SGE016,2025-06-09,2.0,88.42857142857143,8.485714285714286,0.0,13.155714285714286,1
SGE017,2025-06-09,97.0,88.42857142857143,8.485714285714286,0.0,13.155714285714286,6
SGE018,2025-06-09,2.0,88.42857142857143,8.485714285714286,0.0,13.155714285714286,1
SPR002,2025-06-09,3.0,88.42857142857143,8.485714285714286,0.0,13.155714285714286,1
VIR008,2025-06-09,12.0,88.42857142857143,8.485714285714286,0.0,13.155714285714286,3
WAS001,2025-06-09,1.0,88.42857142857143,8.485714285714286,0.0,13.155714285714286,1
WAS002,2025-06-09,17.0,88.42857142857143,8.485714285714286,0.0,13.155714285714286,3
WAS005,2025-06-09,9.0,88.42857142857143,8.485714285714286,0.0,13.155714285714286,1
WAS006,2025-06-09,3.0,88.42857142857143,8.485714285714286,0.0,13.155714285714286,1
WAS008,2025-06-09,74.0,88.42857142857143,8.485714285714286,0.0,13.155714285714286,5
WAS011,2025-06-09,209.0,88.42857142857143,8.485714285714286,0.0,13.155714285714286,8
HUR007,2025-06-16,0.0,86.42857142857143,11.214285714285714,0.0,8.947124542124543,1
HUR008,2025-06-16,1.0,86.42857142857143,11.214285714285714,0.0,8.947124542124543,1
HUR009,2025-06-16,0.0,86.42857142857143,11.214285714285714,0.0,8.947124542124543,1
IVI003,2025-06-16,20.0,86.42857142857143,11.214285714285714,0.0,8.947124542124543,3
LAV001,2025-06-16,8.0,86.42857142857143,11.214285714285714,0.0,8.947124542124543,1
SCL001,2025-06-16,3.0,86.42857142857143,11.214285714285714,0.0,8.947124542124543,1
SCL004,2025-06-16,24.0,86.42857142857143,11.214285714285714,0.0,8.947124542124543,3
SCL005,2025-06-16,18.0,86.42857142857143,11.214285714285714,0.0,8.947124542124543,3
SGE002,2025-06-16,48.0,86.42857142857143,11.214285714285714,0.0,8.947124542124543,5
SGE003,2025-06-16,61.0,86.42857142857143,11.214285714285714,0.0,8.947124542124543,5
SGE003-2,2025-06-16,98.0,86.42857142857143,11.214285714285714,0.0,8.947124542124543,6
SGE007,2025-06-16,14.0,86.42857142857143,11.214285714285714,0.0,8.947124542124543,3
SGE008-2,2025-06-16,74.0,86.42857142857143,11.214285714285714,0.0,8.947124542124543,5
SGE009,2025-06-16,16.0,86.42857142857143,11.214285714285714,0.0,8.947124542124543,3
SGE009-2,2025-06-16,13.0,86.42857142857143,11.214285714285714,0.0,8.947124542124543,3
SGE013,2025-06-16,29.0,86.42857142857143,11.214285714285714,0.0,8.947124542124543,3
SGE014,2025-06-16,12.0,86.42857142857143,11.214285714285714,0.0,8.947124542124543,3
SGE015,2025-06-16,21.0,86.42857142857143,11.214285714285714,0.0,8.947124542124543,3
SGE016,2025-06-16,15.0,86.42857142857143,11.214285714285714,0.0,8.947124542124543,3
SGE017,2025-06-16,246.0,86.42857142857143,11.214285714285714,0.0,8.947124542124543,9
SGE018,2025-06-16,1.0,86.42857142857143,11.214285714285714,0.0,8.947124542124543,1
SPR002,2025-06-16,216.0,86.42857142857143,11.214285714285714,0.0,8.947124542124543,8
VIR008,2025-06-16,35.0,86.42857142857143,11.214285714285714,0.0,8.947124542124543,4
WAS001,2025-06-16,1.0,86.42857142857143,11.214285714285714,0.0,8.947124542124543,1
WAS002,2025-06-16,77.0,86.42857142857143,11.214285714285714,0.0,8.947124542124543,5
WAS005,2025-06-16,9.0,86.42857142857143,11.214285714285714,0.0,8.947124542124543,1
WAS006,2025-06-16,0.0,86.42857142857143,11.214285714285714,0.0,8.947124542124543,1
WAS008,2025-06-16,91.0,86.42857142857143,11.214285714285714,0.0,8.947124542124543,5
WAS011,2025-06-16,339.0,86.42857142857143,11.214285714285714,0.0,8.947124542124543,10
HIL002,2025-06-23,13.0,82.85714285714286,6.214285714285714,0.0,12.504285714285714,3
HUR007,2025-06-23,2.0,82.85714285714286,6.214285714285714,0.0,12.504285714285714,1
HUR008,2025-06-23,10.0,82.85714285714286,6.214285714285714,0.0,12.504285714285714,1
HUR009,2025-06-23,0.0,82.85714285714286,6.214285714285714,0.0,12.504285714285714,1
IVI003,2025-06-23,23.0,82.85714285714286,6.214285714285714,0.0,12.504285714285714,3
LAV001,2025-06-23,8.0,82.85714285714286,6.214285714285714,0.0,12.504285714285714,1
LEE003,2025-06-23,8.0,82.85714285714286,6.214285714285714,0.0,12.504285714285714,1
NHA002,2025-06-23,23.0,82.85714285714286,6.214285714285714,0.0,12.504285714285714,3
NHA003,2025-06-23,53.0,82.85714285714286,6.214285714285714,0.0,12.504285714285714,5
SCL001,2025-06-23,6.0,82.85714285714286,6.214285714285714,0.0,12.504285714285714,1
SCL004,2025-06-23,42.0,82.85714285714286,6.214285714285714,0.0,12.504285714285714,4
SCL005,2025-06-23,3.0,82.85714285714286,6.214285714285714,0.0,12.504285714285714,1
SGE002,2025-06-23,73.0,82.85714285714286,6.214285714285714,0.0,12.504285714285714,5
SGE003,2025-06-23,108.0,82.85714285714286,6.214285714285714,0.0,12.504285714285714,6
SGE003-2,2025-06-23,108.0,82.85714285714286,6.214285714285714,0.0,12.504285714285714,6
SGE007,2025-06-23,0.0,82.85714285714286,6.214285714285714,0.0,12.504285714285714,1
SGE008-2,2025-06-23,45.0,82.85714285714286,6.214285714285714,0.0,12.504285714285714,5
SGE009,2025-06-23,10.0,82.85714285714286,6.214285714285714,0.0,12.504285714285714,1
SGE009-2,2025-06-23,10.0,82.85714285714286,6.214285714285714,0.0,12.504285714285714,1
SGE013,2025-06-23,28.0,82.85714285714286,6.214285714285714,0.0,12.504285714285714,3
SGE014,2025-06-23,7.0,82.85714285714286,6.214285714285714,0.0,12.504285714285714,1
SGE015,2025-06-23,13.0,82.85714285714286,6.214285714285714,0.0,12.504285714285714,3
SGE016,2025-06-23,14.0,82.85714285714286,6.214285714285714,0.0,12.504285714285714,3
SGE017,2025-06-23,341.0,82.85714285714286,6.214285714285714,0.0,12.504285714285714,10
SGE018,2025-06-23,0.0,82.85714285714286,6.214285714285714,0.0,12.504285714285714,1
SPR002,2025-06-23,8.0,82.85714285714286,6.214285714285714,0.0,12.504285714285714,1
SR-Judy's Pond,2025-06-23,51.0,82.85714285714286,6.214285714285714,0.0,12.504285714285714,5
VIR008,2025-06-23,11.0,82.85714285714286,6.214285714285714,0.0,12.504285714285714,2
WAS001,2025-06-23,3.0,82.85714285714286,6.214285714285714,0.0,12.504285714285714,1
WAS002,2025-06-23,16.0,82.85714285714286,6.214285714285714,0.0,12.504285714285714,3
WAS005,2025-06-23,16.0,82.85714285714286,6.214285714285714,0.0,12.504285714285714,3
WAS006,2025-06-23,4.0,82.85714285714286,6.214285714285714,0.0,12.504285714285714,1
WAS008,2025-06-23,13.0,82.85714285714286,6.214285714285714,0.0,12.504285714285714,3
WAS011,2025-06-23,252.0,82.85714285714286,6.214285714285714,0.0,12.504285714285714,9
HUR007,2025-06-30,8.0,87.66666666666667,9.142857142857142,0.0014285714285714,19.18136166762418,1
HUR008,2025-06-30,5.0,87.66666666666667,9.142857142857142,0.0014285714285714,19.18136166762418,1
HUR009,2025-06-30,5.0,87.66666666666667,9.142857142857142,0.0014285714285714,19.18136166762418,1
IVI003,2025-06-30,32.0,87.66666666666667,9.142857142857142,0.0014285714285714,19.18136166762418,4
LAV001,2025-06-30,45.0,87.66666666666667,9.142857142857142,0.0014285714285714,19.18136166762418,5
SCL001,2025-06-30,10.0,87.66666666666667,9.142857142857142,0.0014285714285714,19.18136166762418,1
SCL004,2025-06-30,78.0,87.66666666666667,9.142857142857142,0.0014285714285714,19.18136166762418,5
SCL005,2025-06-30,21.0,87.66666666666667,9.142857142857142,0.0014285714285714,19.18136166762418,3
SGE002,2025-06-30,84.0,87.66666666666667,9.142857142857142,0.0014285714285714,19.18136166762418,5
SGE003,2025-06-30,116.0,87.66666666666667,9.142857142857142,0.0014285714285714,19.18136166762418,6
SGE003-2,2025-06-30,84.0,87.66666666666667,9.142857142857142,0.0014285714285714,19.18136166762418,5
SGE007,2025-06-30,33.0,87.66666666666667,9.142857142857142,0.0014285714285714,19.18136166762418,4
SGE008-2,2025-06-30,23.0,87.66666666666667,9.142857142857142,0.0014285714285714,19.18136166762418,3
SGE009,2025-06-30,4.0,87.66666666666667,9.142857142857142,0.0014285714285714,19.18136166762418,1
SGE009-2,2025-06-30,22.0,87.66666666666667,9.142857142857142,0.0014285714285714,19.18136166762418,3
SGE013,2025-06-30,27.0,87.66666666666667,9.142857142857142,0.0014285714285714,19.18136166762418,3
SGE014,2025-06-30,9.0,87.66666666666667,9.142857142857142,0.0014285714285714,19.18136166762418,1
SGE015,2025-06-30,18.0,87.66666666666667,9.142857142857142,0.0014285714285714,19.18136166762418,3
SGE016,2025-06-30,4.0,87.66666666666667,9.142857142857142,0.0014285714285714,19.18136166762418,1
SGE017,2025-06-30,76.0,87.66666666666667,9.142857142857142,0.0014285714285714,19.18136166762418,5
SGE018,2025-06-30,0.0,87.66666666666667,9.142857142857142,0.0014285714285714,19.18136166762418,1
SPR002,2025-06-30,14.0,87.66666666666667,9.142857142857142,0.0014285714285714,19.18136166762418,3
VIR008,2025-06-30,19.0,87.66666666666667,9.142857142857142,0.0014285714285714,19.18136166762418,3
WAS001,2025-06-30,3.0,87.66666666666667,9.142857142857142,0.0014285714285714,19.18136166762418,1
WAS002,2025-06-30,56.0,87.66666666666667,9.142857142857142,0.0014285714285714,19.18136166762418,5
WAS005,2025-06-30,7.0,87.66666666666667,9.142857142857142,0.0014285714285714,19.18136166762418,1
WAS006,2025-06-30,2.0,87.66666666666667,9.142857142857142,0.0014285714285714,19.18136166762418,1
WAS008,2025-06-30,66.0,87.66666666666667,9.142857142857142,0.0014285714285714,19.18136166762418,5
WAS011,2025-06-30,490.0,87.66666666666667,9.142857142857142,0.0014285714285714,19.18136166762418,10
AEG-1901 E 10 N Cir,2025-07-07,2.0,90.5,6.525,0.0,13.125,1
AEG-233 Shadow Point,2025-07-07,23.0,90.5,6.525,0.0,13.125,3
AEG-3635 Alpine Dr,2025-07-07,2.0,90.5,6.525,0.0,13.125,1
AEG-508 E 300 S,2025-07-07,13.0,90.5,6.525,0.0,13.125,3
AEG-508 E. 200 S. STG,2025-07-07,45.0,90.5,6.525,0.0,13.125,5
EX-Mall Dr. Bridge,2025-07-07,83.0,90.5,6.525,0.0,13.125,5
HUR007,2025-07-07,3.0,90.5,6.525,0.0,13.125,1
HUR008,2025-07-07,2.0,90.5,6.525,0.0,13.125,1
HUR009,2025-07-07,4.0,90.5,6.525,0.0,13.125,1
IVI003,2025-07-07,13.0,90.5,6.525,0.0,13.125,3
LAV001,2025-07-07,52.0,90.5,6.525,0.0,13.125,5
LEE003,2025-07-07,16.0,90.5,6.525,0.0,13.125,3
NHA002,2025-07-07,10.0,90.5,6.525,0.0,13.125,1
NHA003,2025-07-07,42.0,90.5,6.525,0.0,13.125,4
SCL001,2025-07-07,4.0,90.5,6.525,0.0,13.125,1
SCL004,2025-07-07,40.0,90.5,6.525,0.0,13.125,4
SCL005,2025-07-07,6.0,90.5,6.525,0.0,13.125,1
SGE002,2025-07-07,98.0,90.5,6.525,0.0,13.125,6
SGE003,2025-07-07,114.0,90.5,6.525,0.0,13.125,6
SGE003-2,2025-07-07,94.0,90.5,6.525,0.0,13.125,6
SGE007,2025-07-07,18.0,90.5,6.525,0.0,13.125,3
SGE008-2,2025-07-07,21.0,90.5,6.525,0.0,13.125,3
SGE009-2,2025-07-07,23.0,90.5,6.525,0.0,13.125,3
SGE013,2025-07-07,20.0,90.5,6.525,0.0,13.125,3
SGE014,2025-07-07,6.0,90.5,6.525,0.0,13.125,1
SGE015,2025-07-07,10.0,90.5,6.525,0.0,13.125,1
SGE016,2025-07-07,8.0,90.5,6.525,0.0,13.125,1
SGE017,2025-07-07,104.0,90.5,6.525,0.0,13.125,6
SGE018,2025-07-07,1.0,90.5,6.525,0.0,13.125,1
SPR002,2025-07-07,11.0,90.5,6.525,0.0,13.125,2
VIR008,2025-07-07,25.0,90.5,6.525,0.0,13.125,3
WAS001,2025-07-07,0.0,90.5,6.525,0.0,13.125,1
WAS002,2025-07-07,11.0,90.5,6.525,0.0,13.125,2
WAS005,2025-07-07,4.0,90.5,6.525,0.0,13.125,1
WAS006,2025-07-07,0.0,90.5,6.525,0.0,13.125,1
WAS008,2025-07-07,20.0,90.5,6.525,0.0,13.125,3
WAS011,2025-07-07,324.0,90.5,6.525,0.0,13.125,9
AEG-2386 E. 630 N.,2025-07-14,3.0,89.85714285714286,8.785714285714286,0.0,24.034285714285716,1
AEG-3635 Alpine Dr,2025-07-14,7.0,89.85714285714286,8.785714285714286,0.0,24.034285714285716,1
HUR007,2025-07-14,3.0,89.85714285714286,8.785714285714286,0.0,24.034285714285716,1
HUR008,2025-07-14,9.0,89.85714285714286,8.785714285714286,0.0,24.034285714285716,1
HUR009,2025-07-14,1.0,89.85714285714286,8.785714285714286,0.0,24.034285714285716,1
IVI003,2025-07-14,25.0,89.85714285714286,8.785714285714286,0.0,24.034285714285716,3
LAV001,2025-07-14,30.0,89.85714285714286,8.785714285714286,0.0,24.034285714285716,3
ROC002,2025-07-14,7.0,89.85714285714286,8.785714285714286,0.0,24.034285714285716,1
SCL001,2025-07-14,2.0,89.85714285714286,8.785714285714286,0.0,24.034285714285716,1
SCL004,2025-07-14,60.0,89.85714285714286,8.785714285714286,0.0,24.034285714285716,5
SCL005,2025-07-14,11.0,89.85714285714286,8.785714285714286,0.0,24.034285714285716,2
SGE002,2025-07-14,106.0,89.85714285714286,8.785714285714286,0.0,24.034285714285716,6
SGE003,2025-07-14,381.0,89.85714285714286,8.785714285714286,0.0,24.034285714285716,10
SGE003-2,2025-07-14,296.0,89.85714285714286,8.785714285714286,0.0,24.034285714285716,9
SGE007,2025-07-14,11.0,89.85714285714286,8.785714285714286,0.0,24.034285714285716,2
SGE008-2,2025-07-14,27.0,89.85714285714286,8.785714285714286,0.0,24.034285714285716,3
SGE009,2025-07-14,12.0,89.85714285714286,8.785714285714286,0.0,24.034285714285716,3
SGE009-2,2025-07-14,1.0,89.85714285714286,8.785714285714286,0.0,24.034285714285716,1
SGE013,2025-07-14,45.0,89.85714285714286,8.785714285714286,0.0,24.034285714285716,5
SGE014,2025-07-14,5.0,89.85714285714286,8.785714285714286,0.0,24.034285714285716,1
SGE015,2025-07-14,6.0,89.85714285714286,8.785714285714286,0.0,24.034285714285716,1
SGE016,2025-07-14,8.0,89.85714285714286,8.785714285714286,0.0,24.034285714285716,1
SGE017,2025-07-14,205.0,89.85714285714286,8.785714285714286,0.0,24.034285714285716,8
SGE018,2025-07-14,1.0,89.85714285714286,8.785714285714286,0.0,24.034285714285716,1
SPR002,2025-07-14,12.0,89.85714285714286,8.785714285714286,0.0,24.034285714285716,3
WAS001,2025-07-14,4.0,89.85714285714286,8.785714285714286,0.0,24.034285714285716,1
WAS002,2025-07-14,31.0,89.85714285714286,8.785714285714286,0.0,24.034285714285716,4
WAS005,2025-07-14,5.0,89.85714285714286,8.785714285714286,0.0,24.034285714285716,1
WAS006,2025-07-14,2.0,89.85714285714286,8.785714285714286,0.0,24.034285714285716,1
WAS008,2025-07-14,16.0,89.85714285714286,8.785714285714286,0.0,24.034285714285716,3
WAS011,2025-07-14,354.0,89.85714285714286,8.785714285714286,0.0,24.034285714285716,10
AEG-1901 E. 10 N.,2025-07-21,3.0,83.83333333333333,7.359999999999999,0.0249999999999999,14.908586217095534,1
AEG-639 N. 2000 E,2025-07-21,85.0,83.83333333333333,7.359999999999999,0.0249999999999999,14.908586217095534,5
AEG-67 Reflection Way STG,2025-07-21,1.0,83.83333333333333,7.359999999999999,0.0249999999999999,14.908586217095534,1
EX-Mall Dr. Bridge,2025-07-21,50.0,83.83333333333333,7.359999999999999,0.0249999999999999,14.908586217095534,5
HUR007,2025-07-21,8.0,83.83333333333333,7.359999999999999,0.0249999999999999,14.908586217095534,1
HUR008,2025-07-21,0.0,83.83333333333333,7.359999999999999,0.0249999999999999,14.908586217095534,1
HUR009,2025-07-21,39.0,83.83333333333333,7.359999999999999,0.0249999999999999,14.908586217095534,4
IVI003,2025-07-21,22.0,83.83333333333333,7.359999999999999,0.0249999999999999,14.908586217095534,3
LAV001,2025-07-21,44.0,83.83333333333333,7.359999999999999,0.0249999999999999,14.908586217095534,4
LEE003,2025-07-21,5.0,83.83333333333333,7.359999999999999,0.0249999999999999,14.908586217095534,1
NHA003,2025-07-21,14.0,83.83333333333333,7.359999999999999,0.0249999999999999,14.908586217095534,3
ROC004,2025-07-21,3.0,83.83333333333333,7.359999999999999,0.0249999999999999,14.908586217095534,1
SCL001,2025-07-21,10.0,83.83333333333333,7.359999999999999,0.0249999999999999,14.908586217095534,1
SCL004,2025-07-21,45.0,83.83333333333333,7.359999999999999,0.0249999999999999,14.908586217095534,5
SGE003,2025-07-21,83.0,83.83333333333333,7.359999999999999,0.0249999999999999,14.908586217095534,5
SGE003-2,2025-07-21,76.0,83.83333333333333,7.359999999999999,0.0249999999999999,14.908586217095534,5
SGE007,2025-07-21,5.0,83.83333333333333,7.359999999999999,0.0249999999999999,14.908586217095534,1
SGE009,2025-07-21,27.0,83.83333333333333,7.359999999999999,0.0249999999999999,14.908586217095534,3
SGE013,2025-07-21,16.0,83.83333333333333,7.359999999999999,0.0249999999999999,14.908586217095534,3
SGE015,2025-07-21,9.0,83.83333333333333,7.359999999999999,0.0249999999999999,14.908586217095534,1
SGE017,2025-07-21,132.0,83.83333333333333,7.359999999999999,0.0249999999999999,14.908586217095534,6
SPR002,2025-07-21,6.0,83.83333333333333,7.359999999999999,0.0249999999999999,14.908586217095534,1
TOQ002,2025-07-21,0.0,83.83333333333333,7.359999999999999,0.0249999999999999,14.908586217095534,1
WAS002,2025-07-21,4.0,83.83333333333333,7.359999999999999,0.0249999999999999,14.908586217095534,1
WAS005,2025-07-21,5.0,83.83333333333333,7.359999999999999,0.0249999999999999,14.908586217095534,1
WAS006,2025-07-21,0.0,83.83333333333333,7.359999999999999,0.0249999999999999,14.908586217095534,1
WAS008,2025-07-21,6.0,83.83333333333333,7.359999999999999,0.0249999999999999,14.908586217095534,1
WAS011,2025-07-21,77.0,83.83333333333333,7.359999999999999,0.0249999999999999,14.908586217095534,5
AEG-203 N. 2410 E. STG,2025-07-28,33.0,87.28571428571429,7.414285714285714,0.0,10.273095238095236,4
AEG-2990 E. Riverside Dr. #250 STG,2025-07-28,21.0,87.28571428571429,7.414285714285714,0.0,10.273095238095236,3
AEG-3169 Canyon View Dr. SC,2025-07-28,1.0,87.28571428571429,7.414285714285714,0.0,10.273095238095236,1
AEG-474 N. 2000 E. STG,2025-07-28,7.0,87.28571428571429,7.414285714285714,0.0,10.273095238095236,1
ENT003,2025-07-28,7.0,87.28571428571429,7.414285714285714,0.0,10.273095238095236,1
HUR007,2025-07-28,3.0,87.28571428571429,7.414285714285714,0.0,10.273095238095236,1
HUR008,2025-07-28,2.0,87.28571428571429,7.414285714285714,0.0,10.273095238095236,1
HUR009,2025-07-28,1.0,87.28571428571429,7.414285714285714,0.0,10.273095238095236,1
IVI003,2025-07-28,29.0,87.28571428571429,7.414285714285714,0.0,10.273095238095236,3
LAV001,2025-07-28,13.0,87.28571428571429,7.414285714285714,0.0,10.273095238095236,3
ROC002,2025-07-28,1.0,87.28571428571429,7.414285714285714,0.0,10.273095238095236,1
SCL001,2025-07-28,5.0,87.28571428571429,7.414285714285714,0.0,10.273095238095236,1
SCL004,2025-07-28,73.0,87.28571428571429,7.414285714285714,0.0,10.273095238095236,5
SCL005,2025-07-28,9.0,87.28571428571429,7.414285714285714,0.0,10.273095238095236,1
SGE002,2025-07-28,119.0,87.28571428571429,7.414285714285714,0.0,10.273095238095236,6
SGE003,2025-07-28,123.0,87.28571428571429,7.414285714285714,0.0,10.273095238095236,6
SGE003-2,2025-07-28,113.0,87.28571428571429,7.414285714285714,0.0,10.273095238095236,6
SGE007,2025-07-28,7.0,87.28571428571429,7.414285714285714,0.0,10.273095238095236,1
SGE008-2,2025-07-28,2.0,87.28571428571429,7.414285714285714,0.0,10.273095238095236,1
SGE009-2,2025-07-28,41.0,87.28571428571429,7.414285714285714,0.0,10.273095238095236,4
SGE013,2025-07-28,22.0,87.28571428571429,7.414285714285714,0.0,10.273095238095236,3
SGE014,2025-07-28,1.0,87.28571428571429,7.414285714285714,0.0,10.273095238095236,1
SGE015,2025-07-28,17.0,87.28571428571429,7.414285714285714,0.0,10.273095238095236,3
SGE016,2025-07-28,13.0,87.28571428571429,7.414285714285714,0.0,10.273095238095236,3
SGE017,2025-07-28,86.0,87.28571428571429,7.414285714285714,0.0,10.273095238095236,5
SGE018,2025-07-28,6.0,87.28571428571429,7.414285714285714,0.0,10.273095238095236,1
SPR002,2025-07-28,4.0,87.28571428571429,7.414285714285714,0.0,10.273095238095236,1
SR-Shargri La,2025-07-28,0.0,87.28571428571429,7.414285714285714,0.0,10.273095238095236,1
WAS001,2025-07-28,0.0,87.28571428571429,7.414285714285714,0.0,10.273095238095236,1
WAS002,2025-07-28,36.0,87.28571428571429,7.414285714285714,0.0,10.273095238095236,4
WAS005,2025-07-28,1.0,87.28571428571429,7.414285714285714,0.0,10.273095238095236,1
WAS006,2025-07-28,0.0,87.28571428571429,7.414285714285714,0.0,10.273095238095236,1
WAS008,2025-07-28,5.0,87.28571428571429,7.414285714285714,0.0,10.273095238095236,1
WAS011,2025-07-28,136.0,87.28571428571429,7.414285714285714,0.0,10.273095238095236,6
AEG-508 E. 300 S.,2025-08-04,22.0,90.85714285714286,8.585714285714285,0.0,10.4903663003663,3
AEG-835 N. 1900 E. STG,2025-08-04,7.0,90.85714285714286,8.585714285714285,0.0,10.4903663003663,1
EX-Mall Dr. Bridge,2025-08-04,27.0,90.85714285714286,8.585714285714285,0.0,10.4903663003663,3
HUR007,2025-08-04,1.0,90.85714285714286,8.585714285714285,0.0,10.4903663003663,1
HUR008,2025-08-04,4.0,90.85714285714286,8.585714285714285,0.0,10.4903663003663,1
HUR009,2025-08-04,2.0,90.85714285714286,8.585714285714285,0.0,10.4903663003663,1
IVI003,2025-08-04,8.0,90.85714285714286,8.585714285714285,0.0,10.4903663003663,1
LAV001,2025-08-04,7.0,90.85714285714286,8.585714285714285,0.0,10.4903663003663,1
LEE003,2025-08-04,3.0,90.85714285714286,8.585714285714285,0.0,10.4903663003663,1
NHA003,2025-08-04,10.0,90.85714285714286,8.585714285714285,0.0,10.4903663003663,1
ROC002,2025-08-04,3.0,90.85714285714286,8.585714285714285,0.0,10.4903663003663,1
SCL001,2025-08-04,5.0,90.85714285714286,8.585714285714285,0.0,10.4903663003663,1
SCL004,2025-08-04,23.0,90.85714285714286,8.585714285714285,0.0,10.4903663003663,3
SCL005,2025-08-04,21.0,90.85714285714286,8.585714285714285,0.0,10.4903663003663,3
SGE002,2025-08-04,61.0,90.85714285714286,8.585714285714285,0.0,10.4903663003663,5
SGE003,2025-08-04,404.0,90.85714285714286,8.585714285714285,0.0,10.4903663003663,10
SGE007,2025-08-04,5.0,90.85714285714286,8.585714285714285,0.0,10.4903663003663,1
SGE008-2,2025-08-04,4.0,90.85714285714286,8.585714285714285,0.0,10.4903663003663,1
SGE009-2,2025-08-04,9.0,90.85714285714286,8.585714285714285,0.0,10.4903663003663,1
SGE013,2025-08-04,16.0,90.85714285714286,8.585714285714285,0.0,10.4903663003663,3
SGE014,2025-08-04,1.0,90.85714285714286,8.585714285714285,0.0,10.4903663003663,1
SGE015,2025-08-04,7.0,90.85714285714286,8.585714285714285,0.0,10.4903663003663,1
SGE016,2025-08-04,7.0,90.85714285714286,8.585714285714285,0.0,10.4903663003663,1
SGE017,2025-08-04,15.0,90.85714285714286,8.585714285714285,0.0,10.4903663003663,3
SGE018,2025-08-04,0.0,90.85714285714286,8.585714285714285,0.0,10.4903663003663,1
SPR002,2025-08-04,7.0,90.85714285714286,8.585714285714285,0.0,10.4903663003663,1
VIR008,2025-08-04,4.0,90.85714285714286,8.585714285714285,0.0,10.4903663003663,1
WAS001,2025-08-04,1.0,90.85714285714286,8.585714285714285,0.0,10.4903663003663,1
WAS002,2025-08-04,6.0,90.85714285714286,8.585714285714285,0.0,10.4903663003663,1
WAS005,2025-08-04,4.0,90.85714285714286,8.585714285714285,0.0,10.4903663003663,1
WAS006,2025-08-04,2.0,90.85714285714286,8.585714285714285,0.0,10.4903663003663,1
WAS008,2025-08-04,5.0,90.85714285714286,8.585714285714285,0.0,10.4903663003663,1
WAS011,2025-08-04,115.0,90.85714285714286,8.585714285714285,0.0,10.4903663003663,6
AEG-1194 W. 220 N Cir.,2025-08-11,81.0,89.0,8.128571428571428,0.0328571428571428,20.379704229517895,5
AEG-574 N. 2330 E. STG,2025-08-11,6.0,89.0,8.128571428571428,0.0328571428571428,20.379704229517895,1
ENT003,2025-08-11,9.0,89.0,8.128571428571428,0.0328571428571428,20.379704229517895,1
EX-Enterprise Cemetery,2025-08-11,0.0,89.0,8.128571428571428,0.0328571428571428,20.379704229517895,1
HUR007,2025-08-11,10.0,89.0,8.128571428571428,0.0328571428571428,20.379704229517895,1
HUR008,2025-08-11,3.0,89.0,8.128571428571428,0.0328571428571428,20.379704229517895,1
HUR009,2025-08-11,7.0,89.0,8.128571428571428,0.0328571428571428,20.379704229517895,1
IVI003,2025-08-11,28.0,89.0,8.128571428571428,0.0328571428571428,20.379704229517895,3
LAV001,2025-08-11,9.0,89.0,8.128571428571428,0.0328571428571428,20.379704229517895,1
ROC002,2025-08-11,4.0,89.0,8.128571428571428,0.0328571428571428,20.379704229517895,1
SCL001,2025-08-11,8.0,89.0,8.128571428571428,0.0328571428571428,20.379704229517895,1
SCL004,2025-08-11,21.0,89.0,8.128571428571428,0.0328571428571428,20.379704229517895,3
SCL005,2025-08-11,14.0,89.0,8.128571428571428,0.0328571428571428,20.379704229517895,3
SGE002,2025-08-11,103.0,89.0,8.128571428571428,0.0328571428571428,20.379704229517895,6
SGE003,2025-08-11,571.0,89.0,8.128571428571428,0.0328571428571428,20.379704229517895,10
SGE003-2,2025-08-11,271.0,89.0,8.128571428571428,0.0328571428571428,20.379704229517895,9
SGE007,2025-08-11,7.0,89.0,8.128571428571428,0.0328571428571428,20.379704229517895,1
SGE008-2,2025-08-11,9.0,89.0,8.128571428571428,0.0328571428571428,20.379704229517895,1
SGE009-2,2025-08-11,18.0,89.0,8.128571428571428,0.0328571428571428,20.379704229517895,3
SGE013,2025-08-11,3.0,89.0,8.128571428571428,0.0328571428571428,20.379704229517895,1
SGE014,2025-08-11,3.0,89.0,8.128571428571428,0.0328571428571428,20.379704229517895,1
SGE015,2025-08-11,6.0,89.0,8.128571428571428,0.0328571428571428,20.379704229517895,1
SGE016,2025-08-11,8.0,89.0,8.128571428571428,0.0328571428571428,20.379704229517895,1
SGE017,2025-08-11,35.0,89.0,8.128571428571428,0.0328571428571428,20.379704229517895,4
SGE018,2025-08-11,2.0,89.0,8.128571428571428,0.0328571428571428,20.379704229517895,1
SPR002,2025-08-11,10.0,89.0,8.128571428571428,0.0328571428571428,20.379704229517895,1
WAS001,2025-08-11,4.0,89.0,8.128571428571428,0.0328571428571428,20.379704229517895,1
WAS002,2025-08-11,37.0,89.0,8.128571428571428,0.0328571428571428,20.379704229517895,4
WAS005,2025-08-11,5.0,89.0,8.128571428571428,0.0328571428571428,20.379704229517895,1
WAS006,2025-08-11,0.0,89.0,8.128571428571428,0.0328571428571428,20.379704229517895,1
WAS008,2025-08-11,2.0,89.0,8.128571428571428,0.0328571428571428,20.379704229517895,1
WAS011,2025-08-11,243.0,89.0,8.128571428571428,0.0328571428571428,20.379704229517895,9
AEG-1053 Eclipse Dr.,2025-08-18,2.0,90.66666666666669,5.6499999999999995,0.0033333333333333,21.51439037153323,1
APV001,2025-08-18,15.0,90.66666666666669,5.6499999999999995,0.0033333333333333,21.51439037153323,3
EX-Mall Dr. Bridge,2025-08-18,72.0,90.66666666666669,5.6499999999999995,0.0033333333333333,21.51439037153323,5
HUR007,2025-08-18,7.0,90.66666666666669,5.6499999999999995,0.0033333333333333,21.51439037153323,1
HUR008,2025-08-18,4.0,90.66666666666669,5.6499999999999995,0.0033333333333333,21.51439037153323,1
IVI003,2025-08-18,37.0,90.66666666666669,5.6499999999999995,0.0033333333333333,21.51439037153323,4
LAV001,2025-08-18,12.0,90.66666666666669,5.6499999999999995,0.0033333333333333,21.51439037153323,3
LEE003,2025-08-18,7.0,90.66666666666669,5.6499999999999995,0.0033333333333333,21.51439037153323,1
NHA003,2025-08-18,21.0,90.66666666666669,5.6499999999999995,0.0033333333333333,21.51439037153323,3
ROC002,2025-08-18,3.0,90.66666666666669,5.6499999999999995,0.0033333333333333,21.51439037153323,1
SCL001,2025-08-18,8.0,90.66666666666669,5.6499999999999995,0.0033333333333333,21.51439037153323,1
SCL004,2025-08-18,44.0,90.66666666666669,5.6499999999999995,0.0033333333333333,21.51439037153323,4
SCL005,2025-08-18,6.0,90.66666666666669,5.6499999999999995,0.0033333333333333,21.51439037153323,1
SGE002,2025-08-18,191.0,90.66666666666669,5.6499999999999995,0.0033333333333333,21.51439037153323,8
SGE003,2025-08-18,261.0,90.66666666666669,5.6499999999999995,0.0033333333333333,21.51439037153323,9
SGE003-2,2025-08-18,113.0,90.66666666666669,5.6499999999999995,0.0033333333333333,21.51439037153323,6
SGE007,2025-08-18,11.0,90.66666666666669,5.6499999999999995,0.0033333333333333,21.51439037153323,2
SGE008-2,2025-08-18,17.0,90.66666666666669,5.6499999999999995,0.0033333333333333,21.51439037153323,3
SGE009-2,2025-08-18,16.0,90.66666666666669,5.6499999999999995,0.0033333333333333,21.51439037153323,3
SGE013,2025-08-18,21.0,90.66666666666669,5.6499999999999995,0.0033333333333333,21.51439037153323,3
SGE014,2025-08-18,84.0,90.66666666666669,5.6499999999999995,0.0033333333333333,21.51439037153323,5
SGE015,2025-08-18,6.0,90.66666666666669,5.6499999999999995,0.0033333333333333,21.51439037153323,1
SGE016,2025-08-18,1.0,90.66666666666669,5.6499999999999995,0.0033333333333333,21.51439037153323,1
SGE017,2025-08-18,94.0,90.66666666666669,5.6499999999999995,0.0033333333333333,21.51439037153323,6
SGE018,2025-08-18,0.0,90.66666666666669,5.6499999999999995,0.0033333333333333,21.51439037153323,1
SPR002,2025-08-18,5.0,90.66666666666669,5.6499999999999995,0.0033333333333333,21.51439037153323,1
SR-Shargri La,2025-08-18,0.0,90.66666666666669,5.6499999999999995,0.0033333333333333,21.51439037153323,1
WAS001,2025-08-18,1.0,90.66666666666669,5.6499999999999995,0.0033333333333333,21.51439037153323,1
WAS002,2025-08-18,7.0,90.66666666666669,5.6499999999999995,0.0033333333333333,21.51439037153323,1
WAS005,2025-08-18,4.0,90.66666666666669,5.6499999999999995,0.0033333333333333,21.51439037153323,1
WAS006,2025-08-18,0.0,90.66666666666669,5.6499999999999995,0.0033333333333333,21.51439037153323,1
WAS008,2025-08-18,4.0,90.66666666666669,5.6499999999999995,0.0033333333333333,21.51439037153323,1
WAS011,2025-08-18,119.0,90.66666666666669,5.6499999999999995,0.0033333333333333,21.51439037153323,6
AEG-1949 E. 10 N.,2025-08-25,1.0,,,,47.6,1
AEG-574 N. 2330 E. STG,2025-08-25,30.0,,,,47.6,3
EX-Mall Dr. Bridge,2025-08-25,47.0,,,,47.6,5
HUR007,2025-08-25,2.0,,,,47.6,1
HUR008,2025-08-25,3.0,,,,47.6,1
HUR009,2025-08-25,2.0,,,,47.6,1
IVI003,2025-08-25,33.0,,,,47.6,4
LAV001,2025-08-25,16.0,,,,47.6,3
ROC002,2025-08-25,4.0,,,,47.6,1
SCL001,2025-08-25,23.0,,,,47.6,3
SCL004,2025-08-25,36.0,,,,47.6,4
SCL005,2025-08-25,27.0,,,,47.6,3
SGE002,2025-08-25,612.0,,,,47.6,10
SGE003,2025-08-25,209.0,,,,47.6,8
SGE003-2,2025-08-25,172.0,,,,47.6,7
SGE007,2025-08-25,8.0,,,,47.6,1
SGE008-2,2025-08-25,27.0,,,,47.6,3
SGE009-2,2025-08-25,8.0,,,,47.6,1
SGE013,2025-08-25,3.0,,,,47.6,1
SGE014,2025-08-25,12.0,,,,47.6,3
SGE015,2025-08-25,13.0,,,,47.6,3
SGE017,2025-08-25,143.0,,,,47.6,7
SGE018,2025-08-25,7.0,,,,47.6,1
SPR002,2025-08-25,10.0,,,,47.6,1
TOQ002,2025-08-25,18.0,,,,47.6,3
WAS001,2025-08-25,6.0,,,,47.6,1
WAS002,2025-08-25,8.0,,,,47.6,1
WAS005,2025-08-25,6.0,,,,47.6,1
WAS006,2025-08-25,1.0,,,,47.6,1
WAS008,2025-08-25,12.0,,,,47.6,3
WAS011,2025-08-25,180.0,,,,47.6,7
AEG-3856 Madison Ave,2025-09-01,4.0,,,,,1
EX-Mall Dr. Bridge,2025-09-01,652.0,,,,,10
HUR007,2025-09-01,4.0,,,,,1
HUR008,2025-09-01,5.0,,,,,1
HUR009,2025-09-01,9.0,,,,,1
IVI003,2025-09-01,34.0,,,,,4
LAV001,2025-09-01,25.0,,,,,3
ROC002,2025-09-01,3.0,,,,,1
SCL001,2025-09-01,11.0,,,,,2
SCL004,2025-09-01,37.0,,,,,4
SCL005,2025-09-01,35.0,,,,,4
SGE002,2025-09-01,183.0,,,,,7
SGE003,2025-09-01,374.0,,,,,10
SGE003-2,2025-09-01,342.0,,,,,10
SGE007,2025-09-01,51.0,,,,,5
SGE008-2,2025-09-01,40.0,,,,,4
SGE009-2,2025-09-01,125.0,,,,,6
SGE013,2025-09-01,66.0,,,,,5
SGE014,2025-09-01,79.0,,,,,5
SGE015,2025-09-01,41.0,,,,,4
SGE016,2025-09-01,8.0,,,,,1
SGE017,2025-09-01,108.0,,,,,6
SGE018,2025-09-01,0.0,,,,,1
SPR002,2025-09-01,22.0,,,,,3
VIR008,2025-09-01,103.0,,,,,6
WAS001,2025-09-01,15.0,,,,,3
WAS002,2025-09-01,10.0,,,,,1
WAS006,2025-09-01,2.0,,,,,1
WAS008,2025-09-01,52.0,,,,,5
WAS011,2025-09-01,294.0,,,,,9
EX-Mall Dr. Bridge,2025-09-08,125.0,,,,,6
HUR007,2025-09-08,4.0,,,,,1
HUR008,2025-09-08,2.0,,,,,1
HUR009,2025-09-08,6.0,,,,,1
IVI003,2025-09-08,58.0,,,,,5
LAV001,2025-09-08,7.0,,,,,1
LEE003,2025-09-08,4.0,,,,,1
NHA003,2025-09-08,24.0,,,,,3
ROC002,2025-09-08,0.0,,,,,1
SCL001,2025-09-08,8.0,,,,,1
SCL004,2025-09-08,31.0,,,,,4
SCL005,2025-09-08,2.0,,,,,1
SGE002,2025-09-08,65.0,,,,,5
SGE003,2025-09-08,83.0,,,,,5
SGE003-2,2025-09-08,178.0,,,,,7
SGE007,2025-09-08,54.0,,,,,5
SGE008-2,2025-09-08,19.0,,,,,3
SGE009-2,2025-09-08,63.0,,,,,5
SGE013,2025-09-08,90.0,,,,,5
SGE014,2025-09-08,55.0,,,,,5
SGE015,2025-09-08,22.0,,,,,3
SGE016,2025-09-08,3.0,,,,,1
SGE017,2025-09-08,87.0,,,,,5
SGE018,2025-09-08,0.0,,,,,1
SPR002,2025-09-08,17.0,,,,,3
VIR008,2025-09-08,123.0,,,,,6
WAS001,2025-09-08,3.0,,,,,1
WAS002,2025-09-08,10.0,,,,,1
WAS006,2025-09-08,0.0,,,,,1
WAS008,2025-09-08,43.0,,,,,4
WAS011,2025-09-08,324.0,,,,,9
EX-Mall Dr. Bridge,2025-09-15,101.0,,,,,6
HUR007,2025-09-15,1.0,,,,,1
HUR008,2025-09-15,8.0,,,,,1
HUR009,2025-09-15,12.0,,,,,3
IVI003,2025-09-15,72.0,,,,,5
LAV001,2025-09-15,19.0,,,,,3
ROC002,2025-09-15,2.0,,,,,1
SCL001,2025-09-15,24.0,,,,,3
SCL004,2025-09-15,20.0,,,,,3
SCL005,2025-09-15,7.0,,,,,1
SGE002,2025-09-15,32.0,,,,,4
SGE003,2025-09-15,152.0,,,,,7
SGE003-2,2025-09-15,52.0,,,,,5
SGE007,2025-09-15,31.0,,,,,4
SGE008-2,2025-09-15,23.0,,,,,3
SGE009-2,2025-09-15,15.0,,,,,3
SGE013,2025-09-15,77.0,,,,,5
SGE014,2025-09-15,81.0,,,,,5
SGE015,2025-09-15,49.0,,,,,5
SGE016,2025-09-15,1.0,,,,,1
SGE017,2025-09-15,58.0,,,,,5
SGE018,2025-09-15,4.0,,,,,1
SPR002,2025-09-15,9.0,,,,,1
VIR008,2025-09-15,181.0,,,,,7
WAS001,2025-09-15,1.0,,,,,1
WAS002,2025-09-15,3.0,,,,,1
WAS006,2025-09-15,1.0,,,,,1
WAS008,2025-09-15,16.0,,,,,3
WAS011,2025-09-15,265.0,,,,,9
AEG-Adrian Player,2025-09-22,0.0,,,,,1
EX-Mall Dr. Bridge,2025-09-22,29.0,,,,,3
HUR007,2025-09-22,6.0,,,,,1
HUR008,2025-09-22,0.0,,,,,1
HUR009,2025-09-22,6.0,,,,,1
IVI003,2025-09-22,122.0,,,,,6
LAV001,2025-09-22,21.0,,,,,3
LEE003,2025-09-22,4.0,,,,,1
NHA003,2025-09-22,14.0,,,,,3
SCL001,2025-09-22,10.0,,,,,1
SCL004,2025-09-22,36.0,,,,,4
SGE002,2025-09-22,29.0,,,,,3
SGE003,2025-09-22,101.0,,,,,6
SGE003-2,2025-09-22,57.0,,,,,5
SGE007,2025-09-22,60.0,,,,,5
SGE008-2,2025-09-22,28.0,,,,,3
SGE009-2,2025-09-22,93.0,,,,,6
SGE013,2025-09-22,46.0,,,,,5
SGE014,2025-09-22,25.0,,,,,3
SGE015,2025-09-22,10.0,,,,,1
SGE017,2025-09-22,99.0,,,,,6
SPR002,2025-09-22,16.0,,,,,3
VIR008,2025-09-22,88.0,,,,,5
WAS002,2025-09-22,2.0,,,,,1
WAS008,2025-09-22,143.0,,,,,7
WAS011,2025-09-22,198.0,,,,,8
AEG-526 N. 2360 E. SG.,2025-09-29,8.0,,,,,1
AEG-Adrian Player,2025-09-29,1.0,,,,,1
EX-Mall Dr. Bridge,2025-09-29,35.0,,,,,4
HUR007,2025-09-29,6.0,,,,,1
HUR008,2025-09-29,24.0,,,,,3
IVI003,2025-09-29,57.0,,,,,5
LAV001,2025-09-29,15.0,,,,,3
LEE003,2025-09-29,4.0,,,,,1
NHA003,2025-09-29,4.0,,,,,1
SCL001,2025-09-29,16.0,,,,,3
SCL004,2025-09-29,36.0,,,,,4
SGE002,2025-09-29,36.0,,,,,4
SGE003,2025-09-29,25.0,,,,,3
SGE003-2,2025-09-29,32.0,,,,,4
SGE007,2025-09-29,55.0,,,,,5
SGE008-2,2025-09-29,8.0,,,,,1
SGE009-2,2025-09-29,106.0,,,,,6
SGE013,2025-09-29,121.0,,,,,6
SGE014,2025-09-29,45.0,,,,,5
SGE015,2025-09-29,15.0,,,,,3
SGE017,2025-09-29,75.0,,,,,5
SPR002,2025-09-29,6.0,,,,,1
VIR008,2025-09-29,249.0,,,,,9
WAS002,2025-09-29,11.0,,,,,2
WAS008,2025-09-29,75.0,,,,,5
WAS011,2025-09-29,81.0,,,,,5
AEG-Carson Gardner 2149 10 S.,2025-10-06,12.0,,,,,3
EX-Mall Dr. Bridge,2025-10-06,32.0,,,,,4
HUR008,2025-10-06,0.0,,,,,1
IVI003,2025-10-06,1.0,,,,,1
LAV001,2025-10-06,11.0,,,,,2
SCL004,2025-10-06,29.0,,,,,3
SGE002,2025-10-06,28.0,,,,,3
SGE003,2025-10-06,55.0,,,,,5
SGE003-2,2025-10-06,30.0,,,,,3
SGE007,2025-10-06,93.0,,,,,6
SGE009-2,2025-10-06,17.0,,,,,3
SGE013,2025-10-06,12.0,,,,,3
SGE014,2025-10-06,20.0,,,,,3
SGE017,2025-10-06,9.0,,,,,1
SPR002,2025-10-06,4.0,,,,,1
VIR008,2025-10-06,64.0,,,,,5
WAS002,2025-10-06,2.0,,,,,1
WAS008,2025-10-06,24.0,,,,,3
WAS011,2025-10-06,62.0,,,,,5
AEG-526 N. 2360 E. SG.,2025-10-13,10.0,,,,,1
AEG-Carson Gardner 2149 10 S.,2025-10-13,13.0,,,,,3
EX-Mall Dr. Bridge,2025-10-20,0.0,,,,,1
HUR007,2025-10-20,7.0,,,,,1
LAV001,2025-10-20,3.0,,,,,1
SCL004,2025-10-20,33.0,,,,,4
SGE003,2025-10-20,14.0,,,,,3
SGE003-2,2025-10-20,4.0,,,,,1
SGE007,2025-10-20,30.0,,,,,3
SGE009-2,2025-10-20,13.0,,,,,3
SGE013,2025-10-20,141.0,,,,,6
SGE014,2025-10-20,15.0,,,,,3
SGE017,2025-10-20,86.0,,,,,5
SPR002,2025-10-20,0.0,,,,,1
VIR008,2025-10-20,30.0,,,,,3
WAS008,2025-10-20,15.0,,,,,3
WAS011,2025-10-20,49.0,,,,,5
SCL004,2025-10-27,0.0,,,,,1
SGE003,2025-10-27,1.0,,,,,1
SGE007,2025-10-27,5.0,,,,,1
SGE009-2,2025-10-27,4.0,,,,,1
SGE013,2025-10-27,61.0,,,,,5
SGE014,2025-10-27,2.0,,,,,1
SGE017,2025-10-27,35.0,,,,,4
WAS008,2025-10-27,10.0,,,,,1
WAS011,2025-10-27,40.0,,,,,4
EX-Mall Dr Bridge,2025-11-03,0.0,,,,,1
HUR007,2025-11-03,1.0,,,,,1
IVI003,2025-11-03,0.0,,,,,1
LAV001,2025-11-03,1.0,,,,,1
SCL004,2025-11-03,1.0,,,,,1
SGE002,2025-11-03,1.0,,,,,1
SGE003,2025-11-03,2.0,,,,,1
SGE003-2,2025-11-03,2.0,,,,,1
SGE007,2025-11-03,10.0,,,,,1
SGE009-2,2025-11-03,0.0,,,,,1
SGE013,2025-11-03,28.0,,,,,3
SGE014,2025-11-03,4.0,,,,,1
SGE017,2025-11-03,25.0,,,,,3
VIR008,2025-11-03,105.0,,,,,6
WAS008,2025-11-03,1.0,,,,,1
WAS011,2025-11-03,8.0,,,,,1
EX-Mall Dr Bridge,2025-11-10,1.0,,,,,1
HUR007,2025-11-10,0.0,,,,,1
LAV001,2025-11-10,1.0,,,,,1
SCL004,2025-11-10,2.0,,,,,1
SGE002,2025-11-10,0.0,,,,,1
SGE003,2025-11-10,1.0,,,,,1
SGE003-2,2025-11-10,1.0,,,,,1
SGE007,2025-11-10,0.0,,,,,1
SGE009-2,2025-11-10,0.0,,,,,1
SGE013,2025-11-10,30.0,,,,,3
SGE014,2025-11-10,4.0,,,,,1
SGE017,2025-11-10,28.0,,,,,3
VIR008,2025-11-10,10.0,,,,,1
WAS008,2025-11-10,2.0,,,,,1
WAS011,2025-11-10,17.0,,,,,3
SGE002,2025-11-24,0.0,,,,,1
SGE003,2025-11-24,0.0,,,,,1
SGE003-2,2025-11-24,0.0,,,,,1
SGE013,2025-11-24,22.0,,,,,3
SGE014,2025-11-24,1.0,,,,,1
SGE017,2025-11-24,5.0,,,,,1
WAS008,2025-11-24,1.0,,,,,1
WAS011,2025-11-24,0.0,,,,,1
SCL004,2025-12-08,0.0,,,,,1
SGE002,2025-12-08,0.0,,,,,1
SGE003-2,2025-12-08,0.0,,,,,1
SGE013,2025-12-08,5.0,,,,,1
SGE014,2025-12-08,0.0,,,,,1
SGE017,2025-12-08,1.0,,,,,1
WAS008,2025-12-08,0.0,,,,,1
WAS011,2025-12-08,2.0,,,,,1
SCL004,2025-12-15,2.0,,,,,1
SGE002,2025-12-15,1.0,,,,,1
SGE003-2,2025-12-15,0.0,,,,,1
SGE013,2025-12-15,7.0,,,,,1
SGE014,2025-12-15,0.0,,,,,1
SGE017,2025-12-15,0.0,,,,,1
WAS008,2025-12-15,0.0,,,,,1
WAS011,2025-12-15,3.0,,,,,1
