site,year,cdc_week,week_start,total_mosquitoes,predicted_count,risk_level,risk_label
AEG-3635 Alpine Dr,2025,29,2025-07-14,7.0,5.0,0,Negligible
AEG-574 N. 2330 E. STG,2025,35,2025-08-25,30.0,8.9,10,Outbreak
APV001,2023,33,2023-08-14,28.0,47.5,4,Moderate
APV001,2024,25,2024-06-17,0.0,18.8,2,Low
APV001,2024,31,2024-07-29,6.0,1.6,0,Negligible
APV001,2025,34,2025-08-18,15.0,8.7,10,Outbreak
ENT003,2023,25,2023-06-19,1.0,23.8,3,Low-Moderate
ENT003,2023,33,2023-08-14,1.0,2.8,0,Negligible
ENT003,2024,26,2024-06-24,19.0,2.6,0,Negligible
ENT003,2025,31,2025-07-28,7.0,19.2,2,Low
ENT003,2025,33,2025-08-11,9.0,9.6,1,Very Low
ENT004,2023,25,2023-06-19,16.0,28.3,3,Low-Moderate
ENT004,2023,33,2023-08-14,29.0,13.8,1,Very Low
ENT004,2024,26,2024-06-24,41.0,19.2,2,Low
EX-Mall Dr. Bridge,2025,30,2025-07-21,50.0,49.3,4,Moderate
EX-Mall Dr. Bridge,2025,32,2025-08-04,27.0,31.8,3,Low-Moderate
EX-Mall Dr. Bridge,2025,34,2025-08-18,72.0,24.0,3,Low-Moderate
EX-Mall Dr. Bridge,2025,35,2025-08-25,47.0,42.8,4,Moderate
HAR001,2023,18,2023-05-01,2.0,10.5,1,Very Low
HAR001,2023,20,2023-05-15,16.0,2.8,0,Negligible
HAR001,2023,21,2023-05-22,12.0,12.3,1,Very Low
HAR001,2023,23,2023-06-05,1.0,10.6,1,Very Low
HAR001,2023,24,2023-06-12,1.0,2.6,0,Negligible
HAR001,2023,26,2023-06-26,0.0,2.3,0,Negligible
HAR001,2023,27,2023-07-03,0.0,1.6,0,Negligible
HAR001,2023,28,2023-07-10,0.0,1.8,0,Negligible
HAR001,2023,29,2023-07-17,0.0,2.0,0,Negligible
HAR001,2023,30,2023-07-24,0.0,2.1,0,Negligible
HAR001,2023,32,2023-08-07,0.0,1.9,0,Negligible
HAR001,2023,33,2023-08-14,0.0,1.5,0,Negligible
HAR001,2023,35,2023-08-28,5.0,1.3,0,Negligible
HAR001,2023,36,2023-09-04,25.0,8.2,10,Outbreak
HAR001,2024,21,2024-05-20,0.0,15.9,2,Low
HAR001,2024,33,2024-08-12,0.0,1.2,0,Negligible
HAR001-EX,2023,38,2023-09-18,2.0,36.6,3,Low-Moderate
HAR001-EX,2023,39,2023-09-25,0.0,3.0,0,Negligible
HAR001-EX,2023,40,2023-10-02,2.0,1.0,0,Negligible
HAR001-EX,2023,41,2023-10-09,0.0,2.8,0,Negligible
HIL002,2023,33,2023-08-14,31.0,47.5,4,Moderate
HIL002,2024,25,2024-06-17,87.0,20.1,2,Low
HIL002,2024,31,2024-07-29,52.0,45.5,4,Moderate
HIL002,2025,26,2025-06-23,13.0,34.4,3,Low-Moderate
HUR007,2023,24,2023-06-12,2.0,0.8,0,Negligible
HUR007,2023,25,2023-06-19,4.0,3.3,0,Negligible
HUR007,2023,43,2023-10-23,5.0,5.8,0,Negligible
HUR007,2024,18,2024-04-29,0.0,4.2,0,Negligible
HUR007,2024,20,2024-05-13,1.0,0.9,0,Negligible
HUR007,2024,26,2024-06-24,64.0,2.6,0,Negligible
HUR007,2024,33,2024-08-12,5.0,42.0,4,Moderate
HUR007,2024,34,2024-08-19,2.0,8.4,10,Outbreak
HUR007,2024,35,2024-08-26,110.0,4.1,0,Negligible
HUR007,2024,36,2024-09-02,41.0,50.3,4,Moderate
HUR007,2024,37,2024-09-09,4.0,28.6,3,Low-Moderate
HUR007,2024,38,2024-09-16,5.0,6.0,0,Negligible
HUR007,2024,40,2024-09-30,0.0,5.7,0,Negligible
HUR007,2025,20,2025-05-12,1.0,1.5,0,Negligible
HUR007,2025,21,2025-05-19,0.0,2.1,0,Negligible
HUR007,2025,22,2025-05-26,0.0,1.3,0,Negligible
HUR007,2025,23,2025-06-02,2.0,1.6,0,Negligible
HUR007,2025,24,2025-06-09,0.0,4.3,0,Negligible
HUR007,2025,25,2025-06-16,0.0,1.8,0,Negligible
HUR007,2025,26,2025-06-23,2.0,1.8,0,Negligible
HUR007,2025,27,2025-06-30,8.0,4.2,0,Negligible
HUR007,2025,28,2025-07-07,3.0,10.2,1,Very Low
HUR007,2025,29,2025-07-14,3.0,6.2,0,Negligible
HUR007,2025,30,2025-07-21,8.0,5.7,0,Negligible
HUR007,2025,31,2025-07-28,3.0,9.8,1,Very Low
HUR007,2025,32,2025-08-04,1.0,5.8,0,Negligible
HUR007,2025,33,2025-08-11,10.0,3.6,0,Negligible
HUR007,2025,34,2025-08-18,7.0,12.2,1,Very Low
HUR007,2025,35,2025-08-25,2.0,9.7,1,Very Low
HUR008,2023,15,2023-04-10,1.0,3.1,0,Negligible
HUR008,2023,16,2023-04-17,3.0,1.8,0,Negligible
HUR008,2023,17,2023-04-24,0.0,3.2,0,Negligible
HUR008,2023,18,2023-05-01,1.0,1.0,0,Negligible
HUR008,2023,20,2023-05-15,4.0,1.9,0,Negligible
HUR008,2023,21,2023-05-22,3.0,5.1,0,Negligible
HUR008,2023,22,2023-05-29,0.0,4.5,0,Negligible
HUR008,2023,23,2023-06-05,123.0,1.2,0,Negligible
HUR008,2023,24,2023-06-12,30.0,49.5,4,Moderate
HUR008,2023,25,2023-06-19,9.0,18.1,2,Low
HUR008,2023,26,2023-06-26,13.0,9.5,1,Very Low
HUR008,2023,27,2023-07-03,6.0,13.0,1,Very Low
HUR008,2023,28,2023-07-10,0.0,8.7,10,Outbreak
HUR008,2023,29,2023-07-17,0.0,2.0,0,Negligible
HUR008,2023,30,2023-07-24,3.0,2.1,0,Negligible
HUR008,2023,31,2023-07-31,157.0,6.0,0,Negligible
HUR008,2023,32,2023-08-07,6.0,62.1,4,Moderate
HUR008,2023,33,2023-08-14,11.0,7.7,0,Negligible
HUR008,2023,35,2023-08-28,3.0,10.3,1,Very Low
HUR008,2023,36,2023-09-04,5.0,6.1,0,Negligible
HUR008,2023,37,2023-09-11,6.0,5.6,0,Negligible
HUR008,2023,38,2023-09-18,7.0,6.2,0,Negligible
HUR008,2023,39,2023-09-25,6.0,6.5,0,Negligible
HUR008,2023,40,2023-10-02,10.0,5.9,0,Negligible
HUR008,2023,41,2023-10-09,15.0,7.6,0,Negligible
HUR008,2023,42,2023-10-16,10.0,9.9,1,Very Low
HUR008,2024,23,2024-06-03,28.0,8.3,10,Outbreak
HUR008,2024,24,2024-06-10,11.0,22.8,3,Low-Moderate
HUR008,2024,25,2024-06-17,0.0,12.6,1,Very Low
HUR008,2024,26,2024-06-24,332.0,1.6,0,Negligible
HUR008,2024,27,2024-07-01,46.0,121.4,6,Elevated
HUR008,2024,28,2024-07-08,44.0,34.0,3,Low-Moderate
HUR008,2024,29,2024-07-15,17.0,34.1,3,Low-Moderate
HUR008,2024,30,2024-07-22,37.0,17.6,2,Low
HUR008,2024,31,2024-07-29,21.0,29.0,3,Low-Moderate
HUR008,2024,32,2024-08-05,45.0,19.2,2,Low
HUR008,2024,33,2024-08-12,14.0,32.1,3,Low-Moderate
HUR008,2024,34,2024-08-19,6.0,15.9,2,Low
HUR008,2024,35,2024-08-26,10.0,7.7,0,Negligible
HUR008,2024,36,2024-09-02,9.0,10.7,1,Very Low
HUR008,2024,37,2024-09-09,83.0,10.8,1,Very Low
HUR008,2024,38,2024-09-16,487.0,41.5,4,Moderate
HUR008,2024,39,2024-09-23,298.0,111.2,6,Elevated
HUR008,2024,40,2024-09-30,25.0,94.8,6,Elevated
HUR008,2024,41,2024-10-07,42.0,19.1,2,Low
HUR008,2024,42,2024-10-14,20.0,24.8,3,Low-Moderate
HUR008,2024,43,2024-10-21,10.0,12.5,1,Very Low
HUR008,2025,18,2025-04-28,1.0,7.2,0,Negligible
HUR008,2025,20,2025-05-12,3.0,2.0,0,Negligible
HUR008,2025,21,2025-05-19,194.0,3.8,0,Negligible
HUR008,2025,22,2025-05-26,47.0,66.3,5,Moderate-High
HUR008,2025,23,2025-06-02,23.0,29.9,3,Low-Moderate
HUR008,2025,24,2025-06-09,12.0,19.1,2,Low
HUR008,2025,25,2025-06-16,1.0,13.5,1,Very Low
HUR008,2025,26,2025-06-23,10.0,3.3,0,Negligible
HUR008,2025,27,2025-06-30,5.0,10.9,1,Very Low
HUR008,2025,28,2025-07-07,2.0,7.7,0,Negligible
HUR008,2025,29,2025-07-14,9.0,5.0,0,Negligible
HUR008,2025,30,2025-07-21,0.0,11.1,1,Very Low
HUR008,2025,31,2025-07-28,2.0,1.7,0,Negligible
HUR008,2025,32,2025-08-04,4.0,4.6,0,Negligible
HUR008,2025,33,2025-08-11,3.0,7.3,0,Negligible
HUR008,2025,34,2025-08-18,4.0,5.9,0,Negligible
HUR008,2025,35,2025-08-25,3.0,6.9,0,Negligible
HUR009,2023,22,2023-05-29,15.0,5.3,0,Negligible
HUR009,2023,23,2023-06-05,28.0,12.1,1,Very Low
HUR009,2023,24,2023-06-12,18.0,18.9,2,Low
HUR009,2023,25,2023-06-19,26.0,13.0,1,Very Low
HUR009,2023,26,2023-06-26,32.0,18.9,2,Low
HUR009,2023,27,2023-07-03,0.0,23.2,3,Low-Moderate
HUR009,2023,28,2023-07-10,10.0,1.8,0,Negligible
HUR009,2023,29,2023-07-17,41.0,12.7,1,Very Low
HUR009,2023,30,2023-07-24,3.0,32.6,3,Low-Moderate
HUR009,2023,31,2023-07-31,63.0,6.0,0,Negligible
HUR009,2023,32,2023-08-07,55.0,34.4,3,Low-Moderate
HUR009,2023,33,2023-08-14,27.0,31.7,3,Low-Moderate
HUR009,2023,35,2023-08-28,24.0,18.4,2,Low
HUR009,2023,36,2023-09-04,5.0,22.0,3,Low-Moderate
HUR009,2023,37,2023-09-11,66.0,5.6,0,Negligible
HUR009,2023,38,2023-09-18,20.0,29.7,3,Low-Moderate
HUR009,2023,39,2023-09-25,135.0,13.0,1,Very Low
HUR009,2023,40,2023-10-02,54.0,45.3,4,Moderate
HUR009,2023,41,2023-10-09,21.0,23.2,3,Low-Moderate
HUR009,2023,42,2023-10-16,3.0,12.4,1,Very Low
HUR009,2024,21,2024-05-20,1.0,3.9,0,Negligible
HUR009,2024,23,2024-06-03,6.0,2.4,0,Negligible
HUR009,2024,24,2024-06-10,15.0,8.6,10,Outbreak
HUR009,2024,25,2024-06-17,1.0,15.3,2,Low
HUR009,2024,27,2024-07-01,12.0,3.1,0,Negligible
HUR009,2024,28,2024-07-08,8.0,14.4,10,Outbreak
HUR009,2024,30,2024-07-22,2.0,11.5,1,Very Low
HUR009,2024,31,2024-07-29,34.0,4.9,0,Negligible
HUR009,2024,32,2024-08-05,24.0,26.1,3,Low-Moderate
HUR009,2024,33,2024-08-12,58.0,21.4,10,Outbreak
HUR009,2024,34,2024-08-19,88.0,39.6,10,Outbreak
HUR009,2024,36,2024-09-02,38.0,43.4,4,Moderate
HUR009,2024,37,2024-09-09,66.0,27.2,3,Low-Moderate
HUR009,2025,18,2025-04-28,1.0,35.8,3,Low-Moderate
HUR009,2025,20,2025-05-12,7.0,2.0,0,Negligible
HUR009,2025,21,2025-05-19,0.0,6.5,0,Negligible
HUR009,2025,22,2025-05-26,2.0,1.3,0,Negligible
HUR009,2025,23,2025-06-02,2.0,4.2,0,Negligible
HUR009,2025,24,2025-06-09,1.0,4.3,0,Negligible
HUR009,2025,25,2025-06-16,0.0,3.4,0,Negligible
HUR009,2025,26,2025-06-23,0.0,1.8,0,Negligible
HUR009,2025,27,2025-06-30,5.0,1.6,0,Negligible
HUR009,2025,28,2025-07-07,4.0,7.7,0,Negligible
HUR009,2025,29,2025-07-14,1.0,7.3,0,Negligible
HUR009,2025,30,2025-07-21,39.0,3.3,0,Negligible
HUR009,2025,31,2025-07-28,1.0,27.1,3,Low-Moderate
HUR009,2025,32,2025-08-04,2.0,3.3,0,Negligible
HUR009,2025,33,2025-08-11,7.0,5.0,0,Negligible
HUR009,2025,35,2025-08-25,2.0,9.7,1,Very Low
IVI001,2023,15,2023-04-10,11.0,5.4,0,Negligible
IVI001,2023,16,2023-04-17,2.0,7.9,0,Negligible
IVI001,2023,17,2023-04-24,9.0,2.5,0,Negligible
IVI001,2023,18,2023-05-01,3.0,7.6,0,Negligible
IVI001,2023,19,2023-05-08,7.0,3.5,0,Negligible
IVI001,2023,20,2023-05-15,24.0,6.6,0,Negligible
IVI001,2023,21,2023-05-22,17.0,16.0,2,Low
IVI001,2023,22,2023-05-29,4.0,13.3,1,Very Low
IVI001,2023,23,2023-06-05,16.0,5.2,0,Negligible
IVI001,2023,24,2023-06-12,7.0,13.2,1,Very Low
IVI001,2023,25,2023-06-19,9.0,7.0,0,Negligible
IVI001,2023,26,2023-06-26,34.0,9.5,1,Very Low
IVI001,2023,27,2023-07-03,118.0,24.1,3,Low-Moderate
IVI001,2023,28,2023-07-10,65.0,58.3,4,Moderate
IVI001,2023,29,2023-07-17,101.0,42.1,4,Moderate
IVI001,2023,30,2023-07-24,92.0,58.3,4,Moderate
IVI001,2023,31,2023-07-31,19.0,51.5,4,Moderate
IVI001,2023,32,2023-08-07,60.0,15.8,2,Low
IVI001,2023,33,2023-08-14,52.0,33.6,3,Low-Moderate
IVI001,2023,35,2023-08-28,54.0,28.1,3,Low-Moderate
IVI001,2023,37,2023-09-11,29.0,37.1,3,Low-Moderate
IVI001,2023,38,2023-09-18,34.0,17.4,2,Low
IVI001,2023,39,2023-09-25,49.0,18.4,2,Low
IVI001,2023,40,2023-10-02,8.0,23.4,3,Low-Moderate
IVI001,2023,41,2023-10-09,54.0,6.6,0,Negligible
IVI001,2023,42,2023-10-16,29.0,23.0,3,Low-Moderate
IVI001,2023,43,2023-10-23,19.0,16.7,2,Low
IVI003,2024,24,2024-06-10,94.0,229.3,8,Very High
IVI003,2024,25,2024-06-17,45.0,49.9,4,Moderate
IVI003,2024,26,2024-06-24,26.0,29.7,3,Low-Moderate
IVI003,2024,27,2024-07-01,378.0,23.5,3,Low-Moderate
IVI003,2024,28,2024-07-08,431.0,131.9,6,Elevated
IVI003,2024,29,2024-07-15,32.0,148.1,7,High
IVI003,2024,30,2024-07-22,56.0,26.5,3,Low-Moderate
IVI003,2024,31,2024-07-29,11.0,37.8,3,Low-Moderate
IVI003,2024,32,2024-08-05,64.0,12.7,1,Very Low
IVI003,2024,33,2024-08-12,63.0,40.3,4,Moderate
IVI003,2024,34,2024-08-19,20.0,41.8,4,Moderate
IVI003,2024,35,2024-08-26,27.0,16.6,2,Low
IVI003,2024,36,2024-09-02,49.0,20.2,2,Low
IVI003,2024,37,2024-09-09,55.0,32.1,3,Low-Moderate
IVI003,2024,38,2024-09-16,33.0,31.8,3,Low-Moderate
IVI003,2024,39,2024-09-23,44.0,19.4,2,Low
IVI003,2025,13,2025-03-24,9.0,27.5,3,Low-Moderate
IVI003,2025,15,2025-04-07,2.0,7.1,0,Negligible
IVI003,2025,16,2025-04-14,4.0,3.2,0,Negligible
IVI003,2025,17,2025-04-21,0.0,4.1,0,Negligible
IVI003,2025,18,2025-04-28,4.0,1.0,0,Negligible
IVI003,2025,20,2025-05-12,414.0,4.3,0,Negligible
IVI003,2025,21,2025-05-19,258.0,92.9,6,Elevated
IVI003,2025,22,2025-05-26,250.0,79.7,5,Moderate-High
IVI003,2025,23,2025-06-02,61.0,88.1,6,Elevated
IVI003,2025,24,2025-06-09,99.0,35.9,3,Low-Moderate
IVI003,2025,25,2025-06-16,20.0,52.7,4,Moderate
IVI003,2025,26,2025-06-23,23.0,18.5,2,Low
IVI003,2025,27,2025-06-30,32.0,18.7,2,Low
IVI003,2025,28,2025-07-07,13.0,24.8,3,Low-Moderate
IVI003,2025,29,2025-07-14,25.0,15.0,2,Low
IVI003,2025,30,2025-07-21,22.0,21.3,10,Outbreak
IVI003,2025,31,2025-07-28,29.0,18.7,2,Low
IVI003,2025,32,2025-08-04,8.0,23.6,3,Low-Moderate
IVI003,2025,33,2025-08-11,28.0,11.1,1,Very Low
IVI003,2025,34,2025-08-18,37.0,23.5,3,Low-Moderate
IVI003,2025,35,2025-08-25,33.0,27.9,3,Low-Moderate
LAV001,2023,20,2023-05-15,15.0,18.5,2,Low
LAV001,2023,21,2023-05-22,7.0,11.8,1,Very Low
LAV001,2023,22,2023-05-29,9.0,7.5,0,Negligible
LAV001,2023,23,2023-06-05,11.0,8.7,10,Outbreak
LAV001,2023,24,2023-06-12,3.0,10.3,1,Very Low
LAV001,2023,25,2023-06-19,5.0,4.2,0,Negligible
LAV001,2023,26,2023-06-26,1.0,6.6,0,Negligible
LAV001,2023,27,2023-07-03,41.0,3.0,0,Negligible
LAV001,2023,28,2023-07-10,8.0,29.5,3,Low-Moderate
LAV001,2023,29,2023-07-17,27.0,11.1,1,Very Low
LAV001,2023,30,2023-07-24,29.0,24.9,3,Low-Moderate
LAV001,2023,31,2023-07-31,2.0,24.5,3,Low-Moderate
LAV001,2023,32,2023-08-07,37.0,4.0,0,Negligible
LAV001,2023,33,2023-08-14,89.0,24.5,3,Low-Moderate
LAV001,2023,35,2023-08-28,20.0,39.9,10,Outbreak
LAV001,2023,36,2023-09-04,7.0,19.6,2,Low
LAV001,2023,37,2023-09-11,16.0,7.0,0,Negligible
LAV001,2023,38,2023-09-18,5.0,11.8,1,Very Low
LAV001,2023,39,2023-09-25,11.0,5.3,0,Negligible
LAV001,2023,40,2023-10-02,22.0,8.8,10,Outbreak
LAV001,2023,41,2023-10-09,21.0,12.9,1,Very Low
LAV001,2023,42,2023-10-16,13.0,12.4,1,Very Low
LAV001,2023,43,2023-10-23,1.0,9.9,1,Very Low
LAV001,2024,20,2024-05-13,9.0,1.6,0,Negligible
LAV001,2024,21,2024-05-20,45.0,9.1,1,Very Low
LAV001,2024,23,2024-06-03,65.0,24.3,3,Low-Moderate
LAV001,2024,24,2024-06-10,45.0,39.2,10,Outbreak
LAV001,2024,25,2024-06-17,61.0,31.0,3,Low-Moderate
LAV001,2024,26,2024-06-24,818.0,36.2,3,Low-Moderate
LAV001,2024,29,2024-07-15,111.0,216.7,8,Very High
LAV001,2024,30,2024-07-22,110.0,59.0,4,Moderate
LAV001,2024,31,2024-07-29,68.0,58.5,4,Moderate
LAV001,2024,32,2024-08-05,105.0,40.9,4,Moderate
LAV001,2024,33,2024-08-12,219.0,55.5,4,Moderate
LAV001,2024,34,2024-08-19,149.0,93.3,6,Elevated
LAV001,2024,35,2024-08-26,101.0,61.1,4,Moderate
LAV001,2024,38,2024-09-16,97.0,47.6,4,Moderate
LAV001,2025,18,2025-04-28,1.0,39.2,10,Outbreak
LAV001,2025,20,2025-05-12,9.0,2.0,0,Negligible
LAV001,2025,21,2025-05-19,0.0,7.7,0,Negligible
LAV001,2025,22,2025-05-26,15.0,1.3,0,Negligible
LAV001,2025,23,2025-06-02,20.0,14.3,10,Outbreak
LAV001,2025,24,2025-06-09,7.0,17.5,2,Low
LAV001,2025,25,2025-06-16,8.0,9.7,1,Very Low
LAV001,2025,26,2025-06-23,8.0,10.4,1,Very Low
LAV001,2025,27,2025-06-30,45.0,9.5,1,Very Low
LAV001,2025,28,2025-07-07,52.0,30.9,3,Low-Moderate
LAV001,2025,29,2025-07-14,30.0,36.5,3,Low-Moderate
LAV001,2025,30,2025-07-21,44.0,24.0,3,Low-Moderate
LAV001,2025,31,2025-07-28,13.0,29.3,3,Low-Moderate
LAV001,2025,32,2025-08-04,7.0,14.1,10,Outbreak
LAV001,2025,33,2025-08-11,9.0,10.2,1,Very Low
LAV001,2025,34,2025-08-18,12.0,11.4,1,Very Low
LAV001,2025,35,2025-08-25,16.0,13.5,1,Very Low
LEE003,2023,18,2023-05-01,4.0,18.0,2,Low
LEE003,2023,21,2023-05-22,25.0,4.2,0,Negligible
LEE003,2023,22,2023-05-29,12.0,17.1,2,Low
LEE003,2023,23,2023-06-05,8.0,10.5,1,Very Low
LEE003,2023,24,2023-06-12,8.0,8.4,10,Outbreak
LEE003,2023,26,2023-06-26,32.0,7.7,0,Negligible
LEE003,2023,27,2023-07-03,30.0,23.2,3,Low-Moderate
LEE003,2023,28,2023-07-10,11.0,24.1,3,Low-Moderate
LEE003,2023,29,2023-07-17,5.0,13.5,1,Very Low
LEE003,2023,30,2023-07-24,3.0,8.7,10,Outbreak
LEE003,2023,32,2023-08-07,11.0,6.0,0,Negligible
LEE003,2023,33,2023-08-14,6.0,11.2,1,Very Low
LEE003,2023,35,2023-08-28,16.0,7.0,0,Negligible
LEE003,2023,36,2023-09-04,12.0,17.0,2,Low
LEE003,2023,38,2023-09-18,8.0,9.8,1,Very Low
LEE003,2023,39,2023-09-25,2.0,7.1,0,Negligible
LEE003,2023,40,2023-10-02,16.0,3.0,0,Negligible
LEE003,2023,41,2023-10-09,6.0,10.4,1,Very Low
LEE003,2024,23,2024-06-03,46.0,5.4,0,Negligible
LEE003,2024,24,2024-06-10,17.0,31.4,3,Low-Moderate
LEE003,2024,25,2024-06-17,10.0,16.6,2,Low
LEE003,2024,27,2024-07-01,7.0,11.3,1,Very Low
LEE003,2024,29,2024-07-15,4.0,10.3,1,Very Low
LEE003,2024,30,2024-07-22,7.0,7.2,0,Negligible
LEE003,2024,31,2024-07-29,0.0,10.1,1,Very Low
LEE003,2024,37,2024-09-09,13.0,1.8,0,Negligible
LEE003,2025,24,2025-06-09,25.0,12.5,1,Very Low
LEE003,2025,26,2025-06-23,8.0,21.7,10,Outbreak
LEE003,2025,28,2025-07-07,16.0,9.5,1,Very Low
LEE003,2025,30,2025-07-21,5.0,17.1,2,Low
LEE003,2025,32,2025-08-04,3.0,7.3,0,Negligible
LEE003,2025,34,2025-08-18,7.0,6.2,0,Negligible
NHA001,2023,21,2023-05-22,3.0,11.0,1,Very Low
NHA001,2023,23,2023-06-05,9.0,4.5,0,Negligible
NHA001,2023,24,2023-06-12,12.0,9.1,1,Very Low
NHA001,2023,26,2023-06-26,6.0,10.0,1,Very Low
NHA001,2023,27,2023-07-03,27.0,8.0,0,Negligible
NHA001,2023,28,2023-07-10,77.0,22.5,3,Low-Moderate
NHA001,2023,29,2023-07-17,54.0,47.0,4,Moderate
NHA001,2023,30,2023-07-24,44.0,38.9,3,Low-Moderate
NHA001,2023,32,2023-08-07,31.0,32.0,3,Low-Moderate
NHA001,2023,33,2023-08-14,36.0,21.9,10,Outbreak
NHA001,2023,35,2023-08-28,73.0,22.1,3,Low-Moderate
NHA001,2023,36,2023-09-04,60.0,45.0,4,Moderate
NHA002,2023,32,2023-08-07,8.0,1.6,0,Negligible
NHA002,2023,33,2023-08-14,4.0,9.2,1,Very Low
NHA002,2023,35,2023-08-28,5.0,5.4,0,Negligible
NHA002,2023,36,2023-09-04,2.0,8.2,10,Outbreak
NHA002,2024,23,2024-06-03,10.0,3.2,0,Negligible
NHA002,2024,24,2024-06-10,14.0,11.8,1,Very Low
NHA002,2024,25,2024-06-17,0.0,14.6,10,Outbreak
NHA002,2024,27,2024-07-01,12.0,1.6,0,Negligible
NHA002,2025,26,2025-06-23,23.0,14.4,10,Outbreak
NHA002,2025,28,2025-07-07,10.0,18.7,2,Low
NHA003,2023,33,2023-08-14,39.0,15.3,2,Low
NHA003,2023,35,2023-08-28,182.0,23.3,3,Low-Moderate
NHA003,2023,36,2023-09-04,30.0,81.1,5,Moderate-High
NHA003,2023,38,2023-09-18,40.0,17.9,2,Low
NHA003,2023,39,2023-09-25,10.0,20.5,2,Low
NHA003,2023,40,2023-10-02,0.0,8.3,10,Outbreak
NHA003,2023,41,2023-10-09,14.0,0.9,0,Negligible
NHA003,2024,23,2024-06-03,44.0,9.5,1,Very Low
NHA003,2024,24,2024-06-10,29.0,30.5,3,Low-Moderate
NHA003,2024,25,2024-06-17,85.0,23.4,3,Low-Moderate
NHA003,2024,27,2024-07-01,118.0,44.8,4,Moderate
NHA003,2024,30,2024-07-22,23.0,62.3,4,Moderate
NHA003,2024,31,2024-07-29,32.0,21.3,10,Outbreak
NHA003,2024,33,2024-08-12,15.0,25.1,3,Low-Moderate
NHA003,2024,37,2024-09-09,19.0,16.6,2,Low
NHA003,2025,24,2025-06-09,13.0,16.0,2,Low
NHA003,2025,26,2025-06-23,53.0,14.3,10,Outbreak
NHA003,2025,28,2025-07-07,42.0,32.0,3,Low-Moderate
NHA003,2025,30,2025-07-21,14.0,31.8,3,Low-Moderate
NHA003,2025,32,2025-08-04,10.0,14.0,1,Very Low
NHA003,2025,34,2025-08-18,21.0,12.7,1,Very Low
NHA003-1,2023,21,2023-05-22,5.0,87.1,10,Outbreak
NHA003-1,2023,23,2023-06-05,7.0,6.1,0,Negligible
NHA003-1,2023,24,2023-06-12,19.0,7.7,0,Negligible
NHA003-1,2023,26,2023-06-26,4.0,13.5,1,Very Low
NHA003-1,2023,27,2023-07-03,65.0,6.2,0,Negligible
NHA003-1,2023,28,2023-07-10,24.0,39.7,10,Outbreak
NHA003-1,2023,29,2023-07-17,65.0,22.2,3,Low-Moderate
NHA003-1,2023,30,2023-07-24,45.0,43.9,4,Moderate
NHA003-2,2023,29,2023-07-17,113.0,35.2,3,Low-Moderate
NHA003-2,2023,30,2023-07-24,137.0,62.6,4,Moderate
ROC002,2023,20,2023-05-15,1.0,5.3,0,Negligible
ROC002,2025,29,2025-07-14,7.0,2.4,0,Negligible
ROC002,2025,31,2025-07-28,1.0,9.5,1,Very Low
ROC002,2025,32,2025-08-04,3.0,3.3,0,Negligible
ROC002,2025,33,2025-08-11,4.0,6.2,0,Negligible
ROC002,2025,34,2025-08-18,3.0,7.0,0,Negligible
ROC002,2025,35,2025-08-25,4.0,5.8,0,Negligible
ROC004,2023,23,2023-06-05,4.0,2.5,0,Negligible
ROC004,2023,24,2023-06-12,1.0,5.5,0,Negligible
ROC004,2023,25,2023-06-19,2.0,2.3,0,Negligible
ROC004,2023,26,2023-06-26,1.0,3.9,0,Negligible
ROC004,2023,27,2023-07-03,0.0,3.0,0,Negligible
ROC004,2023,28,2023-07-10,1.0,1.8,0,Negligible
ROC004,2023,29,2023-07-17,1.0,3.6,0,Negligible
ROC004,2023,30,2023-07-24,0.0,3.8,0,Negligible
ROC004,2023,32,2023-08-07,0.0,1.9,0,Negligible
ROC004,2023,33,2023-08-14,0.0,1.5,0,Negligible
ROC004,2023,35,2023-08-28,2.0,1.3,0,Negligible
ROC004,2023,36,2023-09-04,3.0,4.9,0,Negligible
ROC004,2023,37,2023-09-11,3.0,4.1,0,Negligible
ROC004,2023,39,2023-09-25,0.0,4.1,0,Negligible
ROC004,2023,40,2023-10-02,1.0,1.0,0,Negligible
ROC004,2023,41,2023-10-09,1.0,1.9,0,Negligible
ROC004,2023,42,2023-10-16,1.0,1.9,0,Negligible
ROC004,2024,23,2024-06-03,1.0,2.1,0,Negligible
ROC004,2024,25,2024-06-17,0.0,3.3,0,Negligible
ROC004,2024,26,2024-06-24,0.0,1.6,0,Negligible
ROC004,2024,28,2024-07-08,0.0,2.0,0,Negligible
ROC004,2024,29,2024-07-15,0.0,2.1,0,Negligible
ROC004,2024,30,2024-07-22,0.0,1.9,0,Negligible
ROC004,2024,31,2024-07-29,0.0,1.9,0,Negligible
ROC004,2024,32,2024-08-05,0.0,1.8,0,Negligible
ROC004,2024,33,2024-08-12,1.0,1.9,0,Negligible
ROC004,2024,35,2024-08-26,1.0,3.7,0,Negligible
ROC004,2024,36,2024-09-02,0.0,2.9,0,Negligible
ROC004,2024,37,2024-09-09,1.0,1.7,0,Negligible
ROC004,2025,30,2025-07-21,3.0,2.9,0,Negligible
SCL001,2023,20,2023-05-15,11.0,4.6,0,Negligible
SCL001,2023,22,2023-05-29,6.0,9.6,1,Very Low
SCL001,2023,23,2023-06-05,20.0,6.7,0,Negligible
SCL001,2023,24,2023-06-12,4.0,15.2,2,Low
SCL001,2023,25,2023-06-19,5.0,5.0,0,Negligible
SCL001,2023,28,2023-07-10,188.0,6.6,0,Negligible
SCL001,2023,29,2023-07-17,268.0,83.6,5,Moderate-High
SCL001,2023,30,2023-07-24,133.0,109.2,6,Elevated
SCL001,2023,31,2023-07-31,85.0,65.4,5,Moderate-High
SCL001,2023,32,2023-08-07,40.0,41.8,4,Moderate
SCL001,2023,33,2023-08-14,34.0,25.8,3,Low-Moderate
SCL001,2023,35,2023-08-28,47.0,21.3,10,Outbreak
SCL001,2023,36,2023-09-04,10.0,33.9,3,Low-Moderate
SCL001,2023,37,2023-09-11,17.0,8.7,10,Outbreak
SCL001,2023,38,2023-09-18,12.0,12.2,1,Very Low
SCL001,2023,39,2023-09-25,10.0,9.3,1,Very Low
SCL001,2023,41,2023-10-09,3.0,8.3,10,Outbreak
SCL001,2023,42,2023-10-16,5.0,3.5,0,Negligible
SCL001,2023,43,2023-10-23,0.0,5.3,0,Negligible
SCL001,2023,45,2023-11-06,0.0,0.6,0,Negligible
SCL001,2023,46,2023-11-13,0.0,0.5,0,Negligible
SCL001,2023,48,2023-11-27,0.0,0.5,0,Negligible
SCL001,2024,16,2024-04-15,1.0,0.2,0,Negligible
SCL001,2024,17,2024-04-22,10.0,1.9,0,Negligible
SCL001,2024,18,2024-04-29,9.0,7.6,0,Negligible
SCL001,2024,19,2024-05-06,10.0,7.4,0,Negligible
SCL001,2024,20,2024-05-13,26.0,7.3,0,Negligible
SCL001,2024,21,2024-05-20,47.0,18.0,2,Low
SCL001,2024,22,2024-05-27,28.0,25.0,3,Low-Moderate
SCL001,2024,23,2024-06-03,13.0,20.5,2,Low
SCL001,2024,24,2024-06-10,5.0,13.9,1,Very Low
SCL001,2024,25,2024-06-17,4.0,7.7,0,Negligible
SCL001,2024,26,2024-06-24,0.0,6.4,0,Negligible
SCL001,2024,27,2024-07-01,1.0,2.0,0,Negligible
SCL001,2024,28,2024-07-08,4.0,3.6,0,Negligible
SCL001,2024,29,2024-07-15,3.0,7.6,0,Negligible
SCL001,2024,30,2024-07-22,4.0,6.1,0,Negligible
SCL001,2024,31,2024-07-29,1.0,7.2,0,Negligible
SCL001,2024,32,2024-08-05,6.0,3.3,0,Negligible
SCL001,2024,33,2024-08-12,4.0,8.9,10,Outbreak
SCL001,2024,34,2024-08-19,0.0,7.4,0,Negligible
SCL001,2024,35,2024-08-26,4.0,1.5,0,Negligible
SCL001,2024,36,2024-09-02,27.0,6.1,0,Negligible
SCL001,2024,37,2024-09-09,19.0,21.8,10,Outbreak
SCL001,2024,38,2024-09-16,9.0,16.0,2,Low
SCL001,2024,39,2024-09-23,7.0,8.3,10,Outbreak
SCL001,2024,40,2024-09-30,19.0,8.4,10,Outbreak
SCL001,2024,41,2024-10-07,13.0,16.0,2,Low
SCL001,2024,42,2024-10-14,3.0,11.6,1,Very Low
SCL001,2024,43,2024-10-21,5.0,3.7,0,Negligible
SCL001,2025,13,2025-03-24,2.0,4.5,0,Negligible
SCL001,2025,15,2025-04-07,0.0,2.8,0,Negligible
SCL001,2025,16,2025-04-14,1.0,1.1,0,Negligible
SCL001,2025,17,2025-04-21,3.0,1.8,0,Negligible
SCL001,2025,18,2025-04-28,2.0,3.8,0,Negligible
SCL001,2025,20,2025-05-12,5.0,2.8,0,Negligible
SCL001,2025,21,2025-05-19,10.0,5.2,0,Negligible
SCL001,2025,22,2025-05-26,7.0,9.7,1,Very Low
SCL001,2025,23,2025-06-02,5.0,8.8,10,Outbreak
SCL001,2025,24,2025-06-09,8.0,7.3,0,Negligible
SCL001,2025,25,2025-06-16,3.0,10.5,1,Very Low
SCL001,2025,26,2025-06-23,6.0,5.8,0,Negligible
SCL001,2025,27,2025-06-30,10.0,7.9,0,Negligible
SCL001,2025,28,2025-07-07,4.0,11.8,1,Very Low
SCL001,2025,29,2025-07-14,2.0,7.3,0,Negligible
SCL001,2025,30,2025-07-21,10.0,4.6,0,Negligible
SCL001,2025,31,2025-07-28,5.0,11.3,1,Very Low
SCL001,2025,32,2025-08-04,5.0,7.8,0,Negligible
SCL001,2025,33,2025-08-11,8.0,8.3,10,Outbreak
SCL001,2025,34,2025-08-18,8.0,10.6,1,Very Low
SCL001,2025,35,2025-08-25,23.0,10.5,1,Very Low
SCL004,2023,5,2023-01-30,0.0,0.2,0,Negligible
SCL004,2023,10,2023-03-06,0.0,0.1,0,Negligible
SCL004,2023,13,2023-03-27,0.0,0.3,0,Negligible
SCL004,2023,14,2023-04-03,0.0,0.3,0,Negligible
SCL004,2023,15,2023-04-10,3.0,0.4,0,Negligible
SCL004,2023,16,2023-04-17,5.0,3.4,0,Negligible
SCL004,2023,17,2023-04-24,10.0,4.5,0,Negligible
SCL004,2023,18,2023-05-01,38.0,8.2,10,Outbreak
SCL004,2023,19,2023-05-08,22.0,18.4,2,Low
SCL004,2023,20,2023-05-15,74.0,14.0,1,Very Low
SCL004,2023,21,2023-05-22,142.0,33.3,3,Low-Moderate
SCL004,2023,22,2023-05-29,66.0,52.8,4,Moderate
SCL004,2023,23,2023-06-05,299.0,31.8,3,Low-Moderate
SCL004,2023,24,2023-06-12,120.0,87.8,10,Outbreak
SCL004,2023,25,2023-06-19,14.0,44.7,4,Moderate
SCL004,2023,26,2023-06-26,186.0,12.7,1,Very Low
SCL004,2023,27,2023-07-03,255.0,72.4,5,Moderate-High
SCL004,2023,28,2023-07-10,261.0,95.9,6,Elevated
SCL004,2023,29,2023-07-17,66.0,103.2,6,Elevated
SCL004,2023,30,2023-07-24,42.0,44.3,4,Moderate
SCL004,2023,31,2023-07-31,19.0,31.1,3,Low-Moderate
SCL004,2023,32,2023-08-07,11.0,15.8,2,Low
SCL004,2023,33,2023-08-14,35.0,11.2,1,Very Low
SCL004,2023,35,2023-08-28,33.0,21.7,10,Outbreak
SCL004,2023,36,2023-09-04,16.0,27.0,3,Low-Moderate
SCL004,2023,37,2023-09-11,15.0,11.9,1,Very Low
SCL004,2023,38,2023-09-18,8.0,11.3,1,Very Low
SCL004,2023,39,2023-09-25,8.0,7.1,0,Negligible
SCL004,2023,40,2023-10-02,2.0,7.1,0,Negligible
SCL004,2023,41,2023-10-09,1.0,2.8,0,Negligible
SCL004,2023,42,2023-10-16,3.0,1.9,0,Negligible
SCL004,2023,43,2023-10-23,0.0,3.9,0,Negligible
SCL004,2023,44,2023-10-30,0.0,0.6,0,Negligible
SCL004,2023,45,2023-11-06,12.0,0.6,0,Negligible
SCL004,2023,46,2023-11-13,0.0,6.7,0,Negligible
SCL004,2023,48,2023-11-27,0.0,0.5,0,Negligible
SCL004,2023,49,2023-12-04,0.0,0.2,0,Negligible
SCL004,2024,10,2024-03-04,1.0,0.3,0,Negligible
SCL004,2024,11,2024-03-11,2.0,1.2,0,Negligible
SCL004,2024,12,2024-03-18,0.0,1.8,0,Negligible
SCL004,2024,13,2024-03-25,2.0,0.6,0,Negligible
SCL004,2024,14,2024-04-01,6.0,2.1,0,Negligible
SCL004,2024,15,2024-04-08,1.0,4.1,0,Negligible
SCL004,2024,16,2024-04-15,1.0,1.8,0,Negligible
SCL004,2024,17,2024-04-22,6.0,1.9,0,Negligible
SCL004,2024,18,2024-04-29,20.0,5.4,0,Negligible
SCL004,2024,19,2024-05-06,5.0,12.6,1,Very Low
SCL004,2024,20,2024-05-13,26.0,4.6,0,Negligible
SCL004,2024,21,2024-05-20,35.0,18.0,2,Low
SCL004,2024,22,2024-05-27,27.0,20.6,2,Low
SCL004,2024,23,2024-06-03,162.0,20.0,2,Low
SCL004,2024,24,2024-06-10,81.0,70.7,5,Moderate-High
SCL004,2024,25,2024-06-17,121.0,45.4,4,Moderate
SCL004,2024,26,2024-06-24,0.0,56.3,4,Moderate
SCL004,2024,27,2024-07-01,156.0,2.0,0,Negligible
SCL004,2024,28,2024-07-08,127.0,74.6,5,Moderate-High
SCL004,2024,29,2024-07-15,91.0,67.4,5,Moderate-High
SCL004,2024,30,2024-07-22,13.0,51.9,4,Moderate
SCL004,2024,31,2024-07-29,40.0,14.8,10,Outbreak
SCL004,2024,32,2024-08-05,86.0,29.0,3,Low-Moderate
SCL004,2024,33,2024-08-12,9.0,48.8,4,Moderate
SCL004,2024,34,2024-08-19,34.0,12.0,1,Very Low
SCL004,2024,35,2024-08-26,8.0,23.5,3,Low-Moderate
SCL004,2024,36,2024-09-02,0.0,9.3,1,Very Low
SCL004,2024,37,2024-09-09,0.0,1.7,0,Negligible
SCL004,2024,38,2024-09-16,9.0,1.5,0,Negligible
SCL004,2024,39,2024-09-23,17.0,8.3,10,Outbreak
SCL004,2024,40,2024-09-30,16.0,14.9,10,Outbreak
SCL004,2024,41,2024-10-07,18.0,14.4,10,Outbreak
SCL004,2024,42,2024-10-14,21.0,14.3,10,Outbreak
SCL004,2024,43,2024-10-21,9.0,12.9,1,Very Low
SCL004,2024,45,2024-11-04,4.0,6.7,0,Negligible
SCL004,2024,47,2024-11-18,0.0,2.8,0,Negligible
SCL004,2025,7,2025-02-10,1.0,0.4,0,Negligible
SCL004,2025,8,2025-02-17,2.0,0.9,0,Negligible
SCL004,2025,9,2025-02-24,1.0,1.8,0,Negligible
SCL004,2025,10,2025-03-03,1.0,1.6,0,Negligible
SCL004,2025,11,2025-03-10,1.0,1.1,0,Negligible
SCL004,2025,12,2025-03-17,0.0,1.2,0,Negligible
SCL004,2025,13,2025-03-24,0.0,0.5,0,Negligible
SCL004,2025,15,2025-04-07,1.0,0.9,0,Negligible
SCL004,2025,16,2025-04-14,11.0,2.2,0,Negligible
SCL004,2025,17,2025-04-21,4.0,7.9,0,Negligible
SCL004,2025,18,2025-04-28,18.0,4.5,0,Negligible
SCL004,2025,20,2025-05-12,14.0,11.5,1,Very Low
SCL004,2025,21,2025-05-19,16.0,10.2,1,Very Low
SCL004,2025,22,2025-05-26,34.0,13.1,1,Very Low
SCL004,2025,23,2025-06-02,31.0,24.3,3,Low-Moderate
SCL004,2025,24,2025-06-09,36.0,23.2,3,Low-Moderate
SCL004,2025,25,2025-06-16,24.0,27.4,3,Low-Moderate
SCL004,2025,26,2025-06-23,42.0,20.8,2,Low
SCL004,2025,27,2025-06-30,78.0,27.5,3,Low-Moderate
SCL004,2025,28,2025-07-07,40.0,44.1,4,Moderate
SCL004,2025,29,2025-07-14,60.0,30.8,3,Low-Moderate
SCL004,2025,30,2025-07-21,45.0,37.6,3,Low-Moderate
SCL004,2025,31,2025-07-28,73.0,29.7,3,Low-Moderate
SCL004,2025,32,2025-08-04,23.0,42.8,4,Moderate
SCL004,2025,33,2025-08-11,21.0,21.6,10,Outbreak
SCL004,2025,34,2025-08-18,44.0,19.5,2,Low
SCL004,2025,35,2025-08-25,36.0,31.2,3,Low-Moderate
SCL005,2023,15,2023-04-10,1.0,2.1,0,Negligible
SCL005,2023,16,2023-04-17,0.0,1.8,0,Negligible
SCL005,2023,17,2023-04-24,2.0,0.8,0,Negligible
SCL005,2023,19,2023-05-08,2.0,3.0,0,Negligible
SCL005,2023,20,2023-05-15,3.0,3.1,0,Negligible
SCL005,2023,21,2023-05-22,1.0,4.3,0,Negligible
SCL005,2023,22,2023-05-29,5.0,2.5,0,Negligible
SCL005,2023,23,2023-06-05,2.0,6.0,0,Negligible
SCL005,2023,24,2023-06-12,1.0,3.7,0,Negligible
SCL005,2023,25,2023-06-19,2.0,2.3,0,Negligible
SCL005,2023,26,2023-06-26,1.0,3.9,0,Negligible
SCL005,2023,27,2023-07-03,0.0,3.0,0,Negligible
SCL005,2023,28,2023-07-10,1.0,1.8,0,Negligible
SCL005,2023,29,2023-07-17,2.0,3.6,0,Negligible
SCL005,2023,30,2023-07-24,3.0,5.2,0,Negligible
SCL005,2023,31,2023-07-31,4.0,6.0,0,Negligible
SCL005,2023,32,2023-08-07,4.0,5.9,0,Negligible
SCL005,2023,33,2023-08-14,8.0,6.0,0,Negligible
SCL005,2023,35,2023-08-28,1.0,8.4,10,Outbreak
SCL005,2023,36,2023-09-04,5.0,3.6,0,Negligible
SCL005,2023,37,2023-09-11,2.0,5.6,0,Negligible
SCL005,2023,38,2023-09-18,0.0,3.2,0,Negligible
SCL005,2023,39,2023-09-25,3.0,1.0,0,Negligible
SCL005,2024,23,2024-06-03,7.0,3.9,0,Negligible
SCL005,2024,24,2024-06-10,1.0,9.4,1,Very Low
SCL005,2024,25,2024-06-17,1.0,3.3,0,Negligible
SCL005,2024,26,2024-06-24,7.0,3.1,0,Negligible
SCL005,2024,27,2024-07-01,1.0,10.3,1,Very Low
SCL005,2024,28,2024-07-08,9.0,3.6,0,Negligible
SCL005,2024,29,2024-07-15,21.0,12.4,1,Very Low
SCL005,2024,30,2024-07-22,13.0,20.2,2,Low
SCL005,2024,31,2024-07-29,4.0,14.8,10,Outbreak
SCL005,2024,32,2024-08-05,20.0,6.8,0,Negligible
SCL005,2024,33,2024-08-12,40.0,19.0,2,Low
SCL005,2024,34,2024-08-19,10.0,31.2,3,Low-Moderate
SCL005,2024,35,2024-08-26,3.0,10.7,1,Very Low
SCL005,2024,36,2024-09-02,4.0,5.1,0,Negligible
SCL005,2024,37,2024-09-09,6.0,6.6,0,Negligible
SCL005,2024,38,2024-09-16,4.0,7.7,0,Negligible
SCL005,2024,39,2024-09-23,2.0,5.0,0,Negligible
SCL005,2024,40,2024-09-30,2.0,4.0,0,Negligible
SCL005,2025,18,2025-04-28,1.0,4.1,0,Negligible
SCL005,2025,20,2025-05-12,2.0,2.0,0,Negligible
SCL005,2025,21,2025-05-19,2.0,3.0,0,Negligible
SCL005,2025,23,2025-06-02,3.0,3.7,0,Negligible
SCL005,2025,24,2025-06-09,5.0,5.4,0,Negligible
SCL005,2025,25,2025-06-16,18.0,7.9,0,Negligible
SCL005,2025,26,2025-06-23,3.0,17.3,2,Low
SCL005,2025,27,2025-06-30,21.0,5.2,0,Negligible
SCL005,2025,28,2025-07-07,6.0,18.9,2,Low
SCL005,2025,29,2025-07-14,11.0,9.3,1,Very Low
SCL005,2025,31,2025-07-28,9.0,12.6,1,Very Low
SCL005,2025,32,2025-08-04,21.0,11.2,1,Very Low
SCL005,2025,33,2025-08-11,14.0,20.4,2,Low
SCL005,2025,34,2025-08-18,6.0,15.1,2,Low
SCL005,2025,35,2025-08-25,27.0,8.8,10,Outbreak
SCL006,2023,21,2023-05-22,9.0,20.3,2,Low
SCL006,2023,26,2023-06-26,12.0,8.8,10,Outbreak
SCL006,2023,27,2023-07-03,8.0,12.3,1,Very Low
SGE002,2023,5,2023-01-30,0.0,0.2,0,Negligible
SGE002,2023,10,2023-03-06,1.0,0.1,0,Negligible
SGE002,2023,13,2023-03-27,1.0,1.0,0,Negligible
SGE002,2023,14,2023-04-03,0.0,1.1,0,Negligible
SGE002,2023,15,2023-04-10,1.0,0.4,0,Negligible
SGE002,2023,16,2023-04-17,2.0,1.8,0,Negligible
SGE002,2023,17,2023-04-24,2.0,2.5,0,Negligible
SGE002,2023,18,2023-05-01,4.0,3.0,0,Negligible
SGE002,2023,19,2023-05-08,2.0,4.2,0,Negligible
SGE002,2023,20,2023-05-15,6.0,3.1,0,Negligible
SGE002,2023,21,2023-05-22,10.0,6.5,0,Negligible
SGE002,2023,22,2023-05-29,7.0,9.4,1,Very Low
SGE002,2023,23,2023-06-05,9.0,7.4,0,Negligible
SGE002,2023,24,2023-06-12,2.0,9.1,1,Very Low
SGE002,2023,25,2023-06-19,2.0,3.3,0,Negligible
SGE002,2023,26,2023-06-26,4.0,3.9,0,Negligible
SGE002,2023,27,2023-07-03,15.0,6.2,0,Negligible
SGE002,2023,28,2023-07-10,8.0,15.4,2,Low
SGE002,2023,29,2023-07-17,20.0,11.1,1,Very Low
SGE002,2023,30,2023-07-24,15.0,20.6,2,Low
SGE002,2023,31,2023-07-31,6.0,16.0,2,Low
SGE002,2023,32,2023-08-07,17.0,7.6,0,Negligible
SGE002,2023,33,2023-08-14,10.0,14.8,10,Outbreak
SGE002,2023,35,2023-08-28,11.0,9.6,1,Very Low
SGE002,2023,36,2023-09-04,5.0,13.4,1,Very Low
SGE002,2023,37,2023-09-11,3.0,5.6,0,Negligible
SGE002,2023,38,2023-09-18,8.0,4.1,0,Negligible
SGE002,2023,39,2023-09-25,1.0,7.1,0,Negligible
SGE002,2023,42,2023-10-16,1.0,2.1,0,Negligible
SGE002,2023,43,2023-10-23,3.0,2.1,0,Negligible
SGE002,2024,16,2024-04-15,0.0,3.0,0,Negligible
SGE002,2024,17,2024-04-22,0.0,0.9,0,Negligible
SGE002,2024,18,2024-04-29,1.0,0.9,0,Negligible
SGE002,2024,19,2024-05-06,0.0,2.0,0,Negligible
SGE002,2024,20,2024-05-13,2.0,0.8,0,Negligible
SGE002,2024,21,2024-05-20,0.0,3.7,0,Negligible
SGE002,2024,22,2024-05-27,9.0,1.2,0,Negligible
SGE002,2024,23,2024-06-03,5.0,9.9,1,Very Low
SGE002,2024,24,2024-06-10,7.0,7.7,0,Negligible
SGE002,2024,25,2024-06-17,16.0,9.5,1,Very Low
SGE002,2024,26,2024-06-24,287.0,15.2,2,Low
SGE002,2024,27,2024-07-01,196.0,110.5,6,Elevated
SGE002,2024,28,2024-07-08,171.0,86.4,5,Moderate-High
SGE002,2024,29,2024-07-15,177.0,81.7,5,Moderate-High
SGE002,2024,30,2024-07-22,204.0,79.7,5,Moderate-High
SGE002,2024,31,2024-07-29,138.0,87.1,10,Outbreak
SGE002,2024,32,2024-08-05,118.0,64.6,10,Outbreak
SGE002,2024,33,2024-08-12,67.0,59.8,4,Moderate
SGE002,2024,34,2024-08-19,30.0,43.5,4,Moderate
SGE002,2024,35,2024-08-26,1.0,21.6,10,Outbreak
SGE002,2024,36,2024-09-02,89.0,2.9,0,Negligible
SGE002,2024,37,2024-09-09,53.0,47.1,4,Moderate
SGE002,2024,38,2024-09-16,31.0,31.0,3,Low-Moderate
SGE002,2024,39,2024-09-23,16.0,18.6,2,Low
SGE002,2024,40,2024-09-30,10.0,14.3,10,Outbreak
SGE002,2024,41,2024-10-07,9.0,10.6,1,Very Low
SGE002,2024,42,2024-10-14,3.0,9.2,1,Very Low
SGE002,2024,43,2024-10-21,5.0,3.7,0,Negligible
SGE002,2025,13,2025-03-24,6.0,4.5,0,Negligible
SGE002,2025,15,2025-04-07,1.0,5.5,0,Negligible
SGE002,2025,16,2025-04-14,1.0,2.2,0,Negligible
SGE002,2025,17,2025-04-21,2.0,1.8,0,Negligible
SGE002,2025,18,2025-04-28,5.0,3.0,0,Negligible
SGE002,2025,20,2025-05-12,26.0,5.0,0,Negligible
SGE002,2025,21,2025-05-19,10.0,15.4,2,Low
SGE002,2025,22,2025-05-26,12.0,9.7,1,Very Low
SGE002,2025,23,2025-06-02,18.0,12.4,1,Very Low
SGE002,2025,24,2025-06-09,66.0,16.3,2,Low
SGE002,2025,25,2025-06-16,48.0,40.5,4,Moderate
SGE002,2025,26,2025-06-23,73.0,32.6,3,Low-Moderate
SGE002,2025,27,2025-06-30,84.0,39.4,10,Outbreak
SGE002,2025,28,2025-07-07,98.0,46.3,4,Moderate
SGE002,2025,29,2025-07-14,106.0,54.9,4,Moderate
SGE002,2025,31,2025-07-28,119.0,54.3,4,Moderate
SGE002,2025,32,2025-08-04,61.0,58.7,4,Moderate
SGE002,2025,33,2025-08-11,103.0,40.5,4,Moderate
SGE002,2025,34,2025-08-18,191.0,54.4,4,Moderate
SGE002,2025,35,2025-08-25,612.0,80.4,5,Moderate-High
SGE003,2023,4,2023-01-23,0.0,0.2,0,Negligible
SGE003,2023,5,2023-01-30,0.0,0.1,0,Negligible
SGE003,2023,10,2023-03-06,0.0,0.1,0,Negligible
SGE003,2023,13,2023-03-27,0.0,0.3,0,Negligible
SGE003,2023,14,2023-04-03,0.0,0.3,0,Negligible
SGE003,2023,15,2023-04-10,2.0,0.4,0,Negligible
SGE003,2023,16,2023-04-17,3.0,2.7,0,Negligible
SGE003,2023,17,2023-04-24,8.0,3.2,0,Negligible
SGE003,2023,18,2023-05-01,23.0,7.1,0,Negligible
SGE003,2023,19,2023-05-08,11.0,13.2,1,Very Low
SGE003,2023,20,2023-05-15,89.0,8.9,10,Outbreak
SGE003,2023,21,2023-05-22,121.0,37.5,3,Low-Moderate
SGE003,2023,22,2023-05-29,163.0,47.6,4,Moderate
SGE003,2023,23,2023-06-05,92.0,57.2,4,Moderate
SGE003,2023,24,2023-06-12,34.0,41.0,4,Moderate
SGE003,2023,25,2023-06-19,146.0,19.7,2,Low
SGE003,2023,26,2023-06-26,307.0,57.8,4,Moderate
SGE003,2023,27,2023-07-03,164.0,100.0,6,Elevated
SGE003,2023,28,2023-07-10,180.0,72.1,5,Moderate-High
SGE003,2023,29,2023-07-17,191.0,81.3,5,Moderate-High
SGE003,2023,30,2023-07-24,194.0,87.8,10,Outbreak
SGE003,2023,31,2023-07-31,136.0,83.4,5,Moderate-High
SGE003,2023,32,2023-08-07,207.0,56.6,4,Moderate
SGE003,2023,33,2023-08-14,246.0,74.8,5,Moderate-High
SGE003,2023,34,2023-08-21,36.0,77.0,5,Moderate-High
SGE003,2023,35,2023-08-28,56.0,23.4,3,Low-Moderate
SGE003,2023,36,2023-09-04,36.0,37.9,3,Low-Moderate
SGE003,2023,37,2023-09-11,28.0,20.2,2,Low
SGE003,2023,38,2023-09-18,58.0,17.0,2,Low
SGE003,2023,39,2023-09-25,58.0,26.1,3,Low-Moderate
SGE003,2023,40,2023-10-02,3.0,26.1,3,Low-Moderate
SGE003,2023,41,2023-10-09,13.0,3.5,0,Negligible
SGE003,2023,42,2023-10-16,12.0,9.0,1,Very Low
SGE003,2023,43,2023-10-23,4.0,9.4,1,Very Low
SGE003,2023,44,2023-10-30,0.0,3.6,0,Negligible
SGE003,2023,45,2023-11-06,5.0,0.6,0,Negligible
SGE003,2023,46,2023-11-13,0.0,3.7,0,Negligible
SGE003,2023,48,2023-11-27,0.0,0.5,0,Negligible
SGE003,2023,49,2023-12-04,0.0,0.2,0,Negligible
SGE003,2024,10,2024-03-04,4.0,0.3,0,Negligible
SGE003,2024,11,2024-03-11,1.0,2.9,0,Negligible
SGE003,2024,12,2024-03-18,4.0,1.2,0,Negligible
SGE003,2024,13,2024-03-25,4.0,3.3,0,Negligible
SGE003,2024,14,2024-04-01,1.0,3.3,0,Negligible
SGE003,2024,15,2024-04-08,1.0,1.3,0,Negligible
SGE003,2024,16,2024-04-15,4.0,1.8,0,Negligible
SGE003,2024,17,2024-04-22,0.0,4.3,0,Negligible
SGE003,2024,18,2024-04-29,7.0,0.9,0,Negligible
SGE003,2024,19,2024-05-06,3.0,6.3,0,Negligible
SGE003,2024,20,2024-05-13,16.0,3.3,0,Negligible
SGE003,2024,21,2024-05-20,14.0,13.1,1,Very Low
SGE003,2024,22,2024-05-27,22.0,11.3,1,Very Low
SGE003,2024,23,2024-06-03,9.0,17.5,2,Low
SGE003,2024,24,2024-06-10,14.0,11.0,1,Very Low
SGE003,2024,25,2024-06-17,18.0,14.6,10,Outbreak
SGE003,2024,26,2024-06-24,29.0,16.4,2,Low
SGE003,2024,27,2024-07-01,26.0,25.2,3,Low-Moderate
SGE003,2024,28,2024-07-08,35.0,23.5,3,Low-Moderate
SGE003,2024,29,2024-07-15,42.0,29.4,3,Low-Moderate
SGE003,2024,30,2024-07-22,25.0,31.5,3,Low-Moderate
SGE003,2024,31,2024-07-29,16.0,22.5,3,Low-Moderate
SGE003,2024,32,2024-08-05,83.0,16.1,2,Low
SGE003,2024,33,2024-08-12,125.0,47.7,4,Moderate
SGE003,2024,34,2024-08-19,37.0,65.0,5,Moderate-High
SGE003,2024,35,2024-08-26,16.0,24.8,3,Low-Moderate
SGE003,2024,36,2024-09-02,82.0,14.4,10,Outbreak
SGE003,2024,37,2024-09-09,95.0,44.7,4,Moderate
SGE003,2024,38,2024-09-16,92.0,45.3,4,Moderate
SGE003,2024,39,2024-09-23,89.0,37.9,3,Low-Moderate
SGE003,2024,40,2024-09-30,42.0,43.4,4,Moderate
SGE003,2024,41,2024-10-07,10.0,26.8,3,Low-Moderate
SGE003,2024,42,2024-10-14,57.0,9.8,1,Very Low
SGE003,2024,43,2024-10-21,2.0,24.9,3,Low-Moderate
SGE003,2024,45,2024-11-04,4.0,2.6,0,Negligible
SGE003,2024,46,2024-11-11,3.0,2.8,0,Negligible
SGE003,2024,47,2024-11-18,1.0,2.3,0,Negligible
SGE003,2025,7,2025-02-10,2.0,1.1,0,Negligible
SGE003,2025,8,2025-02-17,4.0,1.5,0,Negligible
SGE003,2025,9,2025-02-24,0.0,2.9,0,Negligible
SGE003,2025,10,2025-03-03,2.0,0.7,0,Negligible
SGE003,2025,11,2025-03-10,6.0,1.7,0,Negligible
SGE003,2025,12,2025-03-17,0.0,3.8,0,Negligible
SGE003,2025,13,2025-03-24,13.0,0.5,0,Negligible
SGE003,2025,15,2025-04-07,6.0,9.1,1,Very Low
SGE003,2025,16,2025-04-14,10.0,6.2,0,Negligible
SGE003,2025,17,2025-04-21,4.0,7.4,0,Negligible
SGE003,2025,18,2025-04-28,2.0,4.5,0,Negligible
SGE003,2025,19,2025-05-05,10.0,2.8,0,Negligible
SGE003,2025,20,2025-05-12,27.0,8.1,10,Outbreak
SGE003,2025,21,2025-05-19,22.0,15.7,2,Low
SGE003,2025,22,2025-05-26,38.0,16.1,2,Low
SGE003,2025,23,2025-06-02,53.0,26.1,3,Low-Moderate
SGE003,2025,24,2025-06-09,68.0,32.8,3,Low-Moderate
SGE003,2025,25,2025-06-16,61.0,41.3,4,Moderate
SGE003,2025,26,2025-06-23,108.0,38.0,3,Low-Moderate
SGE003,2025,27,2025-06-30,116.0,50.8,4,Moderate
SGE003,2025,28,2025-07-07,114.0,57.0,4,Moderate
SGE003,2025,29,2025-07-14,381.0,60.5,4,Moderate
SGE003,2025,30,2025-07-21,83.0,123.7,6,Elevated
SGE003,2025,31,2025-07-28,123.0,44.2,4,Moderate
SGE003,2025,32,2025-08-04,404.0,60.0,4,Moderate
SGE003,2025,33,2025-08-11,571.0,136.9,6,Elevated
SGE003,2025,34,2025-08-18,261.0,164.0,7,High
SGE003,2025,35,2025-08-25,209.0,98.3,6,Elevated
SGE003-2,2025,17,2025-04-21,36.0,68.0,5,Moderate-High
SGE003-2,2025,21,2025-05-19,23.0,18.9,2,Low
SGE003-2,2025,22,2025-05-26,169.0,16.6,2,Low
SGE003-2,2025,23,2025-06-02,74.0,68.4,5,Moderate-High
SGE003-2,2025,24,2025-06-09,76.0,40.7,4,Moderate
SGE003-2,2025,25,2025-06-16,98.0,44.4,4,Moderate
SGE003-2,2025,26,2025-06-23,108.0,51.6,4,Moderate
SGE003-2,2025,27,2025-06-30,84.0,50.8,4,Moderate
SGE003-2,2025,28,2025-07-07,94.0,46.3,4,Moderate
SGE003-2,2025,29,2025-07-14,296.0,53.5,4,Moderate
SGE003-2,2025,30,2025-07-21,76.0,105.2,6,Elevated
SGE003-2,2025,31,2025-07-28,113.0,41.7,4,Moderate
SGE003-2,2025,33,2025-08-11,271.0,56.8,4,Moderate
SGE003-2,2025,34,2025-08-18,113.0,101.6,6,Elevated
SGE003-2,2025,35,2025-08-25,172.0,57.3,4,Moderate
SGE007,2023,20,2023-05-15,3.0,10.7,1,Very Low
SGE007,2023,21,2023-05-22,7.0,4.3,0,Negligible
SGE007,2023,22,2023-05-29,5.0,7.5,0,Negligible
SGE007,2023,23,2023-06-05,4.0,6.0,0,Negligible
SGE007,2023,24,2023-06-12,1.0,5.5,0,Negligible
SGE007,2023,25,2023-06-19,4.0,2.3,0,Negligible
SGE007,2023,26,2023-06-26,24.0,5.8,0,Negligible
SGE007,2023,27,2023-07-03,52.0,19.3,2,Low
SGE007,2023,28,2023-07-10,64.0,34.4,3,Low-Moderate
SGE007,2023,29,2023-07-17,63.0,41.7,4,Moderate
SGE007,2023,30,2023-07-24,78.0,43.0,4,Moderate
SGE007,2023,31,2023-07-31,50.0,46.3,4,Moderate
SGE007,2023,32,2023-08-07,78.0,29.6,3,Low-Moderate
SGE007,2023,33,2023-08-14,128.0,39.8,10,Outbreak
SGE007,2023,35,2023-08-28,72.0,50.5,4,Moderate
SGE007,2023,36,2023-09-04,57.0,44.6,4,Moderate
SGE007,2023,37,2023-09-11,23.0,27.2,3,Low-Moderate
SGE007,2023,38,2023-09-18,21.0,14.9,10,Outbreak
SGE007,2023,39,2023-09-25,21.0,13.4,1,Very Low
SGE007,2023,40,2023-10-02,10.0,13.4,1,Very Low
SGE007,2023,41,2023-10-09,160.0,7.6,0,Negligible
SGE007,2023,42,2023-10-16,170.0,46.8,4,Moderate
SGE007,2023,43,2023-10-23,212.0,53.0,4,Moderate
SGE007,2023,44,2023-10-30,2.0,49.8,4,Moderate
SGE007,2023,45,2023-11-06,3.0,2.1,0,Negligible
SGE007,2023,46,2023-11-13,1.0,2.6,0,Negligible
SGE007,2023,48,2023-11-27,0.0,1.3,0,Negligible
SGE007,2023,49,2023-12-04,0.0,0.2,0,Negligible
SGE007,2024,6,2024-02-12,0.0,0.3,0,Negligible
SGE007,2024,9,2024-02-26,0.0,0.3,0,Negligible
SGE007,2024,11,2024-03-11,6.0,0.5,0,Negligible
SGE007,2024,12,2024-03-18,11.0,3.8,0,Negligible
SGE007,2024,13,2024-03-25,25.0,6.6,0,Negligible
SGE007,2024,14,2024-04-01,14.0,11.3,1,Very Low
SGE007,2024,15,2024-04-08,28.0,7.3,0,Negligible
SGE007,2024,16,2024-04-15,22.0,14.3,10,Outbreak
SGE007,2024,17,2024-04-22,56.0,13.1,1,Very Low
SGE007,2024,18,2024-04-29,55.0,23.7,3,Low-Moderate
SGE007,2024,19,2024-05-06,22.0,24.4,3,Low-Moderate
SGE007,2024,20,2024-05-13,60.0,12.3,1,Very Low
SGE007,2024,21,2024-05-20,61.0,31.0,3,Low-Moderate
SGE007,2024,22,2024-05-27,38.0,29.6,3,Low-Moderate
SGE007,2024,23,2024-06-03,32.0,24.9,3,Low-Moderate
SGE007,2024,24,2024-06-10,9.0,24.8,3,Low-Moderate
SGE007,2024,25,2024-06-17,23.0,11.1,1,Very Low
SGE007,2024,26,2024-06-24,25.0,19.2,2,Low
SGE007,2024,27,2024-07-01,16.0,22.9,3,Low-Moderate
SGE007,2024,28,2024-07-08,15.0,17.2,2,Low
SGE007,2024,29,2024-07-15,3.0,17.1,2,Low
SGE007,2024,30,2024-07-22,0.0,6.1,0,Negligible
SGE007,2024,31,2024-07-29,2.0,1.9,0,Negligible
SGE007,2024,32,2024-08-05,0.0,4.6,0,Negligible
SGE007,2024,33,2024-08-12,2.0,1.9,0,Negligible
SGE007,2024,34,2024-08-19,0.0,5.0,0,Negligible
SGE007,2024,35,2024-08-26,8.0,1.5,0,Negligible
SGE007,2024,36,2024-09-02,0.0,9.3,1,Very Low
SGE007,2024,37,2024-09-09,11.0,1.7,0,Negligible
SGE007,2024,38,2024-09-16,3.0,11.2,1,Very Low
SGE007,2024,39,2024-09-23,4.0,4.2,0,Negligible
SGE007,2024,40,2024-09-30,8.0,6.0,0,Negligible
SGE007,2024,41,2024-10-07,8.0,9.2,1,Very Low
SGE007,2024,42,2024-10-14,8.0,8.5,10,Outbreak
SGE007,2024,43,2024-10-21,3.0,6.9,0,Negligible
SGE007,2024,45,2024-11-04,0.0,3.3,0,Negligible
SGE007,2024,46,2024-11-11,1.0,0.4,0,Negligible
SGE007,2024,47,2024-11-18,0.0,1.1,0,Negligible
SGE007,2025,4,2025-01-20,0.0,0.4,0,Negligible
SGE007,2025,7,2025-02-10,0.0,0.2,0,Negligible
SGE007,2025,8,2025-02-17,0.0,0.2,0,Negligible
SGE007,2025,9,2025-02-24,0.0,0.4,0,Negligible
SGE007,2025,10,2025-03-03,0.0,0.7,0,Negligible
SGE007,2025,11,2025-03-10,0.0,0.3,0,Negligible
SGE007,2025,12,2025-03-17,0.0,0.4,0,Negligible
SGE007,2025,13,2025-03-24,7.0,0.5,0,Negligible
SGE007,2025,15,2025-04-07,25.0,6.0,0,Negligible
SGE007,2025,16,2025-04-14,42.0,15.6,2,Low
SGE007,2025,17,2025-04-21,35.0,19.1,2,Low
SGE007,2025,18,2025-04-28,12.0,18.6,2,Low
SGE007,2025,20,2025-05-12,5.0,8.8,10,Outbreak
SGE007,2025,21,2025-05-19,3.0,5.2,0,Negligible
SGE007,2025,22,2025-05-26,4.0,4.6,0,Negligible
SGE007,2025,23,2025-06-02,3.0,6.3,0,Negligible
SGE007,2025,24,2025-06-09,12.0,5.4,0,Negligible
SGE007,2025,25,2025-06-16,14.0,13.5,1,Very Low
SGE007,2025,26,2025-06-23,0.0,14.7,10,Outbreak
SGE007,2025,27,2025-06-30,33.0,1.6,0,Negligible
SGE007,2025,28,2025-07-07,18.0,25.3,3,Low-Moderate
SGE007,2025,29,2025-07-14,11.0,18.4,2,Low
SGE007,2025,30,2025-07-21,5.0,12.6,1,Very Low
SGE007,2025,31,2025-07-28,7.0,7.3,0,Negligible
SGE007,2025,32,2025-08-04,5.0,9.6,1,Very Low
SGE007,2025,33,2025-08-11,7.0,8.3,10,Outbreak
SGE007,2025,34,2025-08-18,11.0,9.7,1,Very Low
SGE007,2025,35,2025-08-25,8.0,12.8,1,Very Low
SGE008-2,2023,20,2023-05-15,8.0,5.4,0,Negligible
SGE008-2,2023,21,2023-05-22,4.0,7.8,0,Negligible
SGE008-2,2023,22,2023-05-29,2.0,5.3,0,Negligible
SGE008-2,2023,23,2023-06-05,5.0,3.5,0,Negligible
SGE008-2,2023,24,2023-06-12,0.0,6.3,0,Negligible
SGE008-2,2023,25,2023-06-19,2.0,1.1,0,Negligible
SGE008-2,2023,26,2023-06-26,1.0,3.9,0,Negligible
SGE008-2,2023,27,2023-07-03,0.0,3.0,0,Negligible
SGE008-2,2023,28,2023-07-10,0.0,1.8,0,Negligible
SGE008-2,2023,29,2023-07-17,0.0,2.0,0,Negligible
SGE008-2,2023,30,2023-07-24,2.0,2.1,0,Negligible
SGE008-2,2023,31,2023-07-31,0.0,4.8,0,Negligible
SGE008-2,2023,32,2023-08-07,1.0,1.5,0,Negligible
SGE008-2,2023,33,2023-08-14,4.0,2.9,0,Negligible
SGE008-2,2023,35,2023-08-28,0.0,5.4,0,Negligible
SGE008-2,2023,36,2023-09-04,0.0,1.9,0,Negligible
SGE008-2,2023,37,2023-09-11,2.0,1.1,0,Negligible
SGE008-2,2024,24,2024-06-10,2.0,3.2,0,Negligible
SGE008-2,2024,25,2024-06-17,13.0,4.6,0,Negligible
SGE008-2,2024,27,2024-07-01,10.0,13.3,1,Very Low
SGE008-2,2024,28,2024-07-08,9.0,12.8,1,Very Low
SGE008-2,2024,29,2024-07-15,10.0,12.4,1,Very Low
SGE008-2,2024,30,2024-07-22,1.0,12.6,1,Very Low
SGE008-2,2024,31,2024-07-29,4.0,3.6,0,Negligible
SGE008-2,2024,32,2024-08-05,4.0,6.8,0,Negligible
SGE008-2,2024,33,2024-08-12,7.0,7.0,0,Negligible
SGE008-2,2024,34,2024-08-19,0.0,10.3,1,Very Low
SGE008-2,2024,35,2024-08-26,14.0,1.5,0,Negligible
SGE008-2,2024,36,2024-09-02,4.0,13.2,1,Very Low
SGE008-2,2024,37,2024-09-09,8.0,6.6,0,Negligible
SGE008-2,2024,38,2024-09-16,8.0,9.2,1,Very Low
SGE008-2,2024,39,2024-09-23,2.0,7.7,0,Negligible
SGE008-2,2024,40,2024-09-30,4.0,4.0,0,Negligible
SGE008-2,2025,18,2025-04-28,1.0,6.0,0,Negligible
SGE008-2,2025,20,2025-05-12,4.0,2.0,0,Negligible
SGE008-2,2025,21,2025-05-19,3.0,4.6,0,Negligible
SGE008-2,2025,22,2025-05-26,12.0,4.6,0,Negligible
SGE008-2,2025,23,2025-06-02,6.0,12.4,1,Very Low
SGE008-2,2025,24,2025-06-09,6.0,8.1,10,Outbreak
SGE008-2,2025,25,2025-06-16,74.0,8.8,10,Outbreak
SGE008-2,2025,26,2025-06-23,45.0,43.1,4,Moderate
SGE008-2,2025,27,2025-06-30,23.0,28.8,3,Low-Moderate
SGE008-2,2025,28,2025-07-07,21.0,20.1,2,Low
SGE008-2,2025,29,2025-07-14,27.0,20.4,2,Low
SGE008-2,2025,31,2025-07-28,2.0,22.4,3,Low-Moderate
SGE008-2,2025,32,2025-08-04,4.0,4.6,0,Negligible
SGE008-2,2025,33,2025-08-11,9.0,7.3,0,Negligible
SGE008-2,2025,34,2025-08-18,17.0,11.4,1,Very Low
SGE008-2,2025,35,2025-08-25,27.0,16.9,2,Low
SGE009,2023,4,2023-01-23,0.0,0.2,0,Negligible
SGE009,2023,5,2023-01-30,0.0,0.1,0,Negligible
SGE009,2023,10,2023-03-06,0.0,0.1,0,Negligible
SGE009,2023,13,2023-03-27,5.0,0.3,0,Negligible
SGE009,2023,14,2023-04-03,0.0,3.2,0,Negligible
SGE009,2023,15,2023-04-10,1.0,0.4,0,Negligible
SGE009,2023,16,2023-04-17,1.0,1.8,0,Negligible
SGE009,2023,17,2023-04-24,7.0,1.7,0,Negligible
SGE009,2023,18,2023-05-01,0.0,6.5,0,Negligible
SGE009,2023,19,2023-05-08,2.0,0.9,0,Negligible
SGE009,2023,20,2023-05-15,14.0,3.1,0,Negligible
SGE009,2023,21,2023-05-22,9.0,11.2,1,Very Low
SGE009,2023,22,2023-05-29,5.0,8.8,10,Outbreak
SGE009,2023,23,2023-06-05,4.0,6.0,0,Negligible
SGE009,2023,24,2023-06-12,2.0,5.5,0,Negligible
SGE009,2023,25,2023-06-19,0.0,3.3,0,Negligible
SGE009,2023,26,2023-06-26,0.0,1.4,0,Negligible
SGE009,2023,27,2023-07-03,1.0,1.6,0,Negligible
SGE009,2023,28,2023-07-10,0.0,3.3,0,Negligible
SGE009,2023,29,2023-07-17,1.0,2.0,0,Negligible
SGE009,2023,30,2023-07-24,3.0,3.8,0,Negligible
SGE009,2023,31,2023-07-31,1.0,6.0,0,Negligible
SGE009,2023,32,2023-08-07,1.0,2.9,0,Negligible
SGE009,2023,33,2023-08-14,11.0,2.9,0,Negligible
SGE009,2023,35,2023-08-28,8.0,10.3,1,Very Low
SGE009,2023,36,2023-09-04,7.0,11.0,1,Very Low
SGE009,2023,37,2023-09-11,13.0,7.0,0,Negligible
SGE009,2023,38,2023-09-18,24.0,10.3,1,Very Low
SGE009,2023,39,2023-09-25,28.0,14.6,10,Outbreak
SGE009,2023,40,2023-10-02,3.0,16.2,2,Low
SGE009,2023,41,2023-10-09,10.0,3.5,0,Negligible
SGE009,2023,42,2023-10-16,5.0,7.6,0,Negligible
SGE009,2023,43,2023-10-23,1.0,5.3,0,Negligible
SGE009,2024,23,2024-06-03,4.0,1.6,0,Negligible
SGE009,2024,24,2024-06-10,1.0,6.7,0,Negligible
SGE009,2025,17,2025-04-21,8.0,3.3,0,Negligible
SGE009,2025,18,2025-04-28,2.0,7.1,0,Negligible
SGE009,2025,19,2025-05-05,1.0,2.8,0,Negligible
SGE009,2025,20,2025-05-12,1.0,2.0,0,Negligible
SGE009,2025,21,2025-05-19,11.0,2.1,0,Negligible
SGE009,2025,22,2025-05-26,37.0,10.3,1,Very Low
SGE009,2025,23,2025-06-02,6.0,25.6,3,Low-Moderate
SGE009,2025,24,2025-06-09,8.0,8.1,10,Outbreak
SGE009,2025,25,2025-06-16,16.0,10.5,1,Very Low
SGE009,2025,26,2025-06-23,10.0,16.1,2,Low
SGE009,2025,27,2025-06-30,4.0,10.9,1,Very Low
SGE009,2025,29,2025-07-14,12.0,6.7,0,Negligible
SGE009,2025,30,2025-07-21,27.0,13.3,1,Very Low
SGE009-2,2023,4,2023-01-23,0.0,0.2,0,Negligible
SGE009-2,2023,5,2023-01-30,0.0,0.1,0,Negligible
SGE009-2,2023,10,2023-03-06,0.0,0.1,0,Negligible
SGE009-2,2023,13,2023-03-27,12.0,0.3,0,Negligible
SGE009-2,2023,14,2023-04-03,0.0,6.0,0,Negligible
SGE009-2,2023,15,2023-04-10,1.0,0.4,0,Negligible
SGE009-2,2023,16,2023-04-17,6.0,1.8,0,Negligible
SGE009-2,2023,17,2023-04-24,5.0,5.1,0,Negligible
SGE009-2,2023,18,2023-05-01,1.0,5.2,0,Negligible
SGE009-2,2023,19,2023-05-08,1.0,1.9,0,Negligible
SGE009-2,2023,20,2023-05-15,30.0,2.1,0,Negligible
SGE009-2,2023,21,2023-05-22,8.0,18.5,2,Low
SGE009-2,2023,22,2023-05-29,7.0,8.2,10,Outbreak
SGE009-2,2023,23,2023-06-05,3.0,7.4,0,Negligible
SGE009-2,2023,24,2023-06-12,3.0,4.6,0,Negligible
SGE009-2,2023,25,2023-06-19,3.0,4.2,0,Negligible
SGE009-2,2023,26,2023-06-26,4.0,4.9,0,Negligible
SGE009-2,2023,27,2023-07-03,0.0,6.2,0,Negligible
SGE009-2,2023,28,2023-07-10,4.0,1.8,0,Negligible
SGE009-2,2023,29,2023-07-17,6.0,7.3,0,Negligible
SGE009-2,2023,30,2023-07-24,5.0,9.7,1,Very Low
SGE009-2,2023,31,2023-07-31,5.0,8.1,10,Outbreak
SGE009-2,2023,32,2023-08-07,5.0,6.8,0,Negligible
SGE009-2,2023,33,2023-08-14,9.0,6.8,0,Negligible
SGE009-2,2023,35,2023-08-28,5.0,9.0,1,Very Low
SGE009-2,2023,36,2023-09-04,2.0,8.2,10,Outbreak
SGE009-2,2023,37,2023-09-11,26.0,3.2,0,Negligible
SGE009-2,2023,38,2023-09-18,9.0,16.2,2,Low
SGE009-2,2023,39,2023-09-25,5.0,7.7,0,Negligible
SGE009-2,2023,40,2023-10-02,0.0,5.3,0,Negligible
SGE009-2,2023,41,2023-10-09,1.0,0.9,0,Negligible
SGE009-2,2023,44,2023-10-30,0.0,1.9,0,Negligible
SGE009-2,2023,45,2023-11-06,4.0,0.6,0,Negligible
SGE009-2,2023,46,2023-11-13,0.0,3.2,0,Negligible
SGE009-2,2023,48,2023-11-27,0.0,0.5,0,Negligible
SGE009-2,2024,16,2024-04-15,0.0,0.2,0,Negligible
SGE009-2,2024,17,2024-04-22,2.0,0.9,0,Negligible
SGE009-2,2024,18,2024-04-29,5.0,2.7,0,Negligible
SGE009-2,2024,19,2024-05-06,33.0,5.1,0,Negligible
SGE009-2,2024,20,2024-05-13,12.0,16.1,2,Low
SGE009-2,2024,21,2024-05-20,4.0,10.9,1,Very Low
SGE009-2,2024,22,2024-05-27,2.0,5.1,0,Negligible
SGE009-2,2024,23,2024-06-03,5.0,4.0,0,Negligible
SGE009-2,2024,24,2024-06-10,2.0,7.7,0,Negligible
SGE009-2,2024,25,2024-06-17,2.0,4.6,0,Negligible
SGE009-2,2024,26,2024-06-24,8.0,4.4,0,Negligible
SGE009-2,2024,27,2024-07-01,3.0,11.1,1,Very Low
SGE009-2,2024,28,2024-07-08,6.0,6.2,0,Negligible
SGE009-2,2024,29,2024-07-15,13.0,9.7,1,Very Low
SGE009-2,2024,30,2024-07-22,10.0,14.9,10,Outbreak
SGE009-2,2024,31,2024-07-29,2.0,12.6,1,Very Low
SGE009-2,2024,32,2024-08-05,2.0,4.6,0,Negligible
SGE009-2,2024,33,2024-08-12,2.0,4.8,0,Negligible
SGE009-2,2024,34,2024-08-19,1.0,5.0,0,Negligible
SGE009-2,2024,35,2024-08-26,5.0,2.9,0,Negligible
SGE009-2,2024,36,2024-09-02,19.0,6.9,0,Negligible
SGE009-2,2024,37,2024-09-09,8.0,17.4,2,Low
SGE009-2,2024,38,2024-09-16,6.0,9.2,1,Very Low
SGE009-2,2024,39,2024-09-23,8.0,6.4,0,Negligible
SGE009-2,2024,40,2024-09-30,9.0,9.2,1,Very Low
SGE009-2,2024,41,2024-10-07,12.0,9.9,1,Very Low
SGE009-2,2024,42,2024-10-14,40.0,11.0,1,Very Low
SGE009-2,2024,43,2024-10-21,7.0,19.7,2,Low
SGE009-2,2025,13,2025-03-24,2.0,5.7,0,Negligible
SGE009-2,2025,15,2025-04-07,0.0,2.8,0,Negligible
SGE009-2,2025,16,2025-04-14,0.0,1.1,0,Negligible
SGE009-2,2025,17,2025-04-21,0.0,0.8,0,Negligible
SGE009-2,2025,19,2025-05-05,0.0,1.0,0,Negligible
SGE009-2,2025,20,2025-05-12,0.0,1.0,0,Negligible
SGE009-2,2025,21,2025-05-19,7.0,1.0,0,Negligible
SGE009-2,2025,22,2025-05-26,2.0,7.7,0,Negligible
SGE009-2,2025,23,2025-06-02,6.0,4.2,0,Negligible
SGE009-2,2025,24,2025-06-09,1.0,8.1,10,Outbreak
SGE009-2,2025,25,2025-06-16,13.0,3.4,0,Negligible
SGE009-2,2025,26,2025-06-23,10.0,14.1,10,Outbreak
SGE009-2,2025,27,2025-06-30,22.0,10.9,1,Very Low
SGE009-2,2025,28,2025-07-07,23.0,19.5,2,Low
SGE009-2,2025,29,2025-07-14,1.0,21.6,10,Outbreak
SGE009-2,2025,31,2025-07-28,41.0,3.3,0,Negligible
SGE009-2,2025,32,2025-08-04,9.0,29.5,3,Low-Moderate
SGE009-2,2025,33,2025-08-11,18.0,11.9,1,Very Low
SGE009-2,2025,34,2025-08-18,16.0,17.7,2,Low
SGE009-2,2025,35,2025-08-25,8.0,16.3,2,Low
SGE010,2023,20,2023-05-15,2.0,9.8,1,Very Low
SGE013,2023,4,2023-01-23,0.0,0.2,0,Negligible
SGE013,2023,5,2023-01-30,0.0,0.1,0,Negligible
SGE013,2023,10,2023-03-06,0.0,0.1,0,Negligible
SGE013,2023,13,2023-03-27,2.0,0.3,0,Negligible
SGE013,2023,14,2023-04-03,8.0,1.7,0,Negligible
SGE013,2023,15,2023-04-10,5.0,4.7,0,Negligible
SGE013,2023,16,2023-04-17,9.0,4.7,0,Negligible
SGE013,2023,17,2023-04-24,19.0,6.6,0,Negligible
SGE013,2023,18,2023-05-01,44.0,12.5,1,Very Low
SGE013,2023,19,2023-05-08,36.0,20.3,2,Low
SGE013,2023,20,2023-05-15,92.0,19.3,2,Low
SGE013,2023,21,2023-05-22,114.0,38.4,3,Low-Moderate
SGE013,2023,22,2023-05-29,279.0,45.8,4,Moderate
SGE013,2023,23,2023-06-05,170.0,80.9,5,Moderate-High
SGE013,2023,24,2023-06-12,18.0,61.0,4,Moderate
SGE013,2023,25,2023-06-19,348.0,13.0,1,Very Low
SGE013,2023,26,2023-06-26,573.0,101.3,6,Elevated
SGE013,2023,27,2023-07-03,21.0,149.4,7,High
SGE013,2023,28,2023-07-10,124.0,19.1,2,Low
SGE013,2023,29,2023-07-17,33.0,63.9,4,Moderate
SGE013,2023,30,2023-07-24,243.0,28.3,3,Low-Moderate
SGE013,2023,31,2023-07-31,25.0,96.4,6,Elevated
SGE013,2023,32,2023-08-07,17.0,18.9,2,Low
SGE013,2023,33,2023-08-14,26.0,14.8,10,Outbreak
SGE013,2023,35,2023-08-28,93.0,17.9,2,Low
SGE013,2023,36,2023-09-04,74.0,52.6,4,Moderate
SGE013,2023,37,2023-09-11,40.0,32.3,3,Low-Moderate
SGE013,2023,38,2023-09-18,143.0,21.4,10,Outbreak
SGE013,2023,39,2023-09-25,203.0,46.9,4,Moderate
SGE013,2023,40,2023-10-02,41.0,59.0,4,Moderate
SGE013,2023,41,2023-10-09,203.0,19.4,2,Low
SGE013,2023,42,2023-10-16,226.0,54.6,4,Moderate
SGE013,2023,43,2023-10-23,170.0,63.7,4,Moderate
SGE013,2023,44,2023-10-30,2.0,43.2,4,Moderate
SGE013,2023,45,2023-11-06,83.0,2.1,0,Negligible
SGE013,2023,46,2023-11-13,7.0,24.3,3,Low-Moderate
SGE013,2023,48,2023-11-27,0.0,4.5,0,Negligible
SGE013,2023,49,2023-12-04,5.0,0.2,0,Negligible
SGE013,2023,50,2023-12-11,1.0,3.0,0,Negligible
SGE013,2024,5,2024-01-29,33.0,0.9,0,Negligible
SGE013,2024,6,2024-02-12,6.0,11.3,1,Very Low
SGE013,2024,9,2024-02-26,0.0,3.3,0,Negligible
SGE013,2024,10,2024-03-04,2.0,0.5,0,Negligible
SGE013,2024,11,2024-03-11,3.0,1.8,0,Negligible
SGE013,2024,12,2024-03-18,5.0,2.4,0,Negligible
SGE013,2024,13,2024-03-25,4.0,3.9,0,Negligible
SGE013,2024,14,2024-04-01,8.0,3.3,0,Negligible
SGE013,2024,15,2024-04-08,2.0,5.0,0,Negligible
SGE013,2024,16,2024-04-15,23.0,2.6,0,Negligible
SGE013,2024,17,2024-04-22,60.0,13.5,1,Very Low
SGE013,2024,18,2024-04-29,80.0,24.7,3,Low-Moderate
SGE013,2024,19,2024-05-06,42.0,31.2,3,Low-Moderate
SGE013,2024,20,2024-05-13,104.0,18.8,2,Low
SGE013,2024,21,2024-05-20,61.0,44.3,4,Moderate
SGE013,2024,22,2024-05-27,51.0,29.6,3,Low-Moderate
SGE013,2024,23,2024-06-03,25.0,30.2,3,Low-Moderate
SGE013,2024,24,2024-06-10,13.0,21.2,10,Outbreak
SGE013,2024,25,2024-06-17,7.0,14.0,1,Very Low
SGE013,2024,26,2024-06-24,4.0,9.0,1,Very Low
SGE013,2024,27,2024-07-01,5.0,7.3,0,Negligible
SGE013,2024,28,2024-07-08,2.0,8.4,10,Outbreak
SGE013,2024,29,2024-07-15,9.0,5.2,0,Negligible
SGE013,2024,30,2024-07-22,0.0,11.8,1,Very Low
SGE013,2024,31,2024-07-29,4.0,1.9,0,Negligible
SGE013,2024,32,2024-08-05,10.0,6.8,0,Negligible
SGE013,2024,33,2024-08-12,9.0,12.3,1,Very Low
SGE013,2024,34,2024-08-19,19.0,12.0,1,Very Low
SGE013,2024,35,2024-08-26,2.0,16.1,2,Low
SGE013,2024,36,2024-09-02,10.0,4.1,0,Negligible
SGE013,2024,37,2024-09-09,12.0,11.5,1,Very Low
SGE013,2024,38,2024-09-16,11.0,11.9,1,Very Low
SGE013,2024,39,2024-09-23,17.0,9.5,1,Very Low
SGE013,2024,40,2024-09-30,13.0,14.9,10,Outbreak
SGE013,2024,41,2024-10-07,12.0,12.6,1,Very Low
SGE013,2024,42,2024-10-14,13.0,11.0,1,Very Low
SGE013,2024,43,2024-10-21,3.0,9.4,1,Very Low
SGE013,2025,13,2025-03-24,5.0,3.3,0,Negligible
SGE013,2025,15,2025-04-07,5.0,4.9,0,Negligible
SGE013,2025,16,2025-04-14,10.0,5.5,0,Negligible
SGE013,2025,17,2025-04-21,7.0,7.4,0,Negligible
SGE013,2025,18,2025-04-28,2.0,6.5,0,Negligible
SGE013,2025,20,2025-05-12,10.0,2.8,0,Negligible
SGE013,2025,21,2025-05-19,13.0,8.2,10,Outbreak
SGE013,2025,22,2025-05-26,14.0,11.5,1,Very Low
SGE013,2025,23,2025-06-02,25.0,13.7,1,Very Low
SGE013,2025,24,2025-06-09,43.0,20.2,2,Low
SGE013,2025,25,2025-06-16,29.0,30.7,3,Low-Moderate
SGE013,2025,26,2025-06-23,28.0,23.5,3,Low-Moderate
SGE013,2025,27,2025-06-30,27.0,21.2,10,Outbreak
SGE013,2025,28,2025-07-07,20.0,22.2,3,Low-Moderate
SGE013,2025,29,2025-07-14,45.0,19.7,2,Low
SGE013,2025,30,2025-07-21,16.0,31.2,3,Low-Moderate
SGE013,2025,31,2025-07-28,22.0,15.3,2,Low
SGE013,2025,32,2025-08-04,16.0,19.7,2,Low
SGE013,2025,33,2025-08-11,3.0,17.1,2,Low
SGE013,2025,34,2025-08-18,21.0,5.9,0,Negligible
SGE013,2025,35,2025-08-25,3.0,19.3,2,Low
SGE014,2023,4,2023-01-23,0.0,0.2,0,Negligible
SGE014,2023,5,2023-01-30,0.0,0.1,0,Negligible
SGE014,2023,10,2023-03-06,0.0,0.1,0,Negligible
SGE014,2023,13,2023-03-27,1.0,0.3,0,Negligible
SGE014,2023,14,2023-04-03,1.0,1.1,0,Negligible
SGE014,2023,15,2023-04-10,3.0,1.2,0,Negligible
SGE014,2023,16,2023-04-17,0.0,3.4,0,Negligible
SGE014,2023,17,2023-04-24,3.0,0.8,0,Negligible
SGE014,2023,18,2023-05-01,5.0,3.8,0,Negligible
SGE014,2023,19,2023-05-08,0.0,4.9,0,Negligible
SGE014,2023,20,2023-05-15,21.0,1.0,0,Negligible
SGE014,2023,21,2023-05-22,24.0,14.6,10,Outbreak
SGE014,2023,22,2023-05-29,29.0,16.6,2,Low
SGE014,2023,23,2023-06-05,7.0,18.6,2,Low
SGE014,2023,24,2023-06-12,5.0,7.7,0,Negligible
SGE014,2023,25,2023-06-19,26.0,5.7,0,Negligible
SGE014,2023,26,2023-06-26,42.0,18.9,2,Low
SGE014,2023,27,2023-07-03,83.0,27.7,3,Low-Moderate
SGE014,2023,28,2023-07-10,78.0,46.5,4,Moderate
SGE014,2023,29,2023-07-17,21.0,47.4,4,Moderate
SGE014,2023,30,2023-07-24,44.0,21.2,10,Outbreak
SGE014,2023,31,2023-07-31,7.0,32.0,3,Low-Moderate
SGE014,2023,32,2023-08-07,32.0,8.4,10,Outbreak
SGE014,2023,33,2023-08-14,63.0,22.3,3,Low-Moderate
SGE014,2023,35,2023-08-28,36.0,31.9,3,Low-Moderate
SGE014,2023,36,2023-09-04,26.0,28.5,3,Low-Moderate
SGE014,2023,37,2023-09-11,104.0,16.3,2,Low
SGE014,2023,38,2023-09-18,63.0,39.9,10,Outbreak
SGE014,2023,39,2023-09-25,42.0,27.5,3,Low-Moderate
SGE014,2023,40,2023-10-02,23.0,21.2,10,Outbreak
SGE014,2023,41,2023-10-09,23.0,13.2,1,Very Low
SGE014,2023,42,2023-10-16,11.0,13.1,1,Very Low
SGE014,2023,43,2023-10-23,4.0,8.9,10,Outbreak
SGE014,2023,44,2023-10-30,0.0,3.6,0,Negligible
SGE014,2023,45,2023-11-06,1.0,0.6,0,Negligible
SGE014,2023,46,2023-11-13,2.0,1.3,0,Negligible
SGE014,2023,48,2023-11-27,0.0,2.0,0,Negligible
SGE014,2024,10,2024-03-04,2.0,0.2,0,Negligible
SGE014,2024,11,2024-03-11,0.0,1.8,0,Negligible
SGE014,2024,12,2024-03-18,2.0,0.4,0,Negligible
SGE014,2024,13,2024-03-25,0.0,2.1,0,Negligible
SGE014,2024,14,2024-04-01,6.0,0.5,0,Negligible
SGE014,2024,15,2024-04-08,0.0,4.1,0,Negligible
SGE014,2024,16,2024-04-15,5.0,0.8,0,Negligible
SGE014,2024,17,2024-04-22,7.0,5.0,0,Negligible
SGE014,2024,18,2024-04-29,11.0,6.0,0,Negligible
SGE014,2024,19,2024-05-06,3.0,8.5,10,Outbreak
SGE014,2024,20,2024-05-13,22.0,3.3,0,Negligible
SGE014,2024,21,2024-05-20,38.0,16.2,2,Low
SGE014,2024,22,2024-05-27,16.0,21.7,10,Outbreak
SGE014,2024,23,2024-06-03,4.0,14.2,10,Outbreak
SGE014,2024,24,2024-06-10,30.0,6.7,0,Negligible
SGE014,2024,25,2024-06-17,49.0,23.9,3,Low-Moderate
SGE014,2024,26,2024-06-24,27.0,31.4,3,Low-Moderate
SGE014,2024,27,2024-07-01,21.0,24.1,3,Low-Moderate
SGE014,2024,28,2024-07-08,24.0,20.5,2,Low
SGE014,2024,29,2024-07-15,1.0,23.1,3,Low-Moderate
SGE014,2024,30,2024-07-22,0.0,3.6,0,Negligible
SGE014,2024,31,2024-07-29,4.0,1.9,0,Negligible
SGE014,2024,32,2024-08-05,5.0,6.8,0,Negligible
SGE014,2024,33,2024-08-12,5.0,8.0,0,Negligible
SGE014,2024,34,2024-08-19,1.0,8.4,10,Outbreak
SGE014,2024,35,2024-08-26,4.0,2.9,0,Negligible
SGE014,2024,36,2024-09-02,9.0,6.1,0,Negligible
SGE014,2024,37,2024-09-09,11.0,10.8,1,Very Low
SGE014,2024,38,2024-09-16,7.0,11.2,1,Very Low
SGE014,2024,39,2024-09-23,14.0,7.1,0,Negligible
SGE014,2024,40,2024-09-30,6.0,13.1,1,Very Low
SGE014,2024,41,2024-10-07,21.0,7.7,0,Negligible
SGE014,2024,42,2024-10-14,10.0,15.8,2,Low
SGE014,2024,43,2024-10-21,3.0,7.9,0,Negligible
SGE014,2025,18,2025-04-28,5.0,3.3,0,Negligible
SGE014,2025,20,2025-05-12,14.0,5.0,0,Negligible
SGE014,2025,21,2025-05-19,2.0,10.2,1,Very Low
SGE014,2025,22,2025-05-26,4.0,3.7,0,Negligible
SGE014,2025,23,2025-06-02,3.0,6.3,0,Negligible
SGE014,2025,24,2025-06-09,6.0,5.4,0,Negligible
SGE014,2025,25,2025-06-16,12.0,8.8,10,Outbreak
SGE014,2025,26,2025-06-23,7.0,13.4,1,Very Low
SGE014,2025,27,2025-06-30,9.0,8.7,10,Outbreak
SGE014,2025,28,2025-07-07,6.0,11.0,1,Very Low
SGE014,2025,29,2025-07-14,5.0,9.3,1,Very Low
SGE014,2025,31,2025-07-28,1.0,7.7,0,Negligible
SGE014,2025,32,2025-08-04,1.0,3.3,0,Negligible
SGE014,2025,33,2025-08-11,3.0,3.6,0,Negligible
SGE014,2025,34,2025-08-18,84.0,5.9,0,Negligible
SGE014,2025,35,2025-08-25,12.0,47.3,4,Moderate
SGE015,2023,20,2023-05-15,3.0,14.0,1,Very Low
SGE015,2023,21,2023-05-22,5.0,4.3,0,Negligible
SGE015,2023,22,2023-05-29,7.0,6.1,0,Negligible
SGE015,2023,23,2023-06-05,6.0,7.4,0,Negligible
SGE015,2023,24,2023-06-12,5.0,7.0,0,Negligible
SGE015,2023,25,2023-06-19,29.0,5.7,0,Negligible
SGE015,2023,26,2023-06-26,15.0,20.3,2,Low
SGE015,2023,27,2023-07-03,12.0,14.2,10,Outbreak
SGE015,2023,28,2023-07-10,19.0,13.4,1,Very Low
SGE015,2023,29,2023-07-17,33.0,19.1,2,Low
SGE015,2023,30,2023-07-24,49.0,28.3,3,Low-Moderate
SGE015,2023,31,2023-07-31,15.0,34.3,3,Low-Moderate
SGE015,2023,32,2023-08-07,18.0,13.6,1,Very Low
SGE015,2023,33,2023-08-14,13.0,15.4,2,Low
SGE015,2023,35,2023-08-28,8.0,11.4,1,Very Low
SGE015,2023,36,2023-09-04,2.0,11.0,1,Very Low
SGE015,2023,37,2023-09-11,5.0,3.2,0,Negligible
SGE015,2023,38,2023-09-18,46.0,5.6,0,Negligible
SGE015,2023,39,2023-09-25,36.0,22.4,3,Low-Moderate
SGE015,2024,23,2024-06-03,0.0,19.1,2,Low
SGE015,2024,24,2024-06-10,5.0,1.8,0,Negligible
SGE015,2024,26,2024-06-24,1.0,7.7,0,Negligible
SGE015,2024,27,2024-07-01,14.0,3.6,0,Negligible
SGE015,2024,28,2024-07-08,28.0,15.8,2,Low
SGE015,2024,29,2024-07-15,9.0,25.5,3,Low-Moderate
SGE015,2024,30,2024-07-22,8.0,11.8,1,Very Low
SGE015,2024,31,2024-07-29,6.0,10.9,1,Very Low
SGE015,2024,32,2024-08-05,6.0,8.7,10,Outbreak
SGE015,2024,33,2024-08-12,3.0,8.9,10,Outbreak
SGE015,2024,34,2024-08-19,2.0,6.3,0,Negligible
SGE015,2024,35,2024-08-26,10.0,4.1,0,Negligible
SGE015,2024,37,2024-09-09,23.0,10.7,1,Very Low
SGE015,2024,38,2024-09-16,0.0,18.1,2,Low
SGE015,2024,39,2024-09-23,4.0,1.1,0,Negligible
SGE015,2024,40,2024-09-30,0.0,6.0,0,Negligible
SGE015,2025,18,2025-04-28,2.0,1.5,0,Negligible
SGE015,2025,20,2025-05-12,0.0,2.8,0,Negligible
SGE015,2025,21,2025-05-19,1.0,1.0,0,Negligible
SGE015,2025,23,2025-06-02,12.0,2.6,0,Negligible
SGE015,2025,24,2025-06-09,10.0,12.6,1,Very Low
SGE015,2025,25,2025-06-16,21.0,12.1,1,Very Low
SGE015,2025,26,2025-06-23,13.0,19.1,2,Low
SGE015,2025,27,2025-06-30,18.0,12.9,1,Very Low
SGE015,2025,28,2025-07-07,10.0,17.1,2,Low
SGE015,2025,29,2025-07-14,6.0,12.7,1,Very Low
SGE015,2025,30,2025-07-21,9.0,8.7,10,Outbreak
SGE015,2025,31,2025-07-28,17.0,10.6,1,Very Low
SGE015,2025,32,2025-08-04,7.0,16.7,2,Low
SGE015,2025,33,2025-08-11,6.0,10.2,1,Very Low
SGE015,2025,34,2025-08-18,6.0,8.9,10,Outbreak
SGE015,2025,35,2025-08-25,13.0,8.8,10,Outbreak
SGE016,2023,20,2023-05-15,14.0,8.3,10,Outbreak
SGE016,2023,21,2023-05-22,28.0,11.2,1,Very Low
SGE016,2023,22,2023-05-29,10.0,18.4,2,Low
SGE016,2023,23,2023-06-05,32.0,9.3,1,Very Low
SGE016,2023,24,2023-06-12,5.0,20.6,2,Low
SGE016,2023,25,2023-06-19,21.0,5.7,0,Negligible
SGE016,2023,26,2023-06-26,34.0,16.5,2,Low
SGE016,2023,27,2023-07-03,54.0,24.1,3,Low-Moderate
SGE016,2023,28,2023-07-10,59.0,35.2,3,Low-Moderate
SGE016,2023,29,2023-07-17,66.0,39.6,10,Outbreak
SGE016,2023,30,2023-07-24,44.0,44.3,4,Moderate
SGE016,2023,31,2023-07-31,19.0,32.0,3,Low-Moderate
SGE016,2023,32,2023-08-07,49.0,15.8,2,Low
SGE016,2023,33,2023-08-14,84.0,29.5,3,Low-Moderate
SGE016,2023,35,2023-08-28,18.0,38.4,3,Low-Moderate
SGE016,2023,36,2023-09-04,14.0,18.3,2,Low
SGE016,2023,37,2023-09-11,15.0,10.9,1,Very Low
SGE016,2023,38,2023-09-18,20.0,11.3,1,Very Low
SGE016,2023,39,2023-09-25,16.0,13.0,1,Very Low
SGE016,2024,23,2024-06-03,11.0,11.2,1,Very Low
SGE016,2024,24,2024-06-10,13.0,12.5,1,Very Low
SGE016,2024,25,2024-06-17,14.0,14.0,1,Very Low
SGE016,2024,26,2024-06-24,6.0,14.0,1,Very Low
SGE016,2024,27,2024-07-01,7.0,9.3,1,Very Low
SGE016,2024,28,2024-07-08,19.0,10.3,1,Very Low
SGE016,2024,29,2024-07-15,18.0,19.9,2,Low
SGE016,2024,30,2024-07-22,17.0,18.3,2,Low
SGE016,2024,31,2024-07-29,15.0,17.6,2,Low
SGE016,2024,32,2024-08-05,20.0,15.4,2,Low
SGE016,2024,33,2024-08-12,15.0,19.0,2,Low
SGE016,2024,34,2024-08-19,15.0,16.6,2,Low
SGE016,2024,35,2024-08-26,3.0,13.8,1,Very Low
SGE016,2024,36,2024-09-02,9.0,5.1,0,Negligible
SGE016,2024,37,2024-09-09,16.0,10.8,1,Very Low
SGE016,2024,38,2024-09-16,3.0,14.3,10,Outbreak
SGE016,2024,39,2024-09-23,15.0,4.2,0,Negligible
SGE016,2024,40,2024-09-30,10.0,13.7,1,Very Low
SGE016,2024,41,2024-10-07,11.0,10.6,1,Very Low
SGE016,2024,42,2024-10-14,10.0,10.4,1,Very Low
SGE016,2024,43,2024-10-21,4.0,7.9,0,Negligible
SGE016,2025,18,2025-04-28,0.0,3.9,0,Negligible
SGE016,2025,20,2025-05-12,4.0,0.9,0,Negligible
SGE016,2025,21,2025-05-19,5.0,4.6,0,Negligible
SGE016,2025,22,2025-05-26,7.0,6.3,0,Negligible
SGE016,2025,23,2025-06-02,3.0,8.8,10,Outbreak
SGE016,2025,24,2025-06-09,2.0,5.4,0,Negligible
SGE016,2025,25,2025-06-16,15.0,4.7,0,Negligible
SGE016,2025,26,2025-06-23,14.0,15.4,2,Low
SGE016,2025,27,2025-06-30,4.0,13.6,1,Very Low
SGE016,2025,28,2025-07-07,8.0,6.7,0,Negligible
SGE016,2025,29,2025-07-14,8.0,11.1,1,Very Low
SGE016,2025,31,2025-07-28,13.0,10.3,1,Very Low
SGE016,2025,32,2025-08-04,7.0,14.1,10,Outbreak
SGE016,2025,33,2025-08-11,8.0,10.2,1,Very Low
SGE016,2025,34,2025-08-18,1.0,10.6,1,Very Low
SGE017,2023,4,2023-01-23,1.0,0.2,0,Negligible
SGE017,2023,5,2023-01-30,0.0,0.7,0,Negligible
SGE017,2023,10,2023-03-06,3.0,0.1,0,Negligible
SGE017,2023,13,2023-03-27,18.0,2.2,0,Negligible
SGE017,2023,14,2023-04-03,8.0,7.9,0,Negligible
SGE017,2023,15,2023-04-10,29.0,4.7,0,Negligible
SGE017,2023,16,2023-04-17,117.0,15.0,2,Low
SGE017,2023,17,2023-04-24,59.0,36.0,3,Low-Moderate
SGE017,2023,18,2023-05-01,13.0,26.2,3,Low-Moderate
SGE017,2023,19,2023-05-08,16.0,9.1,1,Very Low
SGE017,2023,20,2023-05-15,45.0,11.3,1,Very Low
SGE017,2023,21,2023-05-22,175.0,24.1,3,Low-Moderate
SGE017,2023,22,2023-05-29,276.0,60.5,4,Moderate
SGE017,2023,23,2023-06-05,373.0,80.4,5,Moderate-High
SGE017,2023,24,2023-06-12,20.0,101.3,6,Elevated
SGE017,2023,25,2023-06-19,127.0,13.9,1,Very Low
SGE017,2023,26,2023-06-26,141.0,52.9,4,Moderate
SGE017,2023,27,2023-07-03,101.0,60.5,4,Moderate
SGE017,2023,28,2023-07-10,109.0,52.8,4,Moderate
SGE017,2023,29,2023-07-17,504.0,58.8,4,Moderate
SGE017,2023,30,2023-07-24,234.0,163.9,7,High
SGE017,2023,31,2023-07-31,297.0,94.1,6,Elevated
SGE017,2023,32,2023-08-07,122.0,93.8,6,Elevated
SGE017,2023,33,2023-08-14,286.0,53.2,4,Moderate
SGE017,2023,34,2023-08-21,30.0,84.8,5,Moderate-High
SGE017,2023,35,2023-08-28,289.0,20.8,2,Low
SGE017,2023,36,2023-09-04,194.0,109.3,6,Elevated
SGE017,2023,37,2023-09-11,269.0,60.4,4,Moderate
SGE017,2023,38,2023-09-18,485.0,73.9,5,Moderate-High
SGE017,2023,39,2023-09-25,190.0,103.4,6,Elevated
SGE017,2023,40,2023-10-02,192.0,56.5,4,Moderate
SGE017,2023,41,2023-10-09,80.0,53.1,4,Moderate
SGE017,2023,42,2023-10-16,105.0,29.8,3,Low-Moderate
SGE017,2023,43,2023-10-23,22.0,38.8,3,Low-Moderate
SGE017,2023,44,2023-10-30,2.0,11.2,1,Very Low
SGE017,2023,45,2023-11-06,45.0,2.1,0,Negligible
SGE017,2023,46,2023-11-13,15.0,16.2,2,Low
SGE017,2023,48,2023-11-27,0.0,7.6,0,Negligible
SGE017,2023,49,2023-12-04,0.0,0.2,0,Negligible
SGE017,2023,50,2023-12-11,0.0,0.3,0,Negligible
SGE017,2024,5,2024-01-29,6.0,0.2,0,Negligible
SGE017,2024,6,2024-02-12,9.0,3.5,0,Negligible
SGE017,2024,9,2024-02-26,33.0,4.5,0,Negligible
SGE017,2024,10,2024-03-04,308.0,13.3,1,Very Low
SGE017,2024,11,2024-03-11,144.0,54.0,4,Moderate
SGE017,2024,12,2024-03-18,463.0,32.7,3,Low-Moderate
SGE017,2024,13,2024-03-25,160.0,77.8,5,Moderate-High
SGE017,2024,14,2024-04-01,413.0,38.4,3,Low-Moderate
SGE017,2024,15,2024-04-08,111.0,68.7,5,Moderate-High
SGE017,2024,16,2024-04-15,929.0,35.4,3,Low-Moderate
SGE017,2024,17,2024-04-22,535.0,149.1,7,High
SGE017,2024,18,2024-04-29,261.0,102.4,6,Elevated
SGE017,2024,19,2024-05-06,483.0,67.2,5,Moderate-High
SGE017,2024,20,2024-05-13,685.0,92.3,6,Elevated
SGE017,2024,21,2024-05-20,575.0,149.6,7,High
SGE017,2024,22,2024-05-27,195.0,126.3,6,Elevated
SGE017,2024,23,2024-06-03,236.0,71.9,5,Moderate-High
SGE017,2024,24,2024-06-10,89.0,90.1,6,Elevated
SGE017,2024,25,2024-06-17,79.0,48.2,4,Moderate
SGE017,2024,26,2024-06-24,144.0,42.7,4,Moderate
SGE017,2024,27,2024-07-01,275.0,70.9,5,Moderate-High
SGE017,2024,28,2024-07-08,324.0,107.5,6,Elevated
SGE017,2024,29,2024-07-15,54.0,123.2,6,Elevated
SGE017,2024,30,2024-07-22,66.0,37.1,3,Low-Moderate
SGE017,2024,31,2024-07-29,117.0,42.1,4,Moderate
SGE017,2024,32,2024-08-05,55.0,58.0,4,Moderate
SGE017,2024,33,2024-08-12,157.0,36.5,3,Low-Moderate
SGE017,2024,34,2024-08-19,78.0,75.3,5,Moderate-High
SGE017,2024,35,2024-08-26,324.0,40.2,4,Moderate
SGE017,2024,36,2024-09-02,60.0,100.9,6,Elevated
SGE017,2024,37,2024-09-09,126.0,36.5,3,Low-Moderate
SGE017,2024,38,2024-09-16,135.0,54.3,4,Moderate
SGE017,2024,39,2024-09-23,85.0,48.6,4,Moderate
SGE017,2024,40,2024-09-30,1.0,42.1,4,Moderate
SGE017,2024,41,2024-10-07,20.0,2.9,0,Negligible
SGE017,2024,42,2024-10-14,48.0,15.3,2,Low
SGE017,2024,43,2024-10-21,30.0,22.2,3,Low-Moderate
SGE017,2024,45,2024-11-04,5.0,14.8,10,Outbreak
SGE017,2024,46,2024-11-11,9.0,3.3,0,Negligible
SGE017,2024,47,2024-11-18,0.0,4.9,0,Negligible
SGE017,2025,4,2025-01-20,0.0,0.4,0,Negligible
SGE017,2025,7,2025-02-10,0.0,0.2,0,Negligible
SGE017,2025,8,2025-02-17,5.0,0.2,0,Negligible
SGE017,2025,9,2025-02-24,11.0,3.4,0,Negligible
SGE017,2025,10,2025-03-03,6.0,7.1,0,Negligible
SGE017,2025,11,2025-03-10,8.0,3.6,0,Negligible
SGE017,2025,12,2025-03-17,61.0,4.6,0,Negligible
SGE017,2025,13,2025-03-24,103.0,20.6,2,Low
SGE017,2025,15,2025-04-07,49.0,35.3,3,Low-Moderate
SGE017,2025,16,2025-04-14,28.0,24.2,3,Low-Moderate
SGE017,2025,17,2025-04-21,7.0,14.6,10,Outbreak
SGE017,2025,18,2025-04-28,19.0,6.5,0,Negligible
SGE017,2025,19,2025-05-05,63.0,12.0,1,Very Low
SGE017,2025,20,2025-05-12,40.0,26.9,3,Low-Moderate
SGE017,2025,21,2025-05-19,25.0,20.4,2,Low
SGE017,2025,22,2025-05-26,154.0,17.5,2,Low
SGE017,2025,23,2025-06-02,64.0,64.4,10,Outbreak
SGE017,2025,24,2025-06-09,97.0,37.1,3,Low-Moderate
SGE017,2025,25,2025-06-16,246.0,52.0,4,Moderate
SGE017,2025,26,2025-06-23,341.0,93.5,6,Elevated
SGE017,2025,27,2025-06-30,76.0,106.6,6,Elevated
SGE017,2025,28,2025-07-07,104.0,43.4,4,Moderate
SGE017,2025,29,2025-07-14,205.0,57.1,4,Moderate
SGE017,2025,30,2025-07-21,132.0,83.0,5,Moderate-High
SGE017,2025,31,2025-07-28,86.0,59.6,4,Moderate
SGE017,2025,32,2025-08-04,15.0,47.6,4,Moderate
SGE017,2025,33,2025-08-11,35.0,16.4,2,Low
SGE017,2025,34,2025-08-18,94.0,27.1,3,Low-Moderate
SGE017,2025,35,2025-08-25,143.0,50.9,4,Moderate
SGE017-EX,2023,15,2023-04-10,89.0,158.2,7,High
SGE017-EX,2024,19,2024-05-06,208.0,31.3,3,Low-Moderate
SGE017-EX,2024,22,2024-05-27,958.0,53.5,4,Moderate
SGE017-EX,2025,13,2025-03-24,170.0,200.2,10,Outbreak
SGE018,2023,21,2023-05-22,36.0,13.4,1,Very Low
SGE018,2023,22,2023-05-29,20.0,21.7,10,Outbreak
SGE018,2023,23,2023-06-05,33.0,14.6,10,Outbreak
SGE018,2023,24,2023-06-12,18.0,21.1,10,Outbreak
SGE018,2023,25,2023-06-19,23.0,13.0,1,Very Low
SGE018,2023,26,2023-06-26,29.0,17.5,2,Low
SGE018,2023,27,2023-07-03,17.0,21.8,10,Outbreak
SGE018,2023,28,2023-07-10,60.0,16.7,2,Low
SGE018,2023,29,2023-07-17,39.0,40.0,4,Moderate
SGE018,2023,30,2023-07-24,46.0,31.6,3,Low-Moderate
SGE018,2023,31,2023-07-31,1.0,33.0,3,Low-Moderate
SGE018,2023,32,2023-08-07,10.0,2.9,0,Negligible
SGE018,2023,33,2023-08-14,14.0,10.6,1,Very Low
SGE018,2023,35,2023-08-28,5.0,12.0,1,Very Low
SGE018,2023,36,2023-09-04,8.0,8.2,10,Outbreak
SGE018,2023,37,2023-09-11,33.0,7.6,0,Negligible
SGE018,2023,38,2023-09-18,54.0,18.9,2,Low
SGE018,2023,39,2023-09-25,32.0,24.9,3,Low-Moderate
SGE018,2023,40,2023-10-02,9.0,17.7,2,Low
SGE018,2023,41,2023-10-09,28.0,7.1,0,Negligible
SGE018,2023,43,2023-10-23,4.0,15.0,2,Low
SGE018,2023,44,2023-10-30,0.0,3.6,0,Negligible
SGE018,2023,45,2023-11-06,1.0,0.6,0,Negligible
SGE018,2023,46,2023-11-13,0.0,1.3,0,Negligible
SGE018,2023,48,2023-11-27,0.0,0.5,0,Negligible
SGE018,2024,23,2024-06-03,9.0,0.2,0,Negligible
SGE018,2024,24,2024-06-10,19.0,11.0,1,Very Low
SGE018,2024,25,2024-06-17,15.0,17.8,2,Low
SGE018,2024,26,2024-06-24,172.0,14.6,10,Outbreak
SGE018,2024,27,2024-07-01,139.0,79.5,5,Moderate-High
SGE018,2024,28,2024-07-08,60.0,69.3,5,Moderate-High
SGE018,2024,29,2024-07-15,245.0,41.6,4,Moderate
SGE018,2024,30,2024-07-22,28.0,98.3,6,Elevated
SGE018,2024,31,2024-07-29,9.0,24.2,3,Low-Moderate
SGE018,2024,32,2024-08-05,51.0,11.2,1,Very Low
SGE018,2024,33,2024-08-12,12.0,34.8,3,Low-Moderate
SGE018,2024,34,2024-08-19,4.0,14.4,10,Outbreak
SGE018,2024,35,2024-08-26,5.0,6.0,0,Negligible
SGE018,2024,36,2024-09-02,32.0,6.9,0,Negligible
SGE018,2024,37,2024-09-09,36.0,24.3,3,Low-Moderate
SGE018,2024,38,2024-09-16,14.0,24.1,3,Low-Moderate
SGE018,2024,39,2024-09-23,35.0,11.1,1,Very Low
SGE018,2024,40,2024-09-30,3.0,23.7,3,Low-Moderate
SGE018,2025,18,2025-04-28,6.0,5.1,0,Negligible
SGE018,2025,20,2025-05-12,7.0,5.6,0,Negligible
SGE018,2025,21,2025-05-19,9.0,6.5,0,Negligible
SGE018,2025,22,2025-05-26,7.0,9.1,1,Very Low
SGE018,2025,23,2025-06-02,0.0,8.8,10,Outbreak
SGE018,2025,24,2025-06-09,2.0,1.6,0,Negligible
SGE018,2025,25,2025-06-16,1.0,4.7,0,Negligible
SGE018,2025,26,2025-06-23,0.0,3.3,0,Negligible
SGE018,2025,27,2025-06-30,0.0,1.6,0,Negligible
SGE018,2025,28,2025-07-07,1.0,1.8,0,Negligible
SGE018,2025,29,2025-07-14,1.0,3.6,0,Negligible
SGE018,2025,31,2025-07-28,6.0,3.3,0,Negligible
SGE018,2025,32,2025-08-04,0.0,8.7,10,Outbreak
SGE018,2025,33,2025-08-11,2.0,2.0,0,Negligible
SGE018,2025,34,2025-08-18,0.0,4.7,0,Negligible
SGE018,2025,35,2025-08-25,7.0,1.8,0,Negligible
SPR002,2023,20,2023-05-15,21.0,6.5,0,Negligible
SPR002,2023,21,2023-05-22,15.0,14.6,10,Outbreak
SPR002,2023,22,2023-05-29,2.0,12.3,1,Very Low
SPR002,2023,23,2023-06-05,18.0,3.5,0,Negligible
SPR002,2023,24,2023-06-12,1.0,14.2,10,Outbreak
SPR002,2023,25,2023-06-19,11.0,2.3,0,Negligible
SPR002,2023,26,2023-06-26,25.0,10.8,1,Very Low
SPR002,2023,27,2023-07-03,49.0,19.8,2,Low
SPR002,2023,28,2023-07-10,87.0,33.1,3,Low-Moderate
SPR002,2023,29,2023-07-17,173.0,50.9,4,Moderate
SPR002,2023,30,2023-07-24,37.0,82.4,5,Moderate-High
SPR002,2023,31,2023-07-31,13.0,28.6,3,Low-Moderate
SPR002,2023,32,2023-08-07,17.0,12.4,1,Very Low
SPR002,2023,33,2023-08-14,39.0,14.8,10,Outbreak
SPR002,2023,35,2023-08-28,27.0,23.3,3,Low-Moderate
SPR002,2023,36,2023-09-04,28.0,23.7,3,Low-Moderate
SPR002,2023,37,2023-09-11,18.0,17.1,2,Low
SPR002,2023,38,2023-09-18,18.0,12.7,1,Very Low
SPR002,2023,39,2023-09-25,14.0,12.1,1,Very Low
SPR002,2023,40,2023-10-02,0.0,10.3,1,Very Low
SPR002,2023,41,2023-10-09,5.0,0.9,0,Negligible
SPR002,2023,42,2023-10-16,3.0,4.8,0,Negligible
SPR002,2023,43,2023-10-23,3.0,3.9,0,Negligible
SPR002,2024,17,2024-04-22,7.0,3.0,0,Negligible
SPR002,2024,18,2024-04-29,1.0,6.0,0,Negligible
SPR002,2024,20,2024-05-13,5.0,2.0,0,Negligible
SPR002,2024,21,2024-05-20,2.0,6.3,0,Negligible
SPR002,2024,22,2024-05-27,3.0,3.4,0,Negligible
SPR002,2024,23,2024-06-03,14.0,5.0,0,Negligible
SPR002,2024,24,2024-06-10,10.0,14.6,10,Outbreak
SPR002,2024,25,2024-06-17,6.0,11.8,1,Very Low
SPR002,2024,26,2024-06-24,14.0,8.2,10,Outbreak
SPR002,2024,27,2024-07-01,16.0,15.8,2,Low
SPR002,2024,28,2024-07-08,13.0,17.2,2,Low
SPR002,2024,29,2024-07-15,10.0,15.6,2,Low
SPR002,2024,30,2024-07-22,14.0,12.6,1,Very Low
SPR002,2024,31,2024-07-29,10.0,15.5,2,Low
SPR002,2024,32,2024-08-05,13.0,11.9,1,Very Low
SPR002,2024,33,2024-08-12,4.0,14.5,10,Outbreak
SPR002,2024,34,2024-08-19,7.0,7.4,0,Negligible
SPR002,2024,35,2024-08-26,8.0,8.5,10,Outbreak
SPR002,2024,36,2024-09-02,11.0,9.3,1,Very Low
SPR002,2024,37,2024-09-09,21.0,12.3,1,Very Low
SPR002,2024,38,2024-09-16,13.0,17.0,2,Low
SPR002,2024,39,2024-09-23,19.0,10.6,1,Very Low
SPR002,2024,40,2024-09-30,29.0,16.0,2,Low
SPR002,2024,41,2024-10-07,13.0,21.1,10,Outbreak
SPR002,2024,42,2024-10-14,9.0,11.6,1,Very Low
SPR002,2024,43,2024-10-21,1.0,7.4,0,Negligible
SPR002,2025,20,2025-05-12,4.0,1.7,0,Negligible
SPR002,2025,21,2025-05-19,2.0,4.6,0,Negligible
SPR002,2025,22,2025-05-26,8.0,3.7,0,Negligible
SPR002,2025,23,2025-06-02,5.0,9.6,1,Very Low
SPR002,2025,24,2025-06-09,3.0,7.3,0,Negligible
SPR002,2025,25,2025-06-16,216.0,5.8,0,Negligible
SPR002,2025,26,2025-06-23,8.0,86.0,5,Moderate-High
SPR002,2025,27,2025-06-30,14.0,9.5,1,Very Low
SPR002,2025,28,2025-07-07,11.0,14.6,10,Outbreak
SPR002,2025,29,2025-07-14,12.0,13.5,1,Very Low
SPR002,2025,30,2025-07-21,6.0,13.3,1,Very Low
SPR002,2025,31,2025-07-28,4.0,8.2,10,Outbreak
SPR002,2025,32,2025-08-04,7.0,6.8,0,Negligible
SPR002,2025,33,2025-08-11,10.0,10.2,1,Very Low
SPR002,2025,34,2025-08-18,5.0,12.2,1,Very Low
SPR002,2025,35,2025-08-25,10.0,7.9,0,Negligible
SR 176 Shadow Point Lori Jennings,2024,41,2024-10-07,18.0,23.4,3,Low-Moderate
SR 176 Shadow Point Lori Jennings,2024,42,2024-10-14,17.0,14.3,10,Outbreak
SR 176 Shadow Pt. Lori,2024,39,2024-09-23,24.0,12.1,1,Very Low
SR 54 Shadow Mtn. Brown,2024,39,2024-09-23,45.0,22.0,3,Low-Moderate
SR 54 Shadow Pt. Brooke Brown,2024,41,2024-10-07,22.0,30.4,3,Low-Moderate
SR 54 Shadow Pt. Brooke Brown,2024,42,2024-10-14,64.0,16.3,2,Low
SR 545 E 200 S Evelyn,2024,40,2024-09-30,31.0,18.6,2,Low
SR 545 E 200 S Evelyn,2024,41,2024-10-07,44.0,22.0,3,Low-Moderate
SR 545 E 200 S Evelyn,2024,42,2024-10-14,21.0,25.6,3,Low-Moderate
SR-1042 W. 100 N. Shadow MTN,2024,36,2024-09-02,8.0,6.9,0,Negligible
SR-159 Shadow Pt,2024,35,2024-08-26,12.0,23.0,3,Low-Moderate
SR-176 Shadow Pt,2024,30,2024-07-22,29.0,8.4,10,Outbreak
SR-176 Shadow Pt,2024,31,2024-07-29,63.0,24.8,3,Low-Moderate
SR-176 Shadow Pt,2024,32,2024-08-05,57.0,38.9,3,Low-Moderate
SR-176 Shadow Pt,2024,33,2024-08-12,58.0,37.4,3,Low-Moderate
SR-176 Shadow Pt,2024,34,2024-08-19,70.0,39.6,10,Outbreak
SR-176 Shadow Pt,2024,36,2024-09-02,166.0,37.5,3,Low-Moderate
SR-176 Shadow Pt,2024,37,2024-09-09,79.0,70.5,5,Moderate-High
SR-54 Shadow Mtn,2024,29,2024-07-15,36.0,43.4,4,Moderate
SR-54 Shadow Mtn,2024,31,2024-07-29,31.0,28.5,3,Low-Moderate
SR-54 Shadow Mtn,2024,32,2024-08-05,292.0,24.6,3,Low-Moderate
SR-54 Shadow Mtn,2024,33,2024-08-12,99.0,107.2,6,Elevated
SR-54 Shadow Mtn,2024,34,2024-08-19,115.0,55.9,4,Moderate
SR-54 Shadow Mtn,2024,36,2024-09-02,210.0,51.7,4,Moderate
SR-54 Shadow Mtn,2024,37,2024-09-09,137.0,82.0,5,Moderate-High
SR-54 Shadow Mtn,2024,38,2024-09-16,60.0,57.4,4,Moderate
SR-545 E 200 S,2024,37,2024-09-09,21.0,15.6,2,Low
SR-545 E 200 S,2024,38,2024-09-16,47.0,17.0,2,Low
SR-Judy's Pond,2025,26,2025-06-23,51.0,33.9,3,Low-Moderate
SR-Shargri La,2025,34,2025-08-18,0.0,1.8,0,Negligible
TOQ001,2023,20,2023-05-15,6.0,6.3,0,Negligible
TOQ001,2023,21,2023-05-22,3.0,6.5,0,Negligible
TOQ002,2024,27,2024-07-01,1.0,1.9,0,Negligible
TOQ002,2024,35,2024-08-26,3.0,3.6,0,Negligible
TOQ002,2025,30,2025-07-21,0.0,5.1,0,Negligible
TOQ002,2025,35,2025-08-25,18.0,1.7,0,Negligible
VIR004,2023,38,2023-09-18,4.0,16.7,2,Low
VIR006,2023,20,2023-05-15,2.0,10.3,1,Very Low
VIR006,2023,22,2023-05-29,0.0,3.4,0,Negligible
VIR008,2023,22,2023-05-29,69.0,20.1,2,Low
VIR008,2023,23,2023-06-05,295.0,32.7,3,Low-Moderate
VIR008,2023,24,2023-06-12,526.0,87.1,10,Outbreak
VIR008,2023,25,2023-06-19,330.0,116.3,6,Elevated
VIR008,2023,26,2023-06-26,25.0,97.9,6,Elevated
VIR008,2023,27,2023-07-03,140.0,19.8,2,Low
VIR008,2023,28,2023-07-10,93.0,65.1,5,Moderate-High
VIR008,2023,29,2023-07-17,73.0,53.1,4,Moderate
VIR008,2023,30,2023-07-24,393.0,47.3,4,Moderate
VIR008,2023,31,2023-07-31,14.0,131.3,6,Elevated
VIR008,2023,32,2023-08-07,127.0,13.0,1,Very Low
VIR008,2023,33,2023-08-14,98.0,54.6,4,Moderate
VIR008,2023,35,2023-08-28,92.0,42.4,4,Moderate
VIR008,2023,36,2023-09-04,137.0,52.3,4,Moderate
VIR008,2023,37,2023-09-11,135.0,48.2,4,Moderate
VIR008,2023,38,2023-09-18,85.0,47.3,4,Moderate
VIR008,2023,39,2023-09-25,73.0,33.5,3,Low-Moderate
VIR008,2023,40,2023-10-02,2.0,30.4,3,Low-Moderate
VIR008,2023,41,2023-10-09,14.0,2.8,0,Negligible
VIR008,2023,42,2023-10-16,29.0,9.5,1,Very Low
VIR008,2023,43,2023-10-23,3.0,16.7,2,Low
VIR008,2024,17,2024-04-22,4.0,3.0,0,Negligible
VIR008,2024,18,2024-04-29,1.0,4.2,0,Negligible
VIR008,2024,19,2024-05-06,0.0,2.0,0,Negligible
VIR008,2024,20,2024-05-13,5.0,0.8,0,Negligible
VIR008,2024,21,2024-05-20,31.0,6.3,0,Negligible
VIR008,2024,22,2024-05-27,12.0,19.0,2,Low
VIR008,2024,23,2024-06-03,25.0,11.8,1,Very Low
VIR008,2024,24,2024-06-10,18.0,21.2,10,Outbreak
VIR008,2024,25,2024-06-17,4.0,17.2,2,Low
VIR008,2024,26,2024-06-24,11.0,6.4,0,Negligible
VIR008,2024,27,2024-07-01,9.0,13.6,1,Very Low
VIR008,2024,28,2024-07-08,11.0,12.0,1,Very Low
VIR008,2024,29,2024-07-15,21.0,14.1,10,Outbreak
VIR008,2024,30,2024-07-22,11.0,20.2,2,Low
VIR008,2024,31,2024-07-29,6.0,13.3,1,Very Low
VIR008,2024,32,2024-08-05,15.0,8.7,10,Outbreak
VIR008,2024,33,2024-08-12,9.0,15.8,2,Low
VIR008,2024,34,2024-08-19,9.0,12.0,1,Very Low
VIR008,2024,35,2024-08-26,8.0,10.0,1,Very Low
VIR008,2024,36,2024-09-02,8.0,9.3,1,Very Low
VIR008,2024,37,2024-09-09,14.0,10.0,1,Very Low
VIR008,2024,38,2024-09-16,24.0,13.1,1,Very Low
VIR008,2024,39,2024-09-23,34.0,15.8,2,Low
VIR008,2024,40,2024-09-30,28.0,23.3,3,Low-Moderate
VIR008,2024,41,2024-10-07,72.0,20.6,2,Low
VIR008,2024,42,2024-10-14,11.0,35.3,3,Low-Moderate
VIR008,2024,43,2024-10-21,12.0,8.4,10,Outbreak
VIR008,2025,20,2025-05-12,10.0,8.1,10,Outbreak
VIR008,2025,21,2025-05-19,2.0,8.2,10,Outbreak
VIR008,2025,22,2025-05-26,10.0,3.7,0,Negligible
VIR008,2025,23,2025-06-02,7.0,11.0,1,Very Low
VIR008,2025,24,2025-06-09,12.0,9.0,1,Very Low
VIR008,2025,25,2025-06-16,35.0,13.5,1,Very Low
VIR008,2025,26,2025-06-23,11.0,26.6,3,Low-Moderate
VIR008,2025,27,2025-06-30,19.0,11.6,1,Very Low
VIR008,2025,28,2025-07-07,25.0,17.7,2,Low
VIR008,2025,32,2025-08-04,4.0,22.8,3,Low-Moderate
WAS001,2023,20,2023-05-15,220.0,12.7,1,Very Low
WAS001,2023,21,2023-05-22,30.0,67.5,5,Moderate-High
WAS001,2023,22,2023-05-29,48.0,19.2,2,Low
WAS001,2023,23,2023-06-05,56.0,25.9,3,Low-Moderate
WAS001,2023,24,2023-06-12,48.0,29.7,3,Low-Moderate
WAS001,2023,25,2023-06-19,39.0,24.7,3,Low-Moderate
WAS001,2023,26,2023-06-26,43.0,24.6,3,Low-Moderate
WAS001,2023,27,2023-07-03,18.0,28.1,3,Low-Moderate
WAS001,2023,28,2023-07-10,45.0,17.3,2,Low
WAS001,2023,29,2023-07-17,12.0,33.2,3,Low-Moderate
WAS001,2023,30,2023-07-24,60.0,14.9,10,Outbreak
WAS001,2023,31,2023-07-31,8.0,39.1,10,Outbreak
WAS001,2023,32,2023-08-07,10.0,9.1,1,Very Low
WAS001,2023,33,2023-08-14,22.0,10.6,1,Very Low
WAS001,2023,35,2023-08-28,56.0,16.1,2,Low
WAS001,2023,36,2023-09-04,21.0,37.9,3,Low-Moderate
WAS001,2023,37,2023-09-11,44.0,14.2,10,Outbreak
WAS001,2023,38,2023-09-18,328.0,22.8,3,Low-Moderate
WAS001,2023,39,2023-09-25,203.0,80.3,5,Moderate-High
WAS001,2023,40,2023-10-02,48.0,59.0,4,Moderate
WAS001,2023,41,2023-10-09,120.0,21.5,10,Outbreak
WAS001,2023,42,2023-10-16,51.0,38.8,3,Low-Moderate
WAS001,2023,43,2023-10-23,13.0,24.2,3,Low-Moderate
WAS001,2024,10,2024-03-04,2.0,7.9,0,Negligible
WAS001,2024,11,2024-03-11,3.0,1.8,0,Negligible
WAS001,2024,12,2024-03-18,1.0,2.4,0,Negligible
WAS001,2024,13,2024-03-25,2.0,1.4,0,Negligible
WAS001,2024,14,2024-04-01,3.0,2.1,0,Negligible
WAS001,2024,15,2024-04-08,1.0,2.6,0,Negligible
WAS001,2024,16,2024-04-15,10.0,1.8,0,Negligible
WAS001,2024,17,2024-04-22,228.0,7.8,0,Negligible
WAS001,2024,18,2024-04-29,942.0,59.0,4,Moderate
WAS001,2024,19,2024-05-06,237.0,153.7,7,High
WAS001,2024,20,2024-05-13,215.0,58.2,4,Moderate
WAS001,2024,21,2024-05-20,109.0,70.9,5,Moderate-High
WAS001,2024,22,2024-05-27,258.0,43.1,4,Moderate
WAS001,2024,23,2024-06-03,834.0,86.1,5,Moderate-High
WAS001,2024,24,2024-06-10,277.0,203.0,8,Very High
WAS001,2024,25,2024-06-17,136.0,100.3,6,Elevated
WAS001,2024,26,2024-06-24,236.0,60.7,4,Moderate
WAS001,2024,27,2024-07-01,141.0,97.4,6,Elevated
WAS001,2024,28,2024-07-08,116.0,69.9,5,Moderate-High
WAS001,2024,29,2024-07-15,89.0,63.6,4,Moderate
WAS001,2024,30,2024-07-22,26.0,51.2,4,Moderate
WAS001,2024,31,2024-07-29,10.0,23.1,3,Low-Moderate
WAS001,2024,32,2024-08-05,10.0,11.9,1,Very Low
WAS001,2024,33,2024-08-12,1.0,12.3,1,Very Low
WAS001,2024,34,2024-08-19,2.0,3.7,0,Negligible
WAS001,2024,35,2024-08-26,1.0,4.1,0,Negligible
WAS001,2024,36,2024-09-02,7.0,2.9,0,Negligible
WAS001,2024,37,2024-09-09,2.0,9.2,1,Very Low
WAS001,2024,38,2024-09-16,20.0,4.0,0,Negligible
WAS001,2024,39,2024-09-23,11.0,14.0,1,Very Low
WAS001,2024,40,2024-09-30,13.0,11.2,1,Very Low
WAS001,2024,41,2024-10-07,6.0,12.6,1,Very Low
WAS001,2024,42,2024-10-14,0.0,7.1,0,Negligible
WAS001,2024,43,2024-10-21,0.0,0.9,0,Negligible
WAS001,2025,13,2025-03-24,0.0,0.8,0,Negligible
WAS001,2025,15,2025-04-07,0.0,0.9,0,Negligible
WAS001,2025,16,2025-04-14,0.0,1.1,0,Negligible
WAS001,2025,17,2025-04-21,0.0,0.8,0,Negligible
WAS001,2025,18,2025-04-28,1.0,1.0,0,Negligible
WAS001,2025,20,2025-05-12,0.0,2.0,0,Negligible
WAS001,2025,21,2025-05-19,0.0,1.0,0,Negligible
WAS001,2025,22,2025-05-26,2.0,1.3,0,Negligible
WAS001,2025,23,2025-06-02,0.0,4.2,0,Negligible
WAS001,2025,24,2025-06-09,1.0,1.6,0,Negligible
WAS001,2025,25,2025-06-16,1.0,3.4,0,Negligible
WAS001,2025,26,2025-06-23,3.0,3.3,0,Negligible
WAS001,2025,27,2025-06-30,3.0,5.2,0,Negligible
WAS001,2025,28,2025-07-07,0.0,5.7,0,Negligible
WAS001,2025,29,2025-07-14,4.0,2.0,0,Negligible
WAS001,2025,31,2025-07-28,0.0,6.8,0,Negligible
WAS001,2025,32,2025-08-04,1.0,1.8,0,Negligible
WAS001,2025,33,2025-08-11,4.0,3.6,0,Negligible
WAS001,2025,34,2025-08-18,1.0,7.0,0,Negligible
WAS001,2025,35,2025-08-25,6.0,3.4,0,Negligible
WAS002,2023,4,2023-01-23,0.0,0.2,0,Negligible
WAS002,2023,5,2023-01-30,0.0,0.1,0,Negligible
WAS002,2023,10,2023-03-06,0.0,0.1,0,Negligible
WAS002,2023,13,2023-03-27,0.0,0.3,0,Negligible
WAS002,2023,14,2023-04-03,0.0,0.3,0,Negligible
WAS002,2023,15,2023-04-10,1.0,0.4,0,Negligible
WAS002,2023,16,2023-04-17,1.0,1.8,0,Negligible
WAS002,2023,17,2023-04-24,0.0,1.7,0,Negligible
WAS002,2023,18,2023-05-01,2.0,1.0,0,Negligible
WAS002,2023,19,2023-05-08,1.0,2.8,0,Negligible
WAS002,2023,20,2023-05-15,23.0,2.1,0,Negligible
WAS002,2023,21,2023-05-22,16.0,15.5,2,Low
WAS002,2023,22,2023-05-29,87.0,12.8,1,Very Low
WAS002,2023,23,2023-06-05,733.0,38.1,3,Low-Moderate
WAS002,2023,24,2023-06-12,12.0,156.5,7,High
WAS002,2023,25,2023-06-19,88.0,10.0,1,Very Low
WAS002,2023,26,2023-06-26,179.0,41.7,4,Moderate
WAS002,2023,27,2023-07-03,128.0,70.6,5,Moderate-High
WAS002,2023,28,2023-07-10,244.0,61.5,4,Moderate
WAS002,2023,29,2023-07-17,165.0,98.8,6,Elevated
WAS002,2023,30,2023-07-24,179.0,79.9,5,Moderate-High
WAS002,2023,31,2023-07-31,23.0,79.2,5,Moderate-High
WAS002,2023,32,2023-08-07,82.0,17.9,2,Low
WAS002,2023,33,2023-08-14,101.0,41.1,4,Moderate
WAS002,2023,35,2023-08-28,329.0,43.3,4,Moderate
WAS002,2023,36,2023-09-04,207.0,118.8,6,Elevated
WAS002,2023,37,2023-09-11,111.0,62.9,4,Moderate
WAS002,2023,38,2023-09-18,243.0,41.6,4,Moderate
WAS002,2023,39,2023-09-25,140.0,66.2,5,Moderate-High
WAS002,2023,40,2023-10-02,32.0,46.4,4,Moderate
WAS002,2023,41,2023-10-09,109.0,16.5,2,Low
WAS002,2023,42,2023-10-16,22.0,36.4,3,Low-Moderate
WAS002,2023,43,2023-10-23,18.0,14.0,1,Very Low
WAS002,2023,44,2023-10-30,3.0,9.8,1,Very Low
WAS002,2023,45,2023-11-06,4.0,2.8,0,Negligible
WAS002,2023,46,2023-11-13,1.0,3.2,0,Negligible
WAS002,2023,48,2023-11-27,0.0,1.3,0,Negligible
WAS002,2023,49,2023-12-04,1.0,0.2,0,Negligible
WAS002,2024,10,2024-03-04,0.0,1.0,0,Negligible
WAS002,2024,11,2024-03-11,0.0,0.4,0,Negligible
WAS002,2024,12,2024-03-18,1.0,0.4,0,Negligible
WAS002,2024,13,2024-03-25,0.0,1.4,0,Negligible
WAS002,2024,14,2024-04-01,0.0,0.5,0,Negligible
WAS002,2024,15,2024-04-08,0.0,0.5,0,Negligible
WAS002,2024,16,2024-04-15,0.0,0.8,0,Negligible
WAS002,2024,17,2024-04-22,1.0,0.9,0,Negligible
WAS002,2024,18,2024-04-29,4.0,1.9,0,Negligible
WAS002,2024,19,2024-05-06,3.0,4.4,0,Negligible
WAS002,2024,20,2024-05-13,85.0,3.3,0,Negligible
WAS002,2024,21,2024-05-20,82.0,38.9,3,Low-Moderate
WAS002,2024,22,2024-05-27,575.0,35.9,3,Low-Moderate
WAS002,2024,23,2024-06-03,1471.0,144.2,6,Elevated
WAS002,2024,24,2024-06-10,159.0,292.2,9,Severe
WAS002,2024,25,2024-06-17,220.0,70.1,5,Moderate-High
WAS002,2024,26,2024-06-24,312.0,82.8,5,Moderate-High
WAS002,2024,27,2024-07-01,180.0,116.6,6,Elevated
WAS002,2024,28,2024-07-08,46.0,81.8,5,Moderate-High
WAS002,2024,29,2024-07-15,82.0,35.1,3,Low-Moderate
WAS002,2024,30,2024-07-22,19.0,48.6,4,Moderate
WAS002,2024,31,2024-07-29,17.0,18.9,2,Low
WAS002,2024,32,2024-08-05,21.0,16.7,2,Low
WAS002,2024,33,2024-08-12,18.0,19.6,2,Low
WAS002,2024,34,2024-08-19,8.0,18.7,2,Low
WAS002,2024,35,2024-08-26,1.0,9.3,1,Very Low
WAS002,2024,36,2024-09-02,5.0,2.9,0,Negligible
WAS002,2024,37,2024-09-09,18.0,7.5,0,Negligible
WAS002,2024,38,2024-09-16,45.0,15.4,2,Low
WAS002,2024,39,2024-09-23,52.0,23.8,3,Low-Moderate
WAS002,2024,40,2024-09-30,45.0,30.7,3,Low-Moderate
WAS002,2024,41,2024-10-07,21.0,28.0,3,Low-Moderate
WAS002,2024,42,2024-10-14,7.0,15.8,2,Low
WAS002,2024,43,2024-10-21,0.0,6.3,0,Negligible
WAS002,2024,45,2024-11-04,0.0,0.8,0,Negligible
WAS002,2024,46,2024-11-11,1.0,0.4,0,Negligible
WAS002,2024,47,2024-11-18,0.0,1.1,0,Negligible
WAS002,2025,4,2025-01-20,0.0,0.4,0,Negligible
WAS002,2025,7,2025-02-10,0.0,0.2,0,Negligible
WAS002,2025,8,2025-02-17,0.0,0.2,0,Negligible
WAS002,2025,9,2025-02-24,0.0,0.4,0,Negligible
WAS002,2025,10,2025-03-03,0.0,0.7,0,Negligible
WAS002,2025,11,2025-03-10,0.0,0.3,0,Negligible
WAS002,2025,12,2025-03-17,0.0,0.4,0,Negligible
WAS002,2025,13,2025-03-24,0.0,0.5,0,Negligible
WAS002,2025,15,2025-04-07,1.0,0.9,0,Negligible
WAS002,2025,16,2025-04-14,1.0,2.2,0,Negligible
WAS002,2025,17,2025-04-21,4.0,1.8,0,Negligible
WAS002,2025,18,2025-04-28,4.0,4.5,0,Negligible
WAS002,2025,19,2025-05-05,2.0,4.3,0,Negligible
WAS002,2025,20,2025-05-12,3.0,2.9,0,Negligible
WAS002,2025,21,2025-05-19,2.0,3.8,0,Negligible
WAS002,2025,22,2025-05-26,28.0,3.7,0,Negligible
WAS002,2025,23,2025-06-02,20.0,21.4,10,Outbreak
WAS002,2025,24,2025-06-09,17.0,17.5,2,Low
WAS002,2025,25,2025-06-16,77.0,16.9,2,Low
WAS002,2025,26,2025-06-23,16.0,44.2,4,Moderate
WAS002,2025,27,2025-06-30,56.0,14.8,10,Outbreak
WAS002,2025,28,2025-07-07,11.0,35.6,3,Low-Moderate
WAS002,2025,29,2025-07-14,31.0,13.5,1,Very Low
WAS002,2025,30,2025-07-21,4.0,24.5,3,Low-Moderate
WAS002,2025,31,2025-07-28,36.0,6.4,0,Negligible
WAS002,2025,32,2025-08-04,6.0,27.1,3,Low-Moderate
WAS002,2025,33,2025-08-11,37.0,9.3,1,Very Low
WAS002,2025,34,2025-08-18,7.0,28.1,3,Low-Moderate
WAS002,2025,35,2025-08-25,8.0,9.7,1,Very Low
WAS002-EX,2024,27,2024-07-01,61.0,64.7,10,Outbreak
WAS002-EX,2024,28,2024-07-08,45.0,40.7,4,Moderate
WAS002-EX,2024,29,2024-07-15,70.0,34.6,3,Low-Moderate
WAS002-EX,2024,30,2024-07-22,14.0,43.8,4,Moderate
WAS005,2023,17,2023-04-24,1.0,1.0,0,Negligible
WAS005,2023,18,2023-05-01,2.0,2.1,0,Negligible
WAS005,2023,19,2023-05-08,1.0,2.8,0,Negligible
WAS005,2023,20,2023-05-15,1.0,2.1,0,Negligible
WAS005,2023,21,2023-05-22,2.0,2.4,0,Negligible
WAS005,2023,22,2023-05-29,1.0,3.5,0,Negligible
WAS005,2023,23,2023-06-05,4.0,2.5,0,Negligible
WAS005,2023,24,2023-06-12,1.0,5.5,0,Negligible
WAS005,2023,25,2023-06-19,10.0,2.3,0,Negligible
WAS005,2023,26,2023-06-26,3.0,10.2,1,Very Low
WAS005,2023,27,2023-07-03,10.0,5.3,0,Negligible
WAS005,2023,28,2023-07-10,4.0,11.9,1,Very Low
WAS005,2023,29,2023-07-17,9.0,7.3,0,Negligible
WAS005,2023,30,2023-07-24,5.0,12.4,1,Very Low
WAS005,2023,31,2023-07-31,4.0,8.1,10,Outbreak
WAS005,2023,32,2023-08-07,1.0,5.9,0,Negligible
WAS005,2023,33,2023-08-14,8.0,2.9,0,Negligible
WAS005,2023,35,2023-08-28,10.0,8.4,10,Outbreak
WAS005,2023,36,2023-09-04,0.0,12.6,1,Very Low
WAS005,2023,37,2023-09-11,5.0,1.1,0,Negligible
WAS005,2023,38,2023-09-18,5.0,5.6,0,Negligible
WAS005,2023,39,2023-09-25,1.0,5.3,0,Negligible
WAS005,2023,40,2023-10-02,0.0,2.1,0,Negligible
WAS005,2024,23,2024-06-03,2.0,0.9,0,Negligible
WAS005,2024,24,2024-06-10,0.0,4.6,0,Negligible
WAS005,2024,25,2024-06-17,2.0,1.8,0,Negligible
WAS005,2024,26,2024-06-24,3.0,4.4,0,Negligible
WAS005,2024,27,2024-07-01,0.0,6.2,0,Negligible
WAS005,2024,28,2024-07-08,2.0,2.0,0,Negligible
WAS005,2024,29,2024-07-15,2.0,5.2,0,Negligible
WAS005,2024,30,2024-07-22,3.0,4.9,0,Negligible
WAS005,2024,31,2024-07-29,7.0,6.1,0,Negligible
WAS005,2024,32,2024-08-05,5.0,9.6,1,Very Low
WAS005,2024,33,2024-08-12,5.0,8.0,0,Negligible
WAS005,2024,34,2024-08-19,12.0,8.4,10,Outbreak
WAS005,2024,35,2024-08-26,12.0,12.0,1,Very Low
WAS005,2024,36,2024-09-02,7.0,12.0,1,Very Low
WAS005,2024,37,2024-09-09,19.0,9.2,1,Very Low
WAS005,2024,38,2024-09-16,11.0,16.0,2,Low
WAS005,2024,39,2024-09-23,1.0,9.5,1,Very Low
WAS005,2024,40,2024-09-30,5.0,2.9,0,Negligible
WAS005,2025,18,2025-04-28,0.0,6.9,0,Negligible
WAS005,2025,20,2025-05-12,0.0,0.9,0,Negligible
WAS005,2025,21,2025-05-19,0.0,1.0,0,Negligible
WAS005,2025,23,2025-06-02,3.0,1.3,0,Negligible
WAS005,2025,24,2025-06-09,9.0,5.4,0,Negligible
WAS005,2025,25,2025-06-16,9.0,11.3,1,Very Low
WAS005,2025,26,2025-06-23,16.0,11.1,1,Very Low
WAS005,2025,27,2025-06-30,7.0,14.8,10,Outbreak
WAS005,2025,28,2025-07-07,4.0,9.4,1,Very Low
WAS005,2025,29,2025-07-14,5.0,7.3,0,Negligible
WAS005,2025,30,2025-07-21,5.0,7.7,0,Negligible
WAS005,2025,31,2025-07-28,1.0,7.3,0,Negligible
WAS005,2025,32,2025-08-04,4.0,3.3,0,Negligible
WAS005,2025,33,2025-08-11,5.0,7.3,0,Negligible
WAS005,2025,34,2025-08-18,4.0,7.9,0,Negligible
WAS005,2025,35,2025-08-25,6.0,6.9,0,Negligible
WAS006,2023,15,2023-04-10,0.0,3.1,0,Negligible
WAS006,2023,16,2023-04-17,0.0,0.8,0,Negligible
WAS006,2023,17,2023-04-24,0.0,0.8,0,Negligible
WAS006,2023,18,2023-05-01,0.0,1.0,0,Negligible
WAS006,2023,19,2023-05-08,0.0,0.9,0,Negligible
WAS006,2023,20,2023-05-15,0.0,1.0,0,Negligible
WAS006,2023,21,2023-05-22,0.0,1.2,0,Negligible
WAS006,2023,22,2023-05-29,0.0,1.2,0,Negligible
WAS006,2023,23,2023-06-05,1.0,1.2,0,Negligible
WAS006,2023,24,2023-06-12,0.0,2.6,0,Negligible
WAS006,2023,25,2023-06-19,0.0,1.1,0,Negligible
WAS006,2023,26,2023-06-26,0.0,1.4,0,Negligible
WAS006,2023,27,2023-07-03,0.0,1.6,0,Negligible
WAS006,2023,28,2023-07-10,3.0,1.8,0,Negligible
WAS006,2023,29,2023-07-17,2.0,6.2,0,Negligible
WAS006,2023,30,2023-07-24,1.0,5.2,0,Negligible
WAS006,2023,31,2023-07-31,1.0,3.5,0,Negligible
WAS006,2023,32,2023-08-07,0.0,2.9,0,Negligible
WAS006,2023,33,2023-08-14,2.0,1.5,0,Negligible
WAS006,2023,35,2023-08-28,1.0,3.6,0,Negligible
WAS006,2023,36,2023-09-04,2.0,3.6,0,Negligible
WAS006,2023,37,2023-09-11,2.0,3.2,0,Negligible
WAS006,2023,38,2023-09-18,1.0,3.2,0,Negligible
WAS006,2023,39,2023-09-25,5.0,2.1,0,Negligible
WAS006,2024,16,2024-04-15,7.0,5.3,0,Negligible
WAS006,2024,17,2024-04-22,2.0,6.2,0,Negligible
WAS006,2024,18,2024-04-29,1.0,2.7,0,Negligible
WAS006,2024,20,2024-05-13,5.0,2.0,0,Negligible
WAS006,2024,22,2024-05-27,1.0,6.3,0,Negligible
WAS006,2024,23,2024-06-03,6.0,2.9,0,Negligible
WAS006,2024,24,2024-06-10,7.0,8.6,10,Outbreak
WAS006,2024,25,2024-06-17,0.0,9.5,1,Very Low
WAS006,2024,26,2024-06-24,3.0,1.6,0,Negligible
WAS006,2024,27,2024-07-01,1.0,6.2,0,Negligible
WAS006,2024,28,2024-07-08,1.0,3.6,0,Negligible
WAS006,2024,29,2024-07-15,0.0,3.8,0,Negligible
WAS006,2024,30,2024-07-22,4.0,1.9,0,Negligible
WAS006,2024,31,2024-07-29,1.0,7.2,0,Negligible
WAS006,2024,32,2024-08-05,3.0,3.3,0,Negligible
WAS006,2024,33,2024-08-12,1.0,5.9,0,Negligible
WAS006,2024,34,2024-08-19,1.0,3.7,0,Negligible
WAS006,2024,35,2024-08-26,0.0,2.9,0,Negligible
WAS006,2024,36,2024-09-02,6.0,1.5,0,Negligible
WAS006,2024,37,2024-09-09,4.0,8.4,10,Outbreak
WAS006,2024,38,2024-09-16,3.0,6.0,0,Negligible
WAS006,2024,39,2024-09-23,1.0,4.2,0,Negligible
WAS006,2024,40,2024-09-30,0.0,2.9,0,Negligible
WAS006,2025,18,2025-04-28,4.0,1.5,0,Negligible
WAS006,2025,20,2025-05-12,3.0,4.3,0,Negligible
WAS006,2025,21,2025-05-19,1.0,3.8,0,Negligible
WAS006,2025,22,2025-05-26,0.0,2.6,0,Negligible
WAS006,2025,23,2025-06-02,1.0,1.6,0,Negligible
WAS006,2025,24,2025-06-09,3.0,3.1,0,Negligible
WAS006,2025,25,2025-06-16,0.0,5.8,0,Negligible
WAS006,2025,26,2025-06-23,4.0,1.8,0,Negligible
WAS006,2025,27,2025-06-30,2.0,6.2,0,Negligible
WAS006,2025,28,2025-07-07,0.0,4.6,0,Negligible
WAS006,2025,29,2025-07-14,2.0,2.0,0,Negligible
WAS006,2025,30,2025-07-21,0.0,4.6,0,Negligible
WAS006,2025,31,2025-07-28,0.0,1.7,0,Negligible
WAS006,2025,32,2025-08-04,2.0,1.8,0,Negligible
WAS006,2025,33,2025-08-11,0.0,5.0,0,Negligible
WAS006,2025,34,2025-08-18,0.0,1.8,0,Negligible
WAS006,2025,35,2025-08-25,1.0,1.8,0,Negligible
WAS008,2023,4,2023-01-23,0.0,0.2,0,Negligible
WAS008,2023,5,2023-01-30,0.0,0.1,0,Negligible
WAS008,2023,10,2023-03-06,1.0,0.1,0,Negligible
WAS008,2023,13,2023-03-27,1.0,1.0,0,Negligible
WAS008,2023,14,2023-04-03,4.0,1.1,0,Negligible
WAS008,2023,15,2023-04-10,5.0,2.9,0,Negligible
WAS008,2023,16,2023-04-17,9.0,4.7,0,Negligible
WAS008,2023,17,2023-04-24,3.0,6.6,0,Negligible
WAS008,2023,18,2023-05-01,12.0,3.8,0,Negligible
WAS008,2023,19,2023-05-08,8.0,8.6,10,Outbreak
WAS008,2023,20,2023-05-15,44.0,7.2,0,Negligible
WAS008,2023,21,2023-05-22,27.0,23.7,3,Low-Moderate
WAS008,2023,22,2023-05-29,28.0,18.0,2,Low
WAS008,2023,23,2023-06-05,55.0,18.2,2,Low
WAS008,2023,24,2023-06-12,8.0,29.4,3,Low-Moderate
WAS008,2023,25,2023-06-19,8.0,7.7,0,Negligible
WAS008,2023,26,2023-06-26,17.0,8.9,10,Outbreak
WAS008,2023,27,2023-07-03,17.0,15.4,2,Low
WAS008,2023,28,2023-07-10,26.0,16.7,2,Low
WAS008,2023,29,2023-07-17,17.0,23.3,3,Low-Moderate
WAS008,2023,30,2023-07-24,34.0,18.5,2,Low
WAS008,2023,31,2023-07-31,7.0,27.1,3,Low-Moderate
WAS008,2023,32,2023-08-07,7.0,8.4,10,Outbreak
WAS008,2023,33,2023-08-14,27.0,8.4,10,Outbreak
WAS008,2023,34,2023-08-21,5.0,18.4,2,Low
WAS008,2023,35,2023-08-28,128.0,6.6,0,Negligible
WAS008,2023,36,2023-09-04,238.0,64.7,10,Outbreak
WAS008,2023,37,2023-09-11,6.0,68.9,5,Moderate-High
WAS008,2023,38,2023-09-18,192.0,6.2,0,Negligible
WAS008,2023,39,2023-09-25,201.0,56.8,4,Moderate
WAS008,2023,40,2023-10-02,65.0,58.6,4,Moderate
WAS008,2023,41,2023-10-09,119.0,26.2,3,Low-Moderate
WAS008,2023,42,2023-10-16,27.0,38.6,3,Low-Moderate
WAS008,2023,43,2023-10-23,19.0,16.0,2,Low
WAS008,2023,44,2023-10-30,0.0,10.2,1,Very Low
WAS008,2023,45,2023-11-06,5.0,0.6,0,Negligible
WAS008,2023,46,2023-11-13,0.0,3.7,0,Negligible
WAS008,2023,48,2023-11-27,0.0,0.5,0,Negligible
WAS008,2023,49,2023-12-04,0.0,0.2,0,Negligible
WAS008,2024,5,2024-01-29,4.0,0.3,0,Negligible
WAS008,2024,6,2024-02-12,0.0,2.6,0,Negligible
WAS008,2024,9,2024-02-26,0.0,0.3,0,Negligible
WAS008,2024,10,2024-03-04,2.0,0.5,0,Negligible
WAS008,2024,11,2024-03-11,1.0,1.8,0,Negligible
WAS008,2024,12,2024-03-18,4.0,1.2,0,Negligible
WAS008,2024,13,2024-03-25,2.0,3.3,0,Negligible
WAS008,2024,14,2024-04-01,0.0,2.1,0,Negligible
WAS008,2024,15,2024-04-08,4.0,0.5,0,Negligible
WAS008,2024,16,2024-04-15,4.0,4.0,0,Negligible
WAS008,2024,17,2024-04-22,6.0,4.3,0,Negligible
WAS008,2024,18,2024-04-29,14.0,5.4,0,Negligible
WAS008,2024,19,2024-05-06,1.0,9.9,1,Very Low
WAS008,2024,20,2024-05-13,34.0,1.8,0,Negligible
WAS008,2024,21,2024-05-20,32.0,21.4,10,Outbreak
WAS008,2024,22,2024-05-27,24.0,19.4,2,Low
WAS008,2024,23,2024-06-03,45.0,18.5,2,Low
WAS008,2024,24,2024-06-10,9.0,30.9,3,Low-Moderate
WAS008,2024,25,2024-06-17,3.0,11.1,1,Very Low
WAS008,2024,26,2024-06-24,39.0,5.4,0,Negligible
WAS008,2024,27,2024-07-01,54.0,30.5,3,Low-Moderate
WAS008,2024,28,2024-07-08,110.0,37.6,3,Low-Moderate
WAS008,2024,29,2024-07-15,86.0,61.5,4,Moderate
WAS008,2024,30,2024-07-22,34.0,50.1,4,Moderate
WAS008,2024,31,2024-07-29,16.0,27.4,3,Low-Moderate
WAS008,2024,32,2024-08-05,48.0,16.1,2,Low
WAS008,2024,33,2024-08-12,29.0,33.5,3,Low-Moderate
WAS008,2024,34,2024-08-19,14.0,25.3,3,Low-Moderate
WAS008,2024,35,2024-08-26,3.0,13.2,1,Very Low
WAS008,2024,36,2024-09-02,40.0,5.1,0,Negligible
WAS008,2024,37,2024-09-09,16.0,28.1,3,Low-Moderate
WAS008,2024,38,2024-09-16,18.0,14.3,10,Outbreak
WAS008,2024,39,2024-09-23,8.0,13.1,1,Very Low
WAS008,2024,40,2024-09-30,4.0,9.2,1,Very Low
WAS008,2024,41,2024-10-07,6.0,6.0,0,Negligible
WAS008,2024,42,2024-10-14,3.0,7.1,0,Negligible
WAS008,2024,43,2024-10-21,11.0,3.7,0,Negligible
WAS008,2024,45,2024-11-04,0.0,7.6,0,Negligible
WAS008,2024,46,2024-11-11,2.0,0.4,0,Negligible
WAS008,2024,47,2024-11-18,0.0,1.7,0,Negligible
WAS008,2025,4,2025-01-20,0.0,0.4,0,Negligible
WAS008,2025,7,2025-02-10,0.0,0.2,0,Negligible
WAS008,2025,8,2025-02-17,3.0,0.2,0,Negligible
WAS008,2025,9,2025-02-24,3.0,2.4,0,Negligible
WAS008,2025,10,2025-03-03,0.0,3.0,0,Negligible
WAS008,2025,11,2025-03-10,0.0,0.3,0,Negligible
WAS008,2025,12,2025-03-17,0.0,0.4,0,Negligible
WAS008,2025,13,2025-03-24,3.0,0.5,0,Negligible
WAS008,2025,15,2025-04-07,1.0,3.5,0,Negligible
WAS008,2025,16,2025-04-14,10.0,2.2,0,Negligible
WAS008,2025,17,2025-04-21,18.0,7.4,0,Negligible
WAS008,2025,18,2025-04-28,13.0,12.0,1,Very Low
WAS008,2025,19,2025-05-05,35.0,9.3,1,Very Low
WAS008,2025,20,2025-05-12,29.0,18.3,2,Low
WAS008,2025,21,2025-05-19,67.0,16.5,2,Low
WAS008,2025,22,2025-05-26,131.0,33.3,3,Low-Moderate
WAS008,2025,23,2025-06-02,27.0,58.0,4,Moderate
WAS008,2025,24,2025-06-09,74.0,21.2,10,Outbreak
WAS008,2025,25,2025-06-16,91.0,43.6,4,Moderate
WAS008,2025,26,2025-06-23,13.0,49.2,4,Moderate
WAS008,2025,27,2025-06-30,66.0,12.9,1,Very Low
WAS008,2025,28,2025-07-07,20.0,39.6,10,Outbreak
WAS008,2025,29,2025-07-14,16.0,19.7,2,Low
WAS008,2025,30,2025-07-21,6.0,16.0,2,Low
WAS008,2025,31,2025-07-28,5.0,8.2,10,Outbreak
WAS008,2025,32,2025-08-04,5.0,7.8,0,Negligible
WAS008,2025,33,2025-08-11,2.0,8.3,10,Outbreak
WAS008,2025,34,2025-08-18,4.0,4.7,0,Negligible
WAS008,2025,35,2025-08-25,12.0,6.9,0,Negligible
WAS009,2023,20,2023-05-15,85.0,6.6,0,Negligible
WAS009,2023,21,2023-05-22,27.0,36.4,3,Low-Moderate
WAS009,2023,22,2023-05-29,35.0,18.0,2,Low
WAS009,2023,23,2023-06-05,90.0,21.0,2,Low
WAS009,2023,24,2023-06-12,10.0,40.4,4,Moderate
WAS009,2023,25,2023-06-19,36.0,8.9,10,Outbreak
WAS009,2023,26,2023-06-26,78.0,23.3,3,Low-Moderate
WAS009,2023,27,2023-07-03,172.0,41.3,4,Moderate
WAS009,2023,28,2023-07-10,102.0,74.4,5,Moderate-High
WAS009,2023,29,2023-07-17,91.0,56.3,4,Moderate
WAS009,2023,30,2023-07-24,63.0,54.5,4,Moderate
WAS009,2023,31,2023-07-31,20.0,40.4,4,Moderate
WAS009,2023,32,2023-08-07,59.0,16.4,2,Low
WAS009,2023,33,2023-08-14,38.0,33.2,3,Low-Moderate
WAS009,2023,34,2023-08-21,6.0,22.9,3,Low-Moderate
WAS009,2023,35,2023-08-28,14.0,7.4,0,Negligible
WAS009,2023,36,2023-09-04,19.0,15.6,2,Low
WAS009,2023,37,2023-09-11,148.0,13.3,1,Very Low
WAS009,2023,38,2023-09-18,12.0,50.2,4,Moderate
WAS009,2023,39,2023-09-25,14.0,9.3,1,Very Low
WAS009,2023,40,2023-10-02,2.0,10.3,1,Very Low
WAS009,2023,41,2023-10-09,16.0,2.8,0,Negligible
WAS009,2023,42,2023-10-16,15.0,10.3,1,Very Low
WAS009,2023,43,2023-10-23,2.0,10.9,1,Very Low
WAS009,2023,45,2023-11-06,18.0,2.3,0,Negligible
WAS009,2023,46,2023-11-13,7.0,8.8,10,Outbreak
WAS009,2023,48,2023-11-27,0.0,4.5,0,Negligible
WAS009,2023,49,2023-12-04,0.0,0.2,0,Negligible
WAS009,2024,16,2024-04-15,8.0,0.3,0,Negligible
WAS009,2024,17,2024-04-22,4.0,6.7,0,Negligible
WAS009,2024,18,2024-04-29,14.0,4.2,0,Negligible
WAS009,2024,19,2024-05-06,4.0,9.9,1,Very Low
WAS009,2024,20,2024-05-13,21.0,4.0,0,Negligible
WAS009,2024,21,2024-05-20,9.0,15.7,2,Low
WAS009,2024,22,2024-05-27,21.0,8.5,10,Outbreak
WAS009,2024,23,2024-06-03,15.0,17.0,2,Low
WAS009,2024,24,2024-06-10,15.0,15.2,2,Low
WAS009,2024,25,2024-06-17,14.0,15.3,2,Low
WAS009,2024,26,2024-06-24,19.0,14.0,1,Very Low
WAS009,2024,27,2024-07-01,5.0,19.2,2,Low
WAS009,2024,28,2024-07-08,1.0,8.4,10,Outbreak
WAS009,2024,29,2024-07-15,5.0,3.8,0,Negligible
WAS009,2024,30,2024-07-22,5.0,8.2,10,Outbreak
WAS009,2024,31,2024-07-29,5.0,8.2,10,Outbreak
WAS009,2024,32,2024-08-05,3.0,7.8,0,Negligible
WAS009,2024,33,2024-08-12,2.0,5.9,0,Negligible
WAS009,2024,34,2024-08-19,6.0,5.0,0,Negligible
WAS009,2024,35,2024-08-26,1.0,7.7,0,Negligible
WAS009,2024,36,2024-09-02,19.0,2.9,0,Negligible
WAS009,2024,37,2024-09-09,6.0,17.4,2,Low
WAS009,2024,38,2024-09-16,16.0,7.7,0,Negligible
WAS009,2024,39,2024-09-23,3.0,12.1,1,Very Low
WAS009,2024,40,2024-09-30,11.0,5.1,0,Negligible
WAS009,2025,17,2025-04-21,2.0,11.3,1,Very Low
WAS009,2025,18,2025-04-28,1.0,3.0,0,Negligible
WAS009,2025,20,2025-05-12,1.0,2.0,0,Negligible
WAS011,2023,15,2023-04-10,0.0,10.9,1,Very Low
WAS011,2023,16,2023-04-17,2.0,0.8,0,Negligible
WAS011,2024,10,2024-03-04,4.0,2.5,0,Negligible
WAS011,2024,11,2024-03-11,118.0,2.9,0,Negligible
WAS011,2024,12,2024-03-18,151.0,28.7,3,Low-Moderate
WAS011,2024,13,2024-03-25,83.0,37.6,3,Low-Moderate
WAS011,2024,14,2024-04-01,84.0,25.0,3,Low-Moderate
WAS011,2024,15,2024-04-08,31.0,24.3,3,Low-Moderate
WAS011,2024,16,2024-04-15,93.0,15.3,2,Low
WAS011,2024,17,2024-04-22,221.0,33.6,3,Low-Moderate
WAS011,2024,18,2024-04-29,82.0,57.8,4,Moderate
WAS011,2024,19,2024-05-06,15.0,31.7,3,Low-Moderate
WAS011,2024,20,2024-05-13,180.0,9.5,1,Very Low
WAS011,2024,21,2024-05-20,47.0,63.2,4,Moderate
WAS011,2024,22,2024-05-27,60.0,25.0,3,Low-Moderate
WAS011,2024,41,2024-10-07,19.0,33.5,3,Low-Moderate
WAS011,2024,42,2024-10-14,3.0,14.8,10,Outbreak
WAS011,2024,43,2024-10-21,0.0,3.7,0,Negligible
WAS011,2025,13,2025-03-24,13.0,0.8,0,Negligible
WAS011,2025,15,2025-04-07,8.0,9.1,1,Very Low
WAS011,2025,16,2025-04-14,1.0,7.4,0,Negligible
WAS011,2025,21,2025-05-19,1067.0,1.8,0,Negligible
WAS011,2025,22,2025-05-26,173.0,198.8,7,High
WAS011,2025,23,2025-06-02,44.0,69.5,5,Moderate-High
WAS011,2025,24,2025-06-09,209.0,29.1,3,Low-Moderate
WAS011,2025,25,2025-06-16,339.0,85.3,5,Moderate-High
WAS011,2025,26,2025-06-23,252.0,114.9,6,Elevated
WAS011,2025,27,2025-06-30,490.0,87.7,10,Outbreak
WAS011,2025,28,2025-07-07,324.0,144.2,6,Elevated
WAS011,2025,29,2025-07-14,354.0,118.6,6,Elevated
WAS011,2025,30,2025-07-21,77.0,118.0,6,Elevated
WAS011,2025,31,2025-07-28,136.0,42.1,4,Moderate
WAS011,2025,32,2025-08-04,115.0,64.0,4,Moderate
WAS011,2025,33,2025-08-11,243.0,61.0,4,Moderate
WAS011,2025,34,2025-08-18,119.0,94.7,6,Elevated
WAS011,2025,35,2025-08-25,180.0,59.2,4,Moderate
