year,cdc_week,site,total_mosquitoes,trap_date,week_start,temp_avg_f,temp_max_f,temp_min_f,rh_avg,wind_avg_mph,precip_in
2025,34,AEG-1053 Eclipse Dr.,2.0,2025-08-20,2025-08-18,90.28,107.0,70.0,21.51,6.22,0.02
2025,33,AEG-1194 W. 220 N Cir.,81.0,2025-08-13,2025-08-11,89.0,108.0,70.0,20.38,8.13,0.23
2025,28,AEG-1901 E 10 N Cir,2.0,2025-07-08,2025-07-07,91.55,108.0,70.0,13.12,6.7,0.0
2025,30,AEG-1901 E. 10 N.,3.0,2025-07-22,2025-07-21,84.17,99.0,68.0,14.91,7.65,0.15
2025,35,AEG-1949 E. 10 N.,1.0,2025-08-27,2025-08-25,78.8,80.0,77.0,47.6,4.8,0.0
2025,31,AEG-203 N. 2410 E. STG,33.0,2025-08-01,2025-07-28,87.29,104.0,68.0,10.27,7.41,0.0
2025,28,AEG-233 Shadow Point,23.0,2025-07-09,2025-07-07,91.55,108.0,70.0,13.12,6.7,0.0
2025,29,AEG-2386 E. 630 N.,3.0,2025-07-18,2025-07-14,89.86,109.0,73.0,24.03,8.79,0.0
2025,31,AEG-2990 E. Riverside Dr. #250 STG,21.0,2025-07-29,2025-07-28,87.29,104.0,68.0,10.27,7.41,0.0
2025,31,AEG-3169 Canyon View Dr. SC,1.0,2025-07-31,2025-07-28,87.29,104.0,68.0,10.27,7.41,0.0
2025,28,AEG-3635 Alpine Dr,2.0,2025-07-08,2025-07-07,91.55,108.0,70.0,13.12,6.7,0.0
2025,29,AEG-3635 Alpine Dr,7.0,2025-07-15,2025-07-14,89.86,109.0,73.0,24.03,8.79,0.0
2025,31,AEG-474 N. 2000 E. STG,7.0,2025-08-01,2025-07-28,87.29,104.0,68.0,10.27,7.41,0.0
2025,28,AEG-508 E 300 S,13.0,2025-07-08,2025-07-07,91.55,108.0,70.0,13.12,6.7,0.0
2025,28,AEG-508 E. 200 S. STG,45.0,2025-07-11,2025-07-07,91.55,108.0,70.0,13.12,6.7,0.0
2025,32,AEG-508 E. 300 S.,22.0,2025-08-04,2025-08-04,90.86,108.0,74.0,10.49,8.59,0.0
2025,33,AEG-574 N. 2330 E. STG,6.0,2025-08-13,2025-08-11,89.0,108.0,70.0,20.38,8.13,0.23
2025,35,AEG-574 N. 2330 E. STG,30.0,2025-08-25,2025-08-25,78.8,80.0,77.0,47.6,4.8,0.0
2025,30,AEG-639 N. 2000 E,85.0,2025-07-23,2025-07-21,84.17,99.0,68.0,14.91,7.65,0.15
2025,30,AEG-67 Reflection Way STG,1.0,2025-07-22,2025-07-21,84.17,99.0,68.0,14.91,7.65,0.15
2025,32,AEG-835 N. 1900 E. STG,7.0,2025-08-08,2025-08-04,90.86,108.0,74.0,10.49,8.59,0.0
2019,25,APV001,2.0,2019-06-20,2019-06-17,79.49,99.0,57.0,24.11,8.11,0.01
2019,29,APV001,33.0,2019-07-18,2019-07-15,88.14,107.0,70.0,14.48,7.39,0.0
2019,32,APV001,30.0,2019-08-08,2019-08-05,88.64,107.0,74.0,29.96,9.1,0.0
2019,34,APV001,22.0,2019-08-22,2019-08-19,85.43,104.0,68.0,15.05,5.87,0.0
2020,29,APV001,3.0,2020-07-15,2020-07-13,91.29,109.0,72.0,14.58,7.94,0.0
2020,32,APV001,8.0,2020-08-05,2020-08-03,86.29,104.0,66.0,11.15,7.09,0.0
2020,34,APV001,11.0,2020-08-19,2020-08-17,92.43,111.0,70.0,21.14,6.49,0.04
2021,22,APV001,2.0,2021-05-28,2021-05-24,75.71,95.0,52.0,12.2,6.24,0.0
2021,31,APV001,5.0,2021-07-29,2021-07-26,84.43,102.0,70.0,50.97,6.57,0.0
2022,24,APV001,2.0,2022-06-15,2022-06-13,81.43,106.0,62.0,11.75,11.51,0.0
2022,25,APV001,0.0,2022-06-21,2022-06-20,83.14,103.0,57.0,17.12,7.33,0.01
2022,29,APV001,1.0,2022-07-20,2022-07-18,93.57,110.0,79.0,23.5,8.01,0.03
2022,34,APV001,96.0,2022-08-24,2022-08-22,85.86,103.0,69.0,37.01,5.5,0.47
2023,33,APV001,28.0,2023-08-17,2023-08-14,82.57,101.0,65.0,50.17,6.24,0.21
2024,25,APV001,0.0,2024-06-20,2024-06-17,84.86,106.0,63.0,14.44,8.46,0.0
2024,31,APV001,6.0,2024-07-31,2024-07-29,89.29,106.0,69.0,19.72,6.89,0.01
2025,34,APV001,15.0,2025-08-20,2025-08-18,90.28,107.0,70.0,21.51,6.22,0.02
2018,20,AVA001,1.0,2018-05-17,2018-05-14,73.29,91.0,56.0,18.36,8.04,0.0
2018,23,AVA001,7.0,2018-06-07,2018-06-04,83.71,103.0,67.0,11.06,9.74,0.0
2018,25,AVA001,3.0,2018-06-21,2018-06-18,86.0,106.0,63.0,12.23,7.69,0.0
2018,27,AVA001,13.0,2018-07-06,2018-07-02,90.71,108.0,73.0,16.33,9.23,0.01
2018,32,AVA001,13.0,2018-08-09,2018-08-06,88.14,107.0,67.0,26.12,6.96,0.13
2018,33,AVA001,24.0,2018-08-16,2018-08-13,88.28,105.0,70.0,32.05,7.08,0.02
2018,33,AVA001-Ex,14.0,2018-08-16,2018-08-13,88.28,105.0,70.0,32.05,7.08,0.02
2018,32,ENT001,1.0,2018-08-08,2018-08-06,88.14,107.0,67.0,26.12,6.96,0.13
2018,32,ENT002,29.0,2018-08-08,2018-08-06,88.14,107.0,67.0,26.12,6.96,0.13
2018,25,ENT003,25.0,2018-06-21,2018-06-18,86.0,106.0,63.0,12.23,7.69,0.0
2019,27,ENT003,34.0,2019-07-04,2019-07-01,84.14,101.0,66.0,14.45,7.61,0.0
2019,32,ENT003,182.0,2019-08-08,2019-08-05,88.64,107.0,74.0,29.96,9.1,0.0
2019,34,ENT003,31.0,2019-08-22,2019-08-19,85.43,104.0,68.0,15.05,5.87,0.0
2020,30,ENT003,19.0,2020-07-22,2020-07-20,88.71,106.0,72.0,23.53,9.24,0.0
2020,32,ENT003,11.0,2020-08-06,2020-08-03,86.29,104.0,66.0,11.15,7.09,0.0
2020,35,ENT003,75.0,2020-08-27,2020-08-24,88.14,105.0,68.0,24.84,6.4,0.0
2021,22,ENT003,2.0,2021-05-25,2021-05-24,75.71,95.0,52.0,12.2,6.24,0.0
2021,28,ENT003,20.0,2021-07-07,2021-07-05,97.0,114.0,77.0,14.18,6.67,0.0
2021,35,ENT003,23.0,2021-08-25,2021-08-23,85.0,105.0,64.0,16.53,5.1,0.0
2022,23,ENT003,39.0,2022-06-08,2022-06-06,87.86,106.0,69.0,14.97,8.09,0.0
2022,26,ENT003,10.0,2022-06-28,2022-06-27,90.29,104.0,75.0,20.08,10.89,0.01
2022,35,ENT003,29.0,2022-08-31,2022-08-29,90.71,108.0,71.0,22.05,4.3,0.0
2023,25,ENT003,1.0,2023-06-22,2023-06-19,78.43,97.0,57.0,11.78,9.56,0.0
2023,33,ENT003,1.0,2023-08-16,2023-08-14,82.57,101.0,65.0,50.17,6.24,0.21
2024,26,ENT003,19.0,2024-06-26,2024-06-24,93.29,108.0,76.0,20.9,10.33,0.0
2025,31,ENT003,7.0,2025-07-30,2025-07-28,87.29,104.0,68.0,10.27,7.41,0.0
2025,33,ENT003,9.0,2025-08-13,2025-08-11,89.0,108.0,70.0,20.38,8.13,0.23
2018,25,ENT004,12.0,2018-06-21,2018-06-18,86.0,106.0,63.0,12.23,7.69,0.0
2019,27,ENT004,14.0,2019-07-04,2019-07-01,84.14,101.0,66.0,14.45,7.61,0.0
2019,32,ENT004,370.0,2019-08-08,2019-08-05,88.64,107.0,74.0,29.96,9.1,0.0
2019,33,ENT004,6.0,2019-08-09,2019-08-05,88.64,107.0,74.0,29.96,9.1,0.0
2019,34,ENT004,31.0,2019-08-22,2019-08-19,85.43,104.0,68.0,15.05,5.87,0.0
2020,30,ENT004,70.0,2020-07-22,2020-07-20,88.71,106.0,72.0,23.53,9.24,0.0
2020,32,ENT004,17.0,2020-08-06,2020-08-03,86.29,104.0,66.0,11.15,7.09,0.0
2020,35,ENT004,106.0,2020-08-27,2020-08-24,88.14,105.0,68.0,24.84,6.4,0.0
2021,22,ENT004,0.0,2021-05-25,2021-05-24,75.71,95.0,52.0,12.2,6.24,0.0
2021,28,ENT004,65.0,2021-07-07,2021-07-05,97.0,114.0,77.0,14.18,6.67,0.0
2022,23,ENT004,18.0,2022-06-08,2022-06-06,87.86,106.0,69.0,14.97,8.09,0.0
2022,35,ENT004,38.0,2022-08-31,2022-08-29,90.71,108.0,71.0,22.05,4.3,0.0
2023,25,ENT004,16.0,2023-06-22,2023-06-19,78.43,97.0,57.0,11.78,9.56,0.0
2023,33,ENT004,29.0,2023-08-16,2023-08-14,82.57,101.0,65.0,50.17,6.24,0.21
2024,26,ENT004,41.0,2024-06-26,2024-06-24,93.29,108.0,76.0,20.9,10.33,0.0
2025,33,EX-Enterprise Cemetery,0.0,2025-08-13,2025-08-11,89.0,108.0,70.0,20.38,8.13,0.23
2025,28,EX-Mall Dr. Bridge,83.0,2025-07-08,2025-07-07,91.55,108.0,70.0,13.12,6.7,0.0
2025,30,EX-Mall Dr. Bridge,50.0,2025-07-22,2025-07-21,84.17,99.0,68.0,14.91,7.65,0.15
2025,32,EX-Mall Dr. Bridge,27.0,2025-08-05,2025-08-04,90.86,108.0,74.0,10.49,8.59,0.0
2025,34,EX-Mall Dr. Bridge,72.0,2025-08-19,2025-08-18,90.28,107.0,70.0,21.51,6.22,0.02
2025,35,EX-Mall Dr. Bridge,47.0,2025-08-26,2025-08-25,78.8,80.0,77.0,47.6,4.8,0.0
2024,21,Fire Lake-Test,553.0,2024-05-24,2024-05-20,73.14,89.0,52.0,17.04,10.24,0.0
2018,14,HAR001,0.0,2018-04-05,2018-04-02,65.14,86.0,42.0,28.12,7.03,0.21
2018,15,HAR001,0.0,2018-04-12,2018-04-09,63.46,89.0,41.0,20.22,10.2,0.0
2018,16,HAR001,2.0,2018-04-19,2018-04-16,61.57,85.0,40.0,25.9,10.43,0.07
2018,17,HAR001,0.0,2018-04-26,2018-04-23,73.43,93.0,52.0,15.46,8.84,0.0
2018,19,HAR001,1.0,2018-05-10,2018-05-07,75.57,98.0,53.0,17.85,8.4,0.0
2018,20,HAR001,2.0,2018-05-17,2018-05-14,73.29,91.0,56.0,18.36,8.04,0.0
2018,21,HAR001,0.0,2018-05-23,2018-05-21,74.29,93.0,56.0,21.16,8.79,0.02
2018,22,HAR001,0.0,2018-05-31,2018-05-28,79.71,100.0,59.0,17.46,8.91,0.0
2018,23,HAR001,1.0,2018-06-07,2018-06-04,83.71,103.0,67.0,11.06,9.74,0.0
2018,24,HAR001,0.0,2018-06-14,2018-06-11,85.0,104.0,66.0,17.22,10.77,0.0
2018,25,HAR001,1.0,2018-06-21,2018-06-18,86.0,106.0,63.0,12.23,7.69,0.0
2018,26,HAR001,0.0,2018-06-28,2018-06-25,87.97,105.0,69.0,10.63,8.06,0.0
2018,27,HAR001,1.0,2018-07-06,2018-07-02,90.71,108.0,73.0,16.33,9.23,0.01
2018,28,HAR001,0.0,2018-07-12,2018-07-09,86.43,105.0,69.0,49.03,7.43,0.04
2018,29,HAR001,1.0,2018-07-19,2018-07-16,89.71,106.0,71.0,39.86,8.12,0.01
2018,30,HAR001,1.0,2018-07-27,2018-07-23,93.43,110.0,76.0,24.21,7.73,0.0
2018,31,HAR001,2.0,2018-08-02,2018-07-30,90.68,107.0,71.0,31.48,7.53,0.3
2018,32,HAR001,2.0,2018-08-09,2018-08-06,88.14,107.0,67.0,26.12,6.96,0.13
2018,33,HAR001,1.0,2018-08-16,2018-08-13,88.28,105.0,70.0,32.05,7.08,0.02
2018,35,HAR001,3.0,2018-08-30,2018-08-27,82.6,98.0,63.0,20.41,5.97,0.0
2019,23,HAR001,4.0,2019-06-05,2019-06-03,79.1,98.0,60.0,22.42,8.93,0.0
2019,24,HAR001,3.0,2019-06-13,2019-06-10,82.74,103.0,61.0,19.82,6.11,0.03
2019,25,HAR001,4.0,2019-06-19,2019-06-17,79.49,99.0,57.0,24.11,8.11,0.01
2019,26,HAR001,6.0,2019-06-27,2019-06-24,83.11,100.0,63.0,15.7,8.24,0.01
2019,27,HAR001,0.0,2019-07-03,2019-07-01,84.14,101.0,66.0,14.45,7.61,0.0
2019,28,HAR001,0.0,2019-07-10,2019-07-08,87.71,106.0,68.0,18.12,7.13,0.01
2019,29,HAR001,0.0,2019-07-17,2019-07-15,88.14,107.0,70.0,14.48,7.39,0.0
2019,30,HAR001,0.0,2019-07-24,2019-07-22,89.64,106.0,70.0,29.3,6.67,0.02
2019,31,HAR001,0.0,2019-07-31,2019-07-29,89.44,107.0,69.0,29.18,6.86,0.03
2019,32,HAR001,0.0,2019-08-07,2019-08-05,88.64,107.0,74.0,29.96,9.1,0.0
2019,33,HAR001,0.0,2019-08-14,2019-08-12,88.17,105.0,69.0,12.19,5.71,0.0
2020,21,HAR001,1.0,2020-05-20,2020-05-18,67.71,91.0,48.0,21.27,11.93,0.0
2022,35,HAR001,8.0,2022-08-30,2022-08-29,90.71,108.0,71.0,22.05,4.3,0.0
2023,18,HAR001,2.0,2023-05-03,2023-05-01,65.57,89.0,48.0,27.54,9.24,0.02
2023,20,HAR001,16.0,2023-05-18,2023-05-15,76.17,91.0,57.0,36.7,7.22,0.17
2023,21,HAR001,12.0,2023-05-24,2023-05-22,76.29,93.0,57.0,22.04,7.76,0.02
2023,23,HAR001,1.0,2023-06-08,2023-06-05,77.16,97.0,61.0,18.28,8.09,0.01
2023,24,HAR001,1.0,2023-06-15,2023-06-12,75.71,98.0,57.0,37.66,7.94,0.09
2023,26,HAR001,0.0,2023-06-29,2023-06-26,83.29,107.0,64.0,13.59,6.69,0.0
2023,27,HAR001,0.0,2023-07-07,2023-07-03,87.14,109.0,67.0,9.62,7.04,0.0
2023,28,HAR001,0.0,2023-07-13,2023-07-10,92.29,114.0,73.0,16.33,6.26,0.0
2023,29,HAR001,0.0,2023-07-20,2023-07-17,95.14,112.0,77.0,19.31,8.4,0.0
2023,30,HAR001,0.0,2023-07-27,2023-07-24,92.29,109.0,74.0,24.69,9.04,0.02
2023,32,HAR001,0.0,2023-08-09,2023-08-07,83.57,103.0,65.0,31.35,7.11,0.2
2023,33,HAR001,0.0,2023-08-17,2023-08-14,82.57,101.0,65.0,50.17,6.24,0.21
2023,35,HAR001,5.0,2023-08-30,2023-08-28,81.46,106.0,65.0,50.86,6.43,2.76
2023,36,HAR001,25.0,2023-09-07,2023-09-04,77.24,98.0,62.0,44.32,4.47,0.02
2024,21,HAR001,0.0,2024-05-21,2024-05-20,73.14,89.0,52.0,17.04,10.24,0.0
2024,33,HAR001,0.0,2024-08-14,2024-08-12,87.86,103.0,71.0,30.48,8.99,1.23
2023,37,HAR001-EX,91.0,2023-09-15,2023-09-11,76.86,94.0,61.0,45.56,3.95,0.04
2023,38,HAR001-EX,2.0,2023-09-20,2023-09-18,72.14,92.0,53.0,37.06,5.07,0.05
2023,39,HAR001-EX,0.0,2023-09-27,2023-09-25,71.43,91.0,52.0,33.39,6.0,0.04
2023,40,HAR001-EX,2.0,2023-10-05,2023-10-02,68.07,89.0,48.0,41.49,4.69,0.19
2023,41,HAR001-EX,0.0,2023-10-11,2023-10-09,66.29,88.0,46.0,30.17,5.31,0.0
2020,23,HAR002,2.0,2020-06-03,2020-06-01,82.0,103.0,61.0,17.6,9.17,0.01
2018,32,HIL001,54.0,2018-08-09,2018-08-06,88.14,107.0,67.0,26.12,6.96,0.13
2020,32,HIL001,3.0,2020-08-05,2020-08-03,86.29,104.0,66.0,11.15,7.09,0.0
2018,23,HIL002,68.0,2018-06-07,2018-06-04,83.71,103.0,67.0,11.06,9.74,0.0
2018,25,HIL002,34.0,2018-06-21,2018-06-18,86.0,106.0,63.0,12.23,7.69,0.0
2018,27,HIL002,37.0,2018-07-06,2018-07-02,90.71,108.0,73.0,16.33,9.23,0.01
2019,25,HIL002,20.0,2019-06-20,2019-06-17,79.49,99.0,57.0,24.11,8.11,0.01
2019,29,HIL002,29.0,2019-07-18,2019-07-15,88.14,107.0,70.0,14.48,7.39,0.0
2019,32,HIL002,42.0,2019-08-08,2019-08-05,88.64,107.0,74.0,29.96,9.1,0.0
2019,34,HIL002,21.0,2019-08-22,2019-08-19,85.43,104.0,68.0,15.05,5.87,0.0
2020,29,HIL002,9.0,2020-07-14,2020-07-13,91.29,109.0,72.0,14.58,7.94,0.0
2021,22,HIL002,2.0,2021-05-28,2021-05-24,75.71,95.0,52.0,12.2,6.24,0.0
2021,31,HIL002,10.0,2021-07-29,2021-07-26,84.43,102.0,70.0,50.97,6.57,0.0
2022,24,HIL002,1.0,2022-06-15,2022-06-13,81.43,106.0,62.0,11.75,11.51,0.0
2022,25,HIL002,0.0,2022-06-21,2022-06-20,83.14,103.0,57.0,17.12,7.33,0.01
2022,29,HIL002,2.0,2022-07-20,2022-07-18,93.57,110.0,79.0,23.5,8.01,0.03
2022,34,HIL002,96.0,2022-08-24,2022-08-22,85.86,103.0,69.0,37.01,5.5,0.47
2023,33,HIL002,31.0,2023-08-17,2023-08-14,82.57,101.0,65.0,50.17,6.24,0.21
2024,25,HIL002,87.0,2024-06-20,2024-06-17,84.86,106.0,63.0,14.44,8.46,0.0
2024,31,HIL002,52.0,2024-07-31,2024-07-29,89.29,106.0,69.0,19.72,6.89,0.01
2025,26,HIL002,13.0,2025-06-25,2025-06-23,82.86,102.0,64.0,12.5,6.21,0.0
2020,34,HILDALE SR,0.0,2020-08-19,2020-08-17,92.43,111.0,70.0,21.14,6.49,0.04
2021,41,HUR0002,20.0,2021-10-05,2021-10-04,67.0,88.0,49.0,56.54,5.14,0.01
2018,14,HUR002,0.0,2018-04-05,2018-04-02,65.14,86.0,42.0,28.12,7.03,0.21
2018,15,HUR002,0.0,2018-04-12,2018-04-09,63.46,89.0,41.0,20.22,10.2,0.0
2018,16,HUR002,1.0,2018-04-19,2018-04-16,61.57,85.0,40.0,25.9,10.43,0.07
2018,17,HUR002,3.0,2018-04-26,2018-04-23,73.43,93.0,52.0,15.46,8.84,0.0
2018,19,HUR002,2.0,2018-05-10,2018-05-07,75.57,98.0,53.0,17.85,8.4,0.0
2018,20,HUR002,1.0,2018-05-17,2018-05-14,73.29,91.0,56.0,18.36,8.04,0.0
2018,21,HUR002,7.0,2018-05-23,2018-05-21,74.29,93.0,56.0,21.16,8.79,0.02
2018,22,HUR002,3.0,2018-05-31,2018-05-28,79.71,100.0,59.0,17.46,8.91,0.0
2018,23,HUR002,7.0,2018-06-07,2018-06-04,83.71,103.0,67.0,11.06,9.74,0.0
2018,24,HUR002,2.0,2018-06-14,2018-06-11,85.0,104.0,66.0,17.22,10.77,0.0
2018,25,HUR002,0.0,2018-06-21,2018-06-18,86.0,106.0,63.0,12.23,7.69,0.0
2018,26,HUR002,0.0,2018-06-28,2018-06-25,87.97,105.0,69.0,10.63,8.06,0.0
2018,27,HUR002,0.0,2018-07-06,2018-07-02,90.71,108.0,73.0,16.33,9.23,0.01
2018,28,HUR002,9.0,2018-07-12,2018-07-09,86.43,105.0,69.0,49.03,7.43,0.04
2018,29,HUR002,0.0,2018-07-19,2018-07-16,89.71,106.0,71.0,39.86,8.12,0.01
2018,30,HUR002,9.0,2018-07-27,2018-07-23,93.43,110.0,76.0,24.21,7.73,0.0
2018,31,HUR002,2.0,2018-08-02,2018-07-30,90.68,107.0,71.0,31.48,7.53,0.3
2018,32,HUR002,1.0,2018-08-09,2018-08-06,88.14,107.0,67.0,26.12,6.96,0.13
2018,33,HUR002,1.0,2018-08-16,2018-08-13,88.28,105.0,70.0,32.05,7.08,0.02
2018,35,HUR002,33.0,2018-08-30,2018-08-27,82.6,98.0,63.0,20.41,5.97,0.0
2020,35,HUR002,1.0,2020-08-26,2020-08-24,88.14,105.0,68.0,24.84,6.4,0.0
2021,38,HUR002,65.0,2021-09-16,2021-09-13,79.71,100.0,60.0,26.2,5.8,0.01
2021,39,HUR002,55.0,2021-09-22,2021-09-20,76.43,94.0,56.0,21.3,5.19,0.0
2022,21,HUR002,0.0,2022-05-24,2022-05-23,77.71,100.0,55.0,13.06,9.49,0.0
2018,14,HUR007,0.0,2018-04-05,2018-04-02,65.14,86.0,42.0,28.12,7.03,0.21
2018,15,HUR007,0.0,2018-04-12,2018-04-09,63.46,89.0,41.0,20.22,10.2,0.0
2018,16,HUR007,0.0,2018-04-19,2018-04-16,61.57,85.0,40.0,25.9,10.43,0.07
2018,17,HUR007,0.0,2018-04-26,2018-04-23,73.43,93.0,52.0,15.46,8.84,0.0
2018,19,HUR007,0.0,2018-05-10,2018-05-07,75.57,98.0,53.0,17.85,8.4,0.0
2018,20,HUR007,0.0,2018-05-17,2018-05-14,73.29,91.0,56.0,18.36,8.04,0.0
2018,21,HUR007,3.0,2018-05-23,2018-05-21,74.29,93.0,56.0,21.16,8.79,0.02
2018,22,HUR007,2.0,2018-05-31,2018-05-28,79.71,100.0,59.0,17.46,8.91,0.0
2018,23,HUR007,0.0,2018-06-07,2018-06-04,83.71,103.0,67.0,11.06,9.74,0.0
2018,24,HUR007,3.0,2018-06-14,2018-06-11,85.0,104.0,66.0,17.22,10.77,0.0
2018,25,HUR007,0.0,2018-06-21,2018-06-18,86.0,106.0,63.0,12.23,7.69,0.0
2018,26,HUR007,0.0,2018-06-28,2018-06-25,87.97,105.0,69.0,10.63,8.06,0.0
2018,27,HUR007,2.0,2018-07-06,2018-07-02,90.71,108.0,73.0,16.33,9.23,0.01
2018,28,HUR007,43.0,2018-07-12,2018-07-09,86.43,105.0,69.0,49.03,7.43,0.04
2018,29,HUR007,133.0,2018-07-19,2018-07-16,89.71,106.0,71.0,39.86,8.12,0.01
2018,30,HUR007,2.0,2018-07-27,2018-07-23,93.43,110.0,76.0,24.21,7.73,0.0
2018,31,HUR007,5.0,2018-08-02,2018-07-30,90.68,107.0,71.0,31.48,7.53,0.3
2018,32,HUR007,4.0,2018-08-09,2018-08-06,88.14,107.0,67.0,26.12,6.96,0.13
2018,33,HUR007,5.0,2018-08-16,2018-08-13,88.28,105.0,70.0,32.05,7.08,0.02
2018,35,HUR007,38.0,2018-08-30,2018-08-27,82.6,98.0,63.0,20.41,5.97,0.0
2018,36,HUR007,0.0,2018-09-06,2018-09-03,82.29,101.0,66.0,30.0,5.73,0.14
2018,37,HUR007,10.0,2018-09-12,2018-09-10,83.06,99.0,63.0,16.28,8.08,0.0
2018,38,HUR007,7.0,2018-09-19,2018-09-17,79.86,97.0,60.0,21.28,5.79,0.0
2018,39,HUR007,3.0,2018-09-26,2018-09-24,78.29,94.0,57.0,18.37,6.69,0.0
2019,20,HUR007,3.0,2019-05-15,2019-05-13,66.43,89.0,44.0,37.1,8.59,0.05
2019,23,HUR007,2.0,2019-06-05,2019-06-03,79.1,98.0,60.0,22.42,8.93,0.0
2019,24,HUR007,3.0,2019-06-13,2019-06-10,82.74,103.0,61.0,19.82,6.11,0.03
2019,25,HUR007,2.0,2019-06-19,2019-06-17,79.49,99.0,57.0,24.11,8.11,0.01
2019,26,HUR007,6.0,2019-06-27,2019-06-24,83.11,100.0,63.0,15.7,8.24,0.01
2019,27,HUR007,9.0,2019-07-03,2019-07-01,84.14,101.0,66.0,14.45,7.61,0.0
2019,28,HUR007,0.0,2019-07-10,2019-07-08,87.71,106.0,68.0,18.12,7.13,0.01
2019,29,HUR007,0.0,2019-07-17,2019-07-15,88.14,107.0,70.0,14.48,7.39,0.0
2019,30,HUR007,0.0,2019-07-24,2019-07-22,89.64,106.0,70.0,29.3,6.67,0.02
2019,31,HUR007,5.0,2019-07-31,2019-07-29,89.44,107.0,69.0,29.18,6.86,0.03
2019,32,HUR007,14.0,2019-08-07,2019-08-05,88.64,107.0,74.0,29.96,9.1,0.0
2019,33,HUR007,2.0,2019-08-14,2019-08-12,88.17,105.0,69.0,12.19,5.71,0.0
2019,34,HUR007,3.0,2019-08-21,2019-08-19,85.43,104.0,68.0,15.05,5.87,0.0
2019,35,HUR007,9.0,2019-08-28,2019-08-26,87.43,105.0,68.0,21.23,5.8,0.01
2019,36,HUR007,0.0,2019-09-04,2019-09-02,87.71,103.0,72.0,26.15,7.17,0.01
2019,37,HUR007,4.0,2019-09-11,2019-09-09,78.29,98.0,60.0,19.35,7.39,0.0
2019,38,HUR007,5.0,2019-09-18,2019-09-16,74.0,94.0,52.0,18.87,9.07,0.0
2019,39,HUR007,11.0,2019-09-25,2019-09-23,73.57,92.0,55.0,31.41,8.87,0.01
2020,38,HUR007,4.0,2020-09-16,2020-09-14,82.14,100.0,63.0,14.82,5.53,0.0
2021,21,HUR007,0.0,2021-05-19,2021-05-17,68.86,94.0,46.0,18.96,11.83,0.01
2021,22,HUR007,0.0,2021-05-25,2021-05-24,75.71,95.0,52.0,12.2,6.24,0.0
2021,24,HUR007,0.0,2021-06-08,2021-06-07,80.57,105.0,58.0,10.22,9.06,0.0
2021,26,HUR007,0.0,2021-06-22,2021-06-21,87.43,106.0,68.0,18.49,9.26,0.01
2021,27,HUR007,0.0,2021-06-29,2021-06-28,87.86,105.0,72.0,22.67,8.24,0.01
2021,29,HUR007,1.0,2021-07-13,2021-07-12,87.71,109.0,69.0,42.67,8.01,0.01
2021,30,HUR007,0.0,2021-07-20,2021-07-19,87.43,103.0,72.0,48.8,6.99,0.0
2021,31,HUR007,0.0,2021-07-28,2021-07-26,84.43,102.0,70.0,50.97,6.57,0.0
2021,32,HUR007,2.0,2021-08-03,2021-08-02,89.71,109.0,67.0,20.41,6.91,0.0
2021,33,HUR007,0.0,2021-08-10,2021-08-09,89.14,105.0,71.0,30.35,7.0,0.0
2021,34,HUR007,12.0,2021-08-17,2021-08-16,83.57,104.0,63.0,33.14,9.8,0.0
2021,35,HUR007,9.0,2021-08-24,2021-08-23,85.0,105.0,64.0,16.53,5.1,0.0
2021,36,HUR007,0.0,2021-08-31,2021-08-30,82.65,103.0,66.0,39.27,5.46,0.0
2021,37,HUR007,0.0,2021-09-08,2021-09-06,87.43,105.0,70.0,23.57,5.31,0.0
2021,38,HUR007,0.0,2021-09-14,2021-09-13,79.71,100.0,60.0,26.2,5.8,0.01
2021,39,HUR007,0.0,2021-09-21,2021-09-20,76.43,94.0,56.0,21.3,5.19,0.0
2021,40,HUR007,13.0,2021-09-28,2021-09-27,71.0,90.0,50.0,29.84,5.99,0.0
2021,41,HUR007,0.0,2021-10-05,2021-10-04,67.0,88.0,49.0,56.54,5.14,0.01
2022,23,HUR007,0.0,2022-06-07,2022-06-06,87.86,106.0,69.0,14.97,8.09,0.0
2022,24,HUR007,0.0,2022-06-14,2022-06-13,81.43,106.0,62.0,11.75,11.51,0.0
2022,25,HUR007,0.0,2022-06-21,2022-06-20,83.14,103.0,57.0,17.12,7.33,0.01
2022,29,HUR007,2.0,2022-07-19,2022-07-18,93.57,110.0,79.0,23.5,8.01,0.03
2022,32,HUR007,1.0,2022-08-09,2022-08-08,85.43,104.0,73.0,46.98,6.6,0.15
2022,34,HUR007,4.0,2022-08-23,2022-08-22,85.86,103.0,69.0,37.01,5.5,0.47
2022,35,HUR007,4.0,2022-08-30,2022-08-29,90.71,108.0,71.0,22.05,4.3,0.0
2022,36,HUR007,0.0,2022-09-07,2022-09-05,87.29,111.0,66.0,31.95,6.51,0.01
2022,37,HUR007,19.0,2022-09-13,2022-09-12,75.14,92.0,61.0,56.31,6.79,1.08
2022,38,HUR007,8.0,2022-09-20,2022-09-19,77.57,93.0,59.0,31.61,5.53,0.0
2022,42,HUR007,0.0,2022-10-19,2022-10-17,64.29,85.0,39.0,33.49,6.11,0.34
2023,24,HUR007,2.0,2023-06-13,2023-06-12,75.71,98.0,57.0,37.66,7.94,0.09
2023,25,HUR007,4.0,2023-06-21,2023-06-19,78.43,97.0,57.0,11.78,9.56,0.0
2023,43,HUR007,5.0,2023-10-24,2023-10-23,59.86,78.0,41.0,34.92,7.0,0.0
2024,18,HUR007,0.0,2024-05-01,2024-04-29,66.86,86.0,46.0,22.07,8.71,0.01
2024,20,HUR007,1.0,2024-05-15,2024-05-13,77.14,94.0,57.0,18.19,8.07,0.0
2024,26,HUR007,64.0,2024-06-27,2024-06-24,93.29,108.0,76.0,20.9,10.33,0.0
2024,33,HUR007,5.0,2024-08-13,2024-08-12,87.86,103.0,71.0,30.48,8.99,1.23
2024,34,HUR007,2.0,2024-08-20,2024-08-19,84.71,104.0,68.0,33.33,11.16,0.11
2024,35,HUR007,110.0,2024-08-28,2024-08-26,83.35,102.0,61.0,20.93,5.56,0.01
2024,36,HUR007,41.0,2024-09-04,2024-09-02,87.3,103.0,70.0,19.12,6.56,0.01
2024,37,HUR007,4.0,2024-09-11,2024-09-09,82.19,100.0,61.0,19.17,8.0,0.0
2024,38,HUR007,5.0,2024-09-18,2024-09-16,73.71,91.0,55.0,24.7,7.77,0.02
2024,40,HUR007,0.0,2024-10-01,2024-09-30,82.0,101.0,62.0,15.02,3.97,0.0
2025,20,HUR007,1.0,2025-05-14,2025-05-12,68.43,92.0,51.0,24.01,11.31,0.04
2025,21,HUR007,0.0,2025-05-20,2025-05-19,76.29,97.0,54.0,14.39,7.89,0.0
2025,22,HUR007,0.0,2025-05-28,2025-05-26,83.71,104.0,62.0,13.95,6.5,0.0
2025,23,HUR007,2.0,2025-06-03,2025-06-02,78.84,101.0,59.0,39.72,7.61,1.74
2025,24,HUR007,0.0,2025-06-10,2025-06-09,88.43,105.0,71.0,13.16,8.49,0.0
2025,25,HUR007,0.0,2025-06-17,2025-06-16,86.43,107.0,62.0,8.95,11.21,0.0
2025,26,HUR007,2.0,2025-06-24,2025-06-23,82.86,102.0,64.0,12.5,6.21,0.0
2025,27,HUR007,8.0,2025-07-01,2025-06-30,88.18,106.0,69.0,19.18,9.14,0.01
2025,28,HUR007,3.0,2025-07-08,2025-07-07,91.55,108.0,70.0,13.12,6.7,0.0
2025,29,HUR007,3.0,2025-07-15,2025-07-14,89.86,109.0,73.0,24.03,8.79,0.0
2025,30,HUR007,8.0,2025-07-22,2025-07-21,84.17,99.0,68.0,14.91,7.65,0.15
2025,31,HUR007,3.0,2025-07-29,2025-07-28,87.29,104.0,68.0,10.27,7.41,0.0
2025,32,HUR007,1.0,2025-08-05,2025-08-04,90.86,108.0,74.0,10.49,8.59,0.0
2025,33,HUR007,10.0,2025-08-12,2025-08-11,89.0,108.0,70.0,20.38,8.13,0.23
2025,34,HUR007,7.0,2025-08-19,2025-08-18,90.28,107.0,70.0,21.51,6.22,0.02
2025,35,HUR007,2.0,2025-08-26,2025-08-25,78.8,80.0,77.0,47.6,4.8,0.0
2018,14,HUR008,0.0,2018-04-05,2018-04-02,65.14,86.0,42.0,28.12,7.03,0.21
2018,15,HUR008,3.0,2018-04-12,2018-04-09,63.46,89.0,41.0,20.22,10.2,0.0
2018,16,HUR008,2.0,2018-04-19,2018-04-16,61.57,85.0,40.0,25.9,10.43,0.07
2018,17,HUR008,0.0,2018-04-26,2018-04-23,73.43,93.0,52.0,15.46,8.84,0.0
2018,19,HUR008,1.0,2018-05-10,2018-05-07,75.57,98.0,53.0,17.85,8.4,0.0
2018,20,HUR008,0.0,2018-05-17,2018-05-14,73.29,91.0,56.0,18.36,8.04,0.0
2018,21,HUR008,1.0,2018-05-23,2018-05-21,74.29,93.0,56.0,21.16,8.79,0.02
2018,22,HUR008,1.0,2018-05-31,2018-05-28,79.71,100.0,59.0,17.46,8.91,0.0
2018,23,HUR008,0.0,2018-06-07,2018-06-04,83.71,103.0,67.0,11.06,9.74,0.0
2018,24,HUR008,1.0,2018-06-14,2018-06-11,85.0,104.0,66.0,17.22,10.77,0.0
2018,25,HUR008,2.0,2018-06-21,2018-06-18,86.0,106.0,63.0,12.23,7.69,0.0
2018,26,HUR008,0.0,2018-06-28,2018-06-25,87.97,105.0,69.0,10.63,8.06,0.0
2018,27,HUR008,4.0,2018-07-06,2018-07-02,90.71,108.0,73.0,16.33,9.23,0.01
2018,28,HUR008,0.0,2018-07-12,2018-07-09,86.43,105.0,69.0,49.03,7.43,0.04
2018,29,HUR008,2.0,2018-07-19,2018-07-16,89.71,106.0,71.0,39.86,8.12,0.01
2018,30,HUR008,19.0,2018-07-27,2018-07-23,93.43,110.0,76.0,24.21,7.73,0.0
2018,31,HUR008,13.0,2018-08-02,2018-07-30,90.68,107.0,71.0,31.48,7.53,0.3
2018,32,HUR008,19.0,2018-08-09,2018-08-06,88.14,107.0,67.0,26.12,6.96,0.13
2018,33,HUR008,8.0,2018-08-16,2018-08-13,88.28,105.0,70.0,32.05,7.08,0.02
2018,35,HUR008,6.0,2018-08-28,2018-08-27,82.6,98.0,63.0,20.41,5.97,0.0
2018,37,HUR008,16.0,2018-09-12,2018-09-10,83.06,99.0,63.0,16.28,8.08,0.0
2018,38,HUR008,57.0,2018-09-19,2018-09-17,79.86,97.0,60.0,21.28,5.79,0.0
2018,39,HUR008,0.0,2018-09-26,2018-09-24,78.29,94.0,57.0,18.37,6.69,0.0
2019,24,HUR008,8.0,2019-06-13,2019-06-10,82.74,103.0,61.0,19.82,6.11,0.03
2019,25,HUR008,2.0,2019-06-19,2019-06-17,79.49,99.0,57.0,24.11,8.11,0.01
2019,26,HUR008,23.0,2019-06-27,2019-06-24,83.11,100.0,63.0,15.7,8.24,0.01
2019,27,HUR008,0.0,2019-07-03,2019-07-01,84.14,101.0,66.0,14.45,7.61,0.0
2019,28,HUR008,0.0,2019-07-10,2019-07-08,87.71,106.0,68.0,18.12,7.13,0.01
2019,29,HUR008,0.0,2019-07-17,2019-07-15,88.14,107.0,70.0,14.48,7.39,0.0
2019,30,HUR008,0.0,2019-07-24,2019-07-22,89.64,106.0,70.0,29.3,6.67,0.02
2019,31,HUR008,0.0,2019-07-31,2019-07-29,89.44,107.0,69.0,29.18,6.86,0.03
2019,32,HUR008,0.0,2019-08-07,2019-08-05,88.64,107.0,74.0,29.96,9.1,0.0
2019,33,HUR008,0.0,2019-08-14,2019-08-12,88.17,105.0,69.0,12.19,5.71,0.0
2020,26,HUR008,4.0,2020-06-23,2020-06-22,88.57,105.0,69.0,14.3,9.31,0.0
2020,27,HUR008,0.0,2020-07-01,2020-06-29,81.86,103.0,55.0,17.66,8.37,0.0
2020,28,HUR008,0.0,2020-07-08,2020-07-06,89.14,109.0,67.0,11.29,7.21,0.0
2020,30,HUR008,36.0,2020-07-22,2020-07-20,88.71,106.0,72.0,23.53,9.24,0.0
2020,31,HUR008,102.0,2020-07-22,2020-07-20,88.71,106.0,72.0,23.53,9.24,0.0
2020,32,HUR008,161.0,2020-08-05,2020-08-03,86.29,104.0,66.0,11.15,7.09,0.0
2020,33,HUR008,53.0,2020-08-12,2020-08-10,87.86,111.0,66.0,13.36,5.31,0.0
2020,34,HUR008,16.0,2020-08-19,2020-08-17,92.43,111.0,70.0,21.14,6.49,0.04
2020,35,HUR008,12.0,2020-08-26,2020-08-24,88.14,105.0,68.0,24.84,6.4,0.0
2020,36,HUR008,524.0,2020-09-02,2020-08-31,86.29,110.0,66.0,13.93,6.01,0.0
2021,20,HUR008,3.0,2021-05-11,2021-05-10,73.86,93.0,53.0,13.04,8.36,0.0
2021,24,HUR008,0.0,2021-06-08,2021-06-07,80.57,105.0,58.0,10.22,9.06,0.0
2021,25,HUR008,1.0,2021-06-15,2021-06-14,93.57,112.0,74.0,10.62,6.11,0.0
2021,26,HUR008,4.0,2021-06-22,2021-06-21,87.43,106.0,68.0,18.49,9.26,0.01
2021,27,HUR008,2.0,2021-06-29,2021-06-28,87.86,105.0,72.0,22.67,8.24,0.01
2021,28,HUR008,3.0,2021-07-07,2021-07-05,97.0,114.0,77.0,14.18,6.67,0.0
2021,29,HUR008,2.0,2021-07-13,2021-07-12,87.71,109.0,69.0,42.67,8.01,0.01
2021,30,HUR008,1.0,2021-07-20,2021-07-19,87.43,103.0,72.0,48.8,6.99,0.0
2021,31,HUR008,3.0,2021-07-28,2021-07-26,84.43,102.0,70.0,50.97,6.57,0.0
2021,32,HUR008,42.0,2021-08-03,2021-08-02,89.71,109.0,67.0,20.41,6.91,0.0
2021,33,HUR008,38.0,2021-08-10,2021-08-09,89.14,105.0,71.0,30.35,7.0,0.0
2021,34,HUR008,5.0,2021-08-17,2021-08-16,83.57,104.0,63.0,33.14,9.8,0.0
2021,35,HUR008,7.0,2021-08-24,2021-08-23,85.0,105.0,64.0,16.53,5.1,0.0
2021,36,HUR008,13.0,2021-08-31,2021-08-30,82.65,103.0,66.0,39.27,5.46,0.0
2021,37,HUR008,127.0,2021-09-08,2021-09-06,87.43,105.0,70.0,23.57,5.31,0.0
2021,38,HUR008,61.0,2021-09-14,2021-09-13,79.71,100.0,60.0,26.2,5.8,0.01
2021,39,HUR008,20.0,2021-09-21,2021-09-20,76.43,94.0,56.0,21.3,5.19,0.0
2021,40,HUR008,26.0,2021-09-28,2021-09-27,71.0,90.0,50.0,29.84,5.99,0.0
2021,41,HUR008,13.0,2021-10-05,2021-10-04,67.0,88.0,49.0,56.54,5.14,0.01
2021,45,HUR008,0.0,2021-11-03,2021-11-01,61.0,79.0,43.0,42.68,3.16,0.0
2021,46,HUR008,0.0,2021-11-09,2021-11-08,57.48,73.0,41.0,43.24,2.69,0.0
2022,18,HUR008,0.0,2022-05-03,2022-05-02,70.86,92.0,49.0,18.29,11.53,0.0
2022,19,HUR008,0.0,2022-05-11,2022-05-09,66.57,98.0,48.0,14.1,7.17,0.0
2022,21,HUR008,0.0,2022-05-24,2022-05-23,77.71,100.0,55.0,13.06,9.49,0.0
2022,22,HUR008,0.0,2022-05-31,2022-05-30,75.14,96.0,52.0,15.4,8.04,0.0
2022,23,HUR008,0.0,2022-06-07,2022-06-06,87.86,106.0,69.0,14.97,8.09,0.0
2022,24,HUR008,0.0,2022-06-14,2022-06-13,81.43,106.0,62.0,11.75,11.51,0.0
2022,25,HUR008,0.0,2022-06-21,2022-06-20,83.14,103.0,57.0,17.12,7.33,0.01
2022,26,HUR008,1.0,2022-06-28,2022-06-27,90.29,104.0,75.0,20.08,10.89,0.01
2022,27,HUR008,1.0,2022-07-06,2022-07-04,87.86,106.0,70.0,13.85,8.8,0.0
2022,28,HUR008,20.0,2022-07-12,2022-07-11,93.71,108.0,77.0,24.37,8.04,0.02
2022,29,HUR008,22.0,2022-07-19,2022-07-18,93.57,110.0,79.0,23.5,8.01,0.03
2022,31,HUR008,2.0,2022-08-02,2022-08-01,87.29,102.0,73.0,42.64,6.47,0.08
2022,32,HUR008,3.0,2022-08-09,2022-08-08,85.43,104.0,73.0,46.98,6.6,0.15
2022,33,HUR008,57.0,2022-08-16,2022-08-15,84.43,99.0,71.0,49.42,6.64,0.04
2022,34,HUR008,16.0,2022-08-23,2022-08-22,85.86,103.0,69.0,37.01,5.5,0.47
2022,35,HUR008,11.0,2022-08-30,2022-08-29,90.71,108.0,71.0,22.05,4.3,0.0
2022,36,HUR008,18.0,2022-09-07,2022-09-05,87.29,111.0,66.0,31.95,6.51,0.01
2022,37,HUR008,8.0,2022-09-13,2022-09-12,75.14,92.0,61.0,56.31,6.79,1.08
2022,38,HUR008,10.0,2022-09-20,2022-09-19,77.57,93.0,59.0,31.61,5.53,0.0
2022,39,HUR008,28.0,2022-09-27,2022-09-26,77.79,95.0,60.0,35.98,4.8,0.44
2022,40,HUR008,10.0,2022-10-04,2022-10-03,73.52,88.0,58.0,36.66,4.44,0.01
2022,41,HUR008,2.0,2022-10-11,2022-10-10,71.14,87.0,55.0,27.73,4.26,0.0
2023,15,HUR008,1.0,2023-04-11,2023-04-10,64.14,90.0,43.0,27.49,6.81,0.02
2023,16,HUR008,3.0,2023-04-18,2023-04-17,61.14,83.0,38.0,24.14,9.09,0.0
2023,17,HUR008,0.0,2023-04-24,2023-04-24,68.86,92.0,51.0,23.36,6.47,0.01
2023,18,HUR008,1.0,2023-05-02,2023-05-01,65.57,89.0,48.0,27.54,9.24,0.02
2023,20,HUR008,4.0,2023-05-16,2023-05-15,76.17,91.0,57.0,36.7,7.22,0.17
2023,21,HUR008,3.0,2023-05-23,2023-05-22,76.29,93.0,57.0,22.04,7.76,0.02
2023,22,HUR008,0.0,2023-05-31,2023-05-29,75.71,94.0,57.0,21.94,7.03,0.02
2023,23,HUR008,123.0,2023-06-06,2023-06-05,77.16,97.0,61.0,18.28,8.09,0.01
2023,24,HUR008,30.0,2023-06-13,2023-06-12,75.71,98.0,57.0,37.66,7.94,0.09
2023,25,HUR008,9.0,2023-06-21,2023-06-19,78.43,97.0,57.0,11.78,9.56,0.0
2023,26,HUR008,13.0,2023-06-27,2023-06-26,83.29,107.0,64.0,13.59,6.69,0.0
2023,27,HUR008,6.0,2023-07-04,2023-07-03,87.14,109.0,67.0,9.62,7.04,0.0
2023,28,HUR008,0.0,2023-07-11,2023-07-10,92.29,114.0,73.0,16.33,6.26,0.0
2023,29,HUR008,0.0,2023-07-18,2023-07-17,95.14,112.0,77.0,19.31,8.4,0.0
2023,30,HUR008,3.0,2023-07-26,2023-07-24,92.29,109.0,74.0,24.69,9.04,0.02
2023,31,HUR008,157.0,2023-08-01,2023-07-31,83.14,103.0,67.0,38.68,5.63,0.47
2023,32,HUR008,6.0,2023-08-08,2023-08-07,83.57,103.0,65.0,31.35,7.11,0.2
2023,33,HUR008,11.0,2023-08-15,2023-08-14,82.57,101.0,65.0,50.17,6.24,0.21
2023,35,HUR008,3.0,2023-08-29,2023-08-28,81.46,106.0,65.0,50.86,6.43,2.76
2023,36,HUR008,5.0,2023-09-06,2023-09-04,77.24,98.0,62.0,44.32,4.47,0.02
2023,37,HUR008,6.0,2023-09-12,2023-09-11,76.86,94.0,61.0,45.56,3.95,0.04
2023,38,HUR008,7.0,2023-09-19,2023-09-18,72.14,92.0,53.0,37.06,5.07,0.05
2023,39,HUR008,6.0,2023-09-26,2023-09-25,71.43,91.0,52.0,33.39,6.0,0.04
2023,40,HUR008,10.0,2023-10-03,2023-10-02,68.07,89.0,48.0,41.49,4.69,0.19
2023,41,HUR008,15.0,2023-10-10,2023-10-09,66.29,88.0,46.0,30.17,5.31,0.0
2023,42,HUR008,10.0,2023-10-17,2023-10-16,70.86,89.0,50.0,26.1,3.17,0.0
2024,23,HUR008,28.0,2024-06-04,2024-06-03,87.71,108.0,69.0,15.77,7.36,0.0
2024,24,HUR008,11.0,2024-06-11,2024-06-10,87.06,105.0,68.0,11.63,7.06,0.0
2024,25,HUR008,0.0,2024-06-18,2024-06-17,84.86,106.0,63.0,14.44,8.46,0.0
2024,26,HUR008,332.0,2024-06-25,2024-06-24,93.29,108.0,76.0,20.9,10.33,0.0
2024,27,HUR008,46.0,2024-07-02,2024-07-01,91.14,112.0,73.0,9.89,8.01,0.0
2024,28,HUR008,44.0,2024-07-09,2024-07-08,93.9,114.0,75.0,13.82,6.95,0.02
2024,29,HUR008,17.0,2024-07-16,2024-07-15,92.97,108.0,76.0,25.97,8.11,0.11
2024,30,HUR008,37.0,2024-07-23,2024-07-22,92.29,108.0,70.0,23.47,8.79,0.09
2024,31,HUR008,21.0,2024-07-30,2024-07-29,89.29,106.0,69.0,19.72,6.89,0.01
2024,32,HUR008,45.0,2024-08-06,2024-08-05,92.57,109.0,79.0,29.7,9.17,0.03
2024,33,HUR008,14.0,2024-08-13,2024-08-12,87.86,103.0,71.0,30.48,8.99,1.23
2024,34,HUR008,6.0,2024-08-20,2024-08-19,84.71,104.0,68.0,33.33,11.16,0.11
2024,35,HUR008,10.0,2024-08-27,2024-08-26,83.35,102.0,61.0,20.93,5.56,0.01
2024,36,HUR008,9.0,2024-09-03,2024-09-02,87.3,103.0,70.0,19.12,6.56,0.01
2024,37,HUR008,83.0,2024-09-10,2024-09-09,82.19,100.0,61.0,19.17,8.0,0.0
2024,38,HUR008,487.0,2024-09-17,2024-09-16,73.71,91.0,55.0,24.7,7.77,0.02
2024,39,HUR008,298.0,2024-09-24,2024-09-23,82.0,102.0,62.0,16.39,4.43,0.0
2024,40,HUR008,25.0,2024-10-01,2024-09-30,82.0,101.0,62.0,15.02,3.97,0.0
2024,41,HUR008,42.0,2024-10-08,2024-10-07,77.84,96.0,59.0,16.75,4.12,0.0
2024,42,HUR008,20.0,2024-10-16,2024-10-14,67.63,89.0,48.0,35.66,8.2,0.31
2024,43,HUR008,10.0,2024-10-22,2024-10-21,64.43,82.0,48.0,34.79,2.73,0.0
2025,18,HUR008,1.0,2025-04-29,2025-04-28,67.29,86.0,48.0,30.31,7.6,0.1
2025,20,HUR008,3.0,2025-05-14,2025-05-12,68.43,92.0,51.0,24.01,11.31,0.04
2025,21,HUR008,194.0,2025-05-20,2025-05-19,76.29,97.0,54.0,14.39,7.89,0.0
2025,22,HUR008,47.0,2025-05-28,2025-05-26,83.71,104.0,62.0,13.95,6.5,0.0
2025,23,HUR008,23.0,2025-06-03,2025-06-02,78.84,101.0,59.0,39.72,7.61,1.74
2025,24,HUR008,12.0,2025-06-10,2025-06-09,88.43,105.0,71.0,13.16,8.49,0.0
2025,25,HUR008,1.0,2025-06-17,2025-06-16,86.43,107.0,62.0,8.95,11.21,0.0
2025,26,HUR008,10.0,2025-06-24,2025-06-23,82.86,102.0,64.0,12.5,6.21,0.0
2025,27,HUR008,5.0,2025-07-01,2025-06-30,88.18,106.0,69.0,19.18,9.14,0.01
2025,28,HUR008,2.0,2025-07-08,2025-07-07,91.55,108.0,70.0,13.12,6.7,0.0
2025,29,HUR008,9.0,2025-07-15,2025-07-14,89.86,109.0,73.0,24.03,8.79,0.0
2025,30,HUR008,0.0,2025-07-22,2025-07-21,84.17,99.0,68.0,14.91,7.65,0.15
2025,31,HUR008,2.0,2025-07-29,2025-07-28,87.29,104.0,68.0,10.27,7.41,0.0
2025,32,HUR008,4.0,2025-08-05,2025-08-04,90.86,108.0,74.0,10.49,8.59,0.0
2025,33,HUR008,3.0,2025-08-12,2025-08-11,89.0,108.0,70.0,20.38,8.13,0.23
2025,34,HUR008,4.0,2025-08-19,2025-08-18,90.28,107.0,70.0,21.51,6.22,0.02
2025,35,HUR008,3.0,2025-08-26,2025-08-25,78.8,80.0,77.0,47.6,4.8,0.0
2018,35,HUR008-EX,20.0,2018-08-30,2018-08-27,82.6,98.0,63.0,20.41,5.97,0.0
2018,35,HUR008-SR,22.0,2018-08-28,2018-08-27,82.6,98.0,63.0,20.41,5.97,0.0
2018,14,HUR009,0.0,2018-04-05,2018-04-02,65.14,86.0,42.0,28.12,7.03,0.21
2018,15,HUR009,0.0,2018-04-12,2018-04-09,63.46,89.0,41.0,20.22,10.2,0.0
2018,16,HUR009,1.0,2018-04-19,2018-04-16,61.57,85.0,40.0,25.9,10.43,0.07
2018,17,HUR009,0.0,2018-04-26,2018-04-23,73.43,93.0,52.0,15.46,8.84,0.0
2018,19,HUR009,1.0,2018-05-10,2018-05-07,75.57,98.0,53.0,17.85,8.4,0.0
2018,20,HUR009,4.0,2018-05-17,2018-05-14,73.29,91.0,56.0,18.36,8.04,0.0
2018,21,HUR009,1695.0,2018-05-23,2018-05-21,74.29,93.0,56.0,21.16,8.79,0.02
2018,22,HUR009,6.0,2018-05-31,2018-05-28,79.71,100.0,59.0,17.46,8.91,0.0
2018,23,HUR009,2.0,2018-06-07,2018-06-04,83.71,103.0,67.0,11.06,9.74,0.0
2018,24,HUR009,23.0,2018-06-14,2018-06-11,85.0,104.0,66.0,17.22,10.77,0.0
2018,25,HUR009,16.0,2018-06-21,2018-06-18,86.0,106.0,63.0,12.23,7.69,0.0
2018,26,HUR009,2.0,2018-06-28,2018-06-25,87.97,105.0,69.0,10.63,8.06,0.0
2018,27,HUR009,15.0,2018-07-06,2018-07-02,90.71,108.0,73.0,16.33,9.23,0.01
2018,28,HUR009,26.0,2018-07-12,2018-07-09,86.43,105.0,69.0,49.03,7.43,0.04
2018,29,HUR009,321.0,2018-07-19,2018-07-16,89.71,106.0,71.0,39.86,8.12,0.01
2018,30,HUR009,44.0,2018-07-27,2018-07-23,93.43,110.0,76.0,24.21,7.73,0.0
2018,31,HUR009,10.0,2018-08-02,2018-07-30,90.68,107.0,71.0,31.48,7.53,0.3
2018,32,HUR009,1.0,2018-08-09,2018-08-06,88.14,107.0,67.0,26.12,6.96,0.13
2018,33,HUR009,7.0,2018-08-16,2018-08-13,88.28,105.0,70.0,32.05,7.08,0.02
2018,35,HUR009,88.0,2018-08-30,2018-08-27,82.6,98.0,63.0,20.41,5.97,0.0
2018,36,HUR009,454.0,2018-09-06,2018-09-03,82.29,101.0,66.0,30.0,5.73,0.14
2018,37,HUR009,47.0,2018-09-12,2018-09-10,83.06,99.0,63.0,16.28,8.08,0.0
2018,38,HUR009,8.0,2018-09-19,2018-09-17,79.86,97.0,60.0,21.28,5.79,0.0
2018,39,HUR009,0.0,2018-09-26,2018-09-24,78.29,94.0,57.0,18.37,6.69,0.0
2019,23,HUR009,3.0,2019-06-05,2019-06-03,79.1,98.0,60.0,22.42,8.93,0.0
2019,24,HUR009,7.0,2019-06-13,2019-06-10,82.74,103.0,61.0,19.82,6.11,0.03
2019,25,HUR009,13.0,2019-06-19,2019-06-17,79.49,99.0,57.0,24.11,8.11,0.01
2019,26,HUR009,6.0,2019-06-27,2019-06-24,83.11,100.0,63.0,15.7,8.24,0.01
2019,27,HUR009,0.0,2019-07-03,2019-07-01,84.14,101.0,66.0,14.45,7.61,0.0
2019,28,HUR009,0.0,2019-07-10,2019-07-08,87.71,106.0,68.0,18.12,7.13,0.01
2019,29,HUR009,4.0,2019-07-17,2019-07-15,88.14,107.0,70.0,14.48,7.39,0.0
2019,30,HUR009,0.0,2019-07-24,2019-07-22,89.64,106.0,70.0,29.3,6.67,0.02
2019,31,HUR009,17.0,2019-07-31,2019-07-29,89.44,107.0,69.0,29.18,6.86,0.03
2019,32,HUR009,22.0,2019-08-07,2019-08-05,88.64,107.0,74.0,29.96,9.1,0.0
2019,33,HUR009,2.0,2019-08-14,2019-08-12,88.17,105.0,69.0,12.19,5.71,0.0
2019,34,HUR009,0.0,2019-08-21,2019-08-19,85.43,104.0,68.0,15.05,5.87,0.0
2019,35,HUR009,23.0,2019-08-28,2019-08-26,87.43,105.0,68.0,21.23,5.8,0.01
2019,36,HUR009,0.0,2019-09-04,2019-09-02,87.71,103.0,72.0,26.15,7.17,0.01
2019,37,HUR009,6.0,2019-09-11,2019-09-09,78.29,98.0,60.0,19.35,7.39,0.0
2019,38,HUR009,0.0,2019-09-18,2019-09-16,74.0,94.0,52.0,18.87,9.07,0.0
2019,39,HUR009,0.0,2019-09-25,2019-09-23,73.57,92.0,55.0,31.41,8.87,0.01
2020,34,HUR009,288.0,2020-08-18,2020-08-17,92.43,111.0,70.0,21.14,6.49,0.04
2020,37,HUR009,238.0,2020-09-11,2020-09-07,74.57,103.0,54.0,18.03,8.51,0.0
2020,38,HUR009,12.0,2020-09-16,2020-09-14,82.14,100.0,63.0,14.82,5.53,0.0
2020,41,HUR009,183.0,2020-10-07,2020-10-05,73.43,94.0,55.0,16.64,4.5,0.0
2021,23,HUR009,2.0,2021-06-02,2021-05-31,85.43,105.0,62.0,11.61,7.33,0.0
2021,24,HUR009,0.0,2021-06-08,2021-06-07,80.57,105.0,58.0,10.22,9.06,0.0
2021,26,HUR009,2.0,2021-06-22,2021-06-21,87.43,106.0,68.0,18.49,9.26,0.01
2021,27,HUR009,20.0,2021-06-29,2021-06-28,87.86,105.0,72.0,22.67,8.24,0.01
2021,29,HUR009,1.0,2021-07-13,2021-07-12,87.71,109.0,69.0,42.67,8.01,0.01
2021,30,HUR009,11.0,2021-07-20,2021-07-19,87.43,103.0,72.0,48.8,6.99,0.0
2021,31,HUR009,21.0,2021-07-28,2021-07-26,84.43,102.0,70.0,50.97,6.57,0.0
2021,32,HUR009,10.0,2021-08-03,2021-08-02,89.71,109.0,67.0,20.41,6.91,0.0
2021,33,HUR009,0.0,2021-08-10,2021-08-09,89.14,105.0,71.0,30.35,7.0,0.0
2021,34,HUR009,19.0,2021-08-17,2021-08-16,83.57,104.0,63.0,33.14,9.8,0.0
2021,35,HUR009,19.0,2021-08-24,2021-08-23,85.0,105.0,64.0,16.53,5.1,0.0
2021,36,HUR009,0.0,2021-08-31,2021-08-30,82.65,103.0,66.0,39.27,5.46,0.0
2021,37,HUR009,0.0,2021-09-08,2021-09-06,87.43,105.0,70.0,23.57,5.31,0.0
2021,38,HUR009,0.0,2021-09-14,2021-09-13,79.71,100.0,60.0,26.2,5.8,0.01
2021,39,HUR009,29.0,2021-09-21,2021-09-20,76.43,94.0,56.0,21.3,5.19,0.0
2021,40,HUR009,19.0,2021-09-28,2021-09-27,71.0,90.0,50.0,29.84,5.99,0.0
2021,41,HUR009,15.0,2021-10-05,2021-10-04,67.0,88.0,49.0,56.54,5.14,0.01
2022,19,HUR009,0.0,2022-05-11,2022-05-09,66.57,98.0,48.0,14.1,7.17,0.0
2022,21,HUR009,0.0,2022-05-24,2022-05-23,77.71,100.0,55.0,13.06,9.49,0.0
2022,23,HUR009,2.0,2022-06-07,2022-06-06,87.86,106.0,69.0,14.97,8.09,0.0
2022,24,HUR009,1.0,2022-06-14,2022-06-13,81.43,106.0,62.0,11.75,11.51,0.0
2022,25,HUR009,1.0,2022-06-21,2022-06-20,83.14,103.0,57.0,17.12,7.33,0.01
2022,28,HUR009,7.0,2022-07-12,2022-07-11,93.71,108.0,77.0,24.37,8.04,0.02
2022,29,HUR009,2.0,2022-07-19,2022-07-18,93.57,110.0,79.0,23.5,8.01,0.03
2022,32,HUR009,5.0,2022-08-09,2022-08-08,85.43,104.0,73.0,46.98,6.6,0.15
2022,34,HUR009,14.0,2022-08-23,2022-08-22,85.86,103.0,69.0,37.01,5.5,0.47
2022,36,HUR009,26.0,2022-09-07,2022-09-05,87.29,111.0,66.0,31.95,6.51,0.01
2022,37,HUR009,2.0,2022-09-13,2022-09-12,75.14,92.0,61.0,56.31,6.79,1.08
2022,39,HUR009,257.0,2022-09-27,2022-09-26,77.79,95.0,60.0,35.98,4.8,0.44
2022,40,HUR009,19.0,2022-10-04,2022-10-03,73.52,88.0,58.0,36.66,4.44,0.01
2022,41,HUR009,5.0,2022-10-11,2022-10-10,71.14,87.0,55.0,27.73,4.26,0.0
2023,22,HUR009,15.0,2023-05-31,2023-05-29,75.71,94.0,57.0,21.94,7.03,0.02
2023,23,HUR009,28.0,2023-06-06,2023-06-05,77.16,97.0,61.0,18.28,8.09,0.01
2023,24,HUR009,18.0,2023-06-13,2023-06-12,75.71,98.0,57.0,37.66,7.94,0.09
2023,25,HUR009,26.0,2023-06-21,2023-06-19,78.43,97.0,57.0,11.78,9.56,0.0
2023,26,HUR009,32.0,2023-06-27,2023-06-26,83.29,107.0,64.0,13.59,6.69,0.0
2023,27,HUR009,0.0,2023-07-06,2023-07-03,87.14,109.0,67.0,9.62,7.04,0.0
2023,28,HUR009,10.0,2023-07-11,2023-07-10,92.29,114.0,73.0,16.33,6.26,0.0
2023,29,HUR009,41.0,2023-07-18,2023-07-17,95.14,112.0,77.0,19.31,8.4,0.0
2023,30,HUR009,3.0,2023-07-26,2023-07-24,92.29,109.0,74.0,24.69,9.04,0.02
2023,31,HUR009,63.0,2023-08-01,2023-07-31,83.14,103.0,67.0,38.68,5.63,0.47
2023,32,HUR009,55.0,2023-08-08,2023-08-07,83.57,103.0,65.0,31.35,7.11,0.2
2023,33,HUR009,27.0,2023-08-15,2023-08-14,82.57,101.0,65.0,50.17,6.24,0.21
2023,35,HUR009,24.0,2023-08-29,2023-08-28,81.46,106.0,65.0,50.86,6.43,2.76
2023,36,HUR009,5.0,2023-09-06,2023-09-04,77.24,98.0,62.0,44.32,4.47,0.02
2023,37,HUR009,66.0,2023-09-12,2023-09-11,76.86,94.0,61.0,45.56,3.95,0.04
2023,38,HUR009,20.0,2023-09-19,2023-09-18,72.14,92.0,53.0,37.06,5.07,0.05
2023,39,HUR009,135.0,2023-09-26,2023-09-25,71.43,91.0,52.0,33.39,6.0,0.04
2023,40,HUR009,54.0,2023-10-03,2023-10-02,68.07,89.0,48.0,41.49,4.69,0.19
2023,41,HUR009,21.0,2023-10-10,2023-10-09,66.29,88.0,46.0,30.17,5.31,0.0
2023,42,HUR009,3.0,2023-10-17,2023-10-16,70.86,89.0,50.0,26.1,3.17,0.0
2024,21,HUR009,1.0,2024-05-21,2024-05-20,73.14,89.0,52.0,17.04,10.24,0.0
2024,23,HUR009,6.0,2024-06-05,2024-06-03,87.71,108.0,69.0,15.77,7.36,0.0
2024,24,HUR009,15.0,2024-06-12,2024-06-10,87.06,105.0,68.0,11.63,7.06,0.0
2024,25,HUR009,1.0,2024-06-20,2024-06-17,84.86,106.0,63.0,14.44,8.46,0.0
2024,27,HUR009,12.0,2024-07-03,2024-07-01,91.14,112.0,73.0,9.89,8.01,0.0
2024,28,HUR009,8.0,2024-07-09,2024-07-08,93.9,114.0,75.0,13.82,6.95,0.02
2024,30,HUR009,2.0,2024-07-24,2024-07-22,92.29,108.0,70.0,23.47,8.79,0.09
2024,31,HUR009,34.0,2024-07-31,2024-07-29,89.29,106.0,69.0,19.72,6.89,0.01
2024,32,HUR009,24.0,2024-08-08,2024-08-05,92.57,109.0,79.0,29.7,9.17,0.03
2024,33,HUR009,58.0,2024-08-13,2024-08-12,87.86,103.0,71.0,30.48,8.99,1.23
2024,34,HUR009,88.0,2024-08-20,2024-08-19,84.71,104.0,68.0,33.33,11.16,0.11
2024,36,HUR009,38.0,2024-09-04,2024-09-02,87.3,103.0,70.0,19.12,6.56,0.01
2024,37,HUR009,66.0,2024-09-11,2024-09-09,82.19,100.0,61.0,19.17,8.0,0.0
2025,18,HUR009,1.0,2025-04-29,2025-04-28,67.29,86.0,48.0,30.31,7.6,0.1
2025,20,HUR009,7.0,2025-05-14,2025-05-12,68.43,92.0,51.0,24.01,11.31,0.04
2025,21,HUR009,0.0,2025-05-20,2025-05-19,76.29,97.0,54.0,14.39,7.89,0.0
2025,22,HUR009,2.0,2025-05-28,2025-05-26,83.71,104.0,62.0,13.95,6.5,0.0
2025,23,HUR009,2.0,2025-06-03,2025-06-02,78.84,101.0,59.0,39.72,7.61,1.74
2025,24,HUR009,1.0,2025-06-10,2025-06-09,88.43,105.0,71.0,13.16,8.49,0.0
2025,25,HUR009,0.0,2025-06-17,2025-06-16,86.43,107.0,62.0,8.95,11.21,0.0
2025,26,HUR009,0.0,2025-06-24,2025-06-23,82.86,102.0,64.0,12.5,6.21,0.0
2025,27,HUR009,5.0,2025-07-01,2025-06-30,88.18,106.0,69.0,19.18,9.14,0.01
2025,28,HUR009,4.0,2025-07-08,2025-07-07,91.55,108.0,70.0,13.12,6.7,0.0
2025,29,HUR009,1.0,2025-07-15,2025-07-14,89.86,109.0,73.0,24.03,8.79,0.0
2025,30,HUR009,39.0,2025-07-22,2025-07-21,84.17,99.0,68.0,14.91,7.65,0.15
2025,31,HUR009,1.0,2025-07-29,2025-07-28,87.29,104.0,68.0,10.27,7.41,0.0
2025,32,HUR009,2.0,2025-08-05,2025-08-04,90.86,108.0,74.0,10.49,8.59,0.0
2025,33,HUR009,7.0,2025-08-12,2025-08-11,89.0,108.0,70.0,20.38,8.13,0.23
2025,35,HUR009,2.0,2025-08-26,2025-08-25,78.8,80.0,77.0,47.6,4.8,0.0
2020,37,HUR009-EX,265.0,2020-09-11,2020-09-07,74.57,103.0,54.0,18.03,8.51,0.0
2020,38,HUR009-EX,88.0,2020-09-16,2020-09-14,82.14,100.0,63.0,14.82,5.53,0.0
2018,36,HUR009-Ex,277.0,2018-09-06,2018-09-03,82.29,101.0,66.0,30.0,5.73,0.14
2018,14,HUR010,1.0,2018-04-05,2018-04-02,65.14,86.0,42.0,28.12,7.03,0.21
2018,15,HUR010,0.0,2018-04-12,2018-04-09,63.46,89.0,41.0,20.22,10.2,0.0
2018,16,HUR010,9.0,2018-04-19,2018-04-16,61.57,85.0,40.0,25.9,10.43,0.07
2018,17,HUR010,25.0,2018-04-26,2018-04-23,73.43,93.0,52.0,15.46,8.84,0.0
2018,18,HUR010,14.0,2018-05-04,2018-04-30,65.14,94.0,44.0,40.18,5.51,0.3
2018,19,HUR010,10.0,2018-05-10,2018-05-07,75.57,98.0,53.0,17.85,8.4,0.0
2018,20,HUR010,2.0,2018-05-17,2018-05-14,73.29,91.0,56.0,18.36,8.04,0.0
2018,21,HUR010,7.0,2018-05-23,2018-05-21,74.29,93.0,56.0,21.16,8.79,0.02
2018,22,HUR010,14.0,2018-05-31,2018-05-28,79.71,100.0,59.0,17.46,8.91,0.0
2018,23,HUR010,18.0,2018-06-07,2018-06-04,83.71,103.0,67.0,11.06,9.74,0.0
2018,24,HUR010,3.0,2018-06-14,2018-06-11,85.0,104.0,66.0,17.22,10.77,0.0
2018,25,HUR010,2.0,2018-06-21,2018-06-18,86.0,106.0,63.0,12.23,7.69,0.0
2018,26,HUR010,1.0,2018-06-28,2018-06-25,87.97,105.0,69.0,10.63,8.06,0.0
2018,27,HUR010,1.0,2018-07-06,2018-07-02,90.71,108.0,73.0,16.33,9.23,0.01
2018,28,HUR010,0.0,2018-07-12,2018-07-09,86.43,105.0,69.0,49.03,7.43,0.04
2018,29,HUR010,0.0,2018-07-19,2018-07-16,89.71,106.0,71.0,39.86,8.12,0.01
2018,30,HUR010,109.0,2018-07-27,2018-07-23,93.43,110.0,76.0,24.21,7.73,0.0
2018,31,HUR010,82.0,2018-08-02,2018-07-30,90.68,107.0,71.0,31.48,7.53,0.3
2018,32,HUR010,51.0,2018-08-09,2018-08-06,88.14,107.0,67.0,26.12,6.96,0.13
2018,33,HUR010,5.0,2018-08-16,2018-08-13,88.28,105.0,70.0,32.05,7.08,0.02
2018,35,HUR010,2.0,2018-08-30,2018-08-27,82.6,98.0,63.0,20.41,5.97,0.0
2019,17,HUR010,22.0,2019-04-24,2019-04-22,71.29,91.0,47.0,33.57,6.59,0.01
2019,18,HUR010,0.0,2019-05-01,2019-04-29,63.71,88.0,45.0,41.02,6.13,0.06
2019,19,HUR010,49.0,2019-05-07,2019-05-06,65.72,84.0,50.0,46.66,6.97,1.03
2019,20,HUR010,31.0,2019-05-15,2019-05-13,66.43,89.0,44.0,37.1,8.59,0.05
2019,23,HUR010,16.0,2019-06-05,2019-06-03,79.1,98.0,60.0,22.42,8.93,0.0
2019,24,HUR010,8.0,2019-06-13,2019-06-10,82.74,103.0,61.0,19.82,6.11,0.03
2019,25,HUR010,5.0,2019-06-19,2019-06-17,79.49,99.0,57.0,24.11,8.11,0.01
2019,26,HUR010,19.0,2019-06-27,2019-06-24,83.11,100.0,63.0,15.7,8.24,0.01
2019,27,HUR010,10.0,2019-07-03,2019-07-01,84.14,101.0,66.0,14.45,7.61,0.0
2019,28,HUR010,10.0,2019-07-10,2019-07-08,87.71,106.0,68.0,18.12,7.13,0.01
2019,29,HUR010,1.0,2019-07-17,2019-07-15,88.14,107.0,70.0,14.48,7.39,0.0
2019,30,HUR010,8.0,2019-07-24,2019-07-22,89.64,106.0,70.0,29.3,6.67,0.02
2019,31,HUR010,2.0,2019-07-31,2019-07-29,89.44,107.0,69.0,29.18,6.86,0.03
2019,32,HUR010,19.0,2019-08-07,2019-08-05,88.64,107.0,74.0,29.96,9.1,0.0
2019,33,HUR010,1.0,2019-08-14,2019-08-12,88.17,105.0,69.0,12.19,5.71,0.0
2019,34,HUR010,0.0,2019-08-21,2019-08-19,85.43,104.0,68.0,15.05,5.87,0.0
2019,35,HUR010,0.0,2019-08-28,2019-08-26,87.43,105.0,68.0,21.23,5.8,0.01
2019,36,HUR010,0.0,2019-09-04,2019-09-02,87.71,103.0,72.0,26.15,7.17,0.01
2019,37,HUR010,0.0,2019-09-11,2019-09-09,78.29,98.0,60.0,19.35,7.39,0.0
2022,29,Hidden Valley-SR SITES,12.0,2022-07-19,2022-07-18,93.57,110.0,79.0,23.5,8.01,0.03
2018,14,IVI001,6.0,2018-04-03,2018-04-02,65.14,86.0,42.0,28.12,7.03,0.21
2018,15,IVI001,6.0,2018-04-10,2018-04-09,63.46,89.0,41.0,20.22,10.2,0.0
2018,16,IVI001,0.0,2018-04-17,2018-04-16,61.57,85.0,40.0,25.9,10.43,0.07
2018,17,IVI001,8.0,2018-04-24,2018-04-23,73.43,93.0,52.0,15.46,8.84,0.0
2018,18,IVI001,4.0,2018-05-01,2018-04-30,65.14,94.0,44.0,40.18,5.51,0.3
2018,19,IVI001,11.0,2018-05-08,2018-05-07,75.57,98.0,53.0,17.85,8.4,0.0
2018,20,IVI001,3.0,2018-05-15,2018-05-14,73.29,91.0,56.0,18.36,8.04,0.0
2018,21,IVI001,3.0,2018-05-22,2018-05-21,74.29,93.0,56.0,21.16,8.79,0.02
2018,22,IVI001,6.0,2018-05-29,2018-05-28,79.71,100.0,59.0,17.46,8.91,0.0
2018,23,IVI001,7.0,2018-06-05,2018-06-04,83.71,103.0,67.0,11.06,9.74,0.0
2018,24,IVI001,14.0,2018-06-12,2018-06-11,85.0,104.0,66.0,17.22,10.77,0.0
2018,25,IVI001,8.0,2018-06-19,2018-06-18,86.0,106.0,63.0,12.23,7.69,0.0
2018,26,IVI001,4.0,2018-06-26,2018-06-25,87.97,105.0,69.0,10.63,8.06,0.0
2018,27,IVI001,12.0,2018-07-02,2018-07-02,90.71,108.0,73.0,16.33,9.23,0.01
2018,28,IVI001,2.0,2018-07-10,2018-07-09,86.43,105.0,69.0,49.03,7.43,0.04
2018,29,IVI001,15.0,2018-07-17,2018-07-16,89.71,106.0,71.0,39.86,8.12,0.01
2018,30,IVI001,9.0,2018-07-23,2018-07-23,93.43,110.0,76.0,24.21,7.73,0.0
2018,31,IVI001,22.0,2018-07-31,2018-07-30,90.68,107.0,71.0,31.48,7.53,0.3
2018,32,IVI001,8.0,2018-08-07,2018-08-06,88.14,107.0,67.0,26.12,6.96,0.13
2018,33,IVI001,0.0,2018-08-14,2018-08-13,88.28,105.0,70.0,32.05,7.08,0.02
2018,34,IVI001,29.0,2018-08-21,2018-08-20,84.43,105.0,67.0,41.61,9.19,0.81
2018,35,IVI001,4.0,2018-08-28,2018-08-27,82.6,98.0,63.0,20.41,5.97,0.0
2019,20,IVI001,2.0,2019-05-15,2019-05-13,66.43,89.0,44.0,37.1,8.59,0.05
2019,21,IVI001,0.0,2019-05-22,2019-05-20,59.86,82.0,46.0,51.86,8.06,0.2
2019,22,IVI001,6.0,2019-05-30,2019-05-27,68.09,91.0,49.0,40.99,6.13,0.14
2019,23,IVI001,1.0,2019-06-04,2019-06-03,79.1,98.0,60.0,22.42,8.93,0.0
2019,24,IVI001,6.0,2019-06-12,2019-06-10,82.74,103.0,61.0,19.82,6.11,0.03
2019,25,IVI001,13.0,2019-06-18,2019-06-17,79.49,99.0,57.0,24.11,8.11,0.01
2019,26,IVI001,0.0,2019-06-25,2019-06-24,83.11,100.0,63.0,15.7,8.24,0.01
2019,27,IVI001,25.0,2019-07-02,2019-07-01,84.14,101.0,66.0,14.45,7.61,0.0
2019,28,IVI001,31.0,2019-07-09,2019-07-08,87.71,106.0,68.0,18.12,7.13,0.01
2019,29,IVI001,37.0,2019-07-16,2019-07-15,88.14,107.0,70.0,14.48,7.39,0.0
2019,30,IVI001,83.0,2019-07-23,2019-07-22,89.64,106.0,70.0,29.3,6.67,0.02
2019,31,IVI001,150.0,2019-07-30,2019-07-29,89.44,107.0,69.0,29.18,6.86,0.03
2019,32,IVI001,85.0,2019-08-06,2019-08-05,88.64,107.0,74.0,29.96,9.1,0.0
2019,33,IVI001,27.0,2019-08-13,2019-08-12,88.17,105.0,69.0,12.19,5.71,0.0
2019,34,IVI001,47.0,2019-08-20,2019-08-19,85.43,104.0,68.0,15.05,5.87,0.0
2019,35,IVI001,56.0,2019-08-27,2019-08-26,87.43,105.0,68.0,21.23,5.8,0.01
2019,36,IVI001,53.0,2019-09-04,2019-09-02,87.71,103.0,72.0,26.15,7.17,0.01
2019,37,IVI001,9.0,2019-09-10,2019-09-09,78.29,98.0,60.0,19.35,7.39,0.0
2019,38,IVI001,40.0,2019-09-17,2019-09-16,74.0,94.0,52.0,18.87,9.07,0.0
2019,39,IVI001,30.0,2019-09-24,2019-09-23,73.57,92.0,55.0,31.41,8.87,0.01
2019,40,IVI001,9.0,2019-10-01,2019-09-30,63.71,85.0,43.0,16.92,5.23,0.0
2019,41,IVI001,11.0,2019-10-08,2019-10-07,60.86,86.0,35.0,13.51,5.99,0.0
2019,42,IVI001,16.0,2019-10-17,2019-10-14,62.24,84.0,42.0,21.21,5.13,0.0
2020,17,IVI001,4.0,2020-04-21,2020-04-20,66.0,86.0,47.0,42.3,5.31,0.21
2020,18,IVI001,5.0,2020-04-28,2020-04-27,74.57,94.0,54.0,23.42,6.04,0.0
2020,19,IVI001,6.0,2020-05-05,2020-05-04,73.86,93.0,52.0,17.28,6.43,0.01
2020,20,IVI001,13.0,2020-05-12,2020-05-11,73.57,93.0,56.0,23.1,9.91,0.0
2020,21,IVI001,6.0,2020-05-19,2020-05-18,67.71,91.0,48.0,21.27,11.93,0.0
2020,22,IVI001,32.0,2020-05-27,2020-05-25,82.57,104.0,56.0,16.38,7.0,0.0
2020,23,IVI001,17.0,2020-06-02,2020-06-01,82.0,103.0,61.0,17.6,9.17,0.01
2020,25,IVI001,44.0,2020-06-16,2020-06-15,81.29,101.0,63.0,14.2,9.71,0.0
2020,26,IVI001,90.0,2020-06-23,2020-06-22,88.57,105.0,69.0,14.3,9.31,0.0
2020,27,IVI001,31.0,2020-06-30,2020-06-29,81.86,103.0,55.0,17.66,8.37,0.0
2020,28,IVI001,102.0,2020-07-07,2020-07-06,89.14,109.0,67.0,11.29,7.21,0.0
2020,29,IVI001,281.0,2020-07-14,2020-07-13,91.29,109.0,72.0,14.58,7.94,0.0
2020,30,IVI001,84.0,2020-07-21,2020-07-20,88.71,106.0,72.0,23.53,9.24,0.0
2020,31,IVI001,44.0,2020-07-28,2020-07-27,91.2,110.0,69.0,14.51,6.36,0.01
2020,32,IVI001,20.0,2020-08-04,2020-08-03,86.29,104.0,66.0,11.15,7.09,0.0
2020,33,IVI001,48.0,2020-08-11,2020-08-10,87.86,111.0,66.0,13.36,5.31,0.0
2020,34,IVI001,52.0,2020-08-18,2020-08-17,92.43,111.0,70.0,21.14,6.49,0.04
2020,35,IVI001,26.0,2020-08-25,2020-08-24,88.14,105.0,68.0,24.84,6.4,0.0
2020,36,IVI001,13.0,2020-09-01,2020-08-31,86.29,110.0,66.0,13.93,6.01,0.0
2020,37,IVI001,20.0,2020-09-08,2020-09-07,74.57,103.0,54.0,18.03,8.51,0.0
2020,38,IVI001,60.0,2020-09-15,2020-09-14,82.14,100.0,63.0,14.82,5.53,0.0
2020,39,IVI001,43.0,2020-09-22,2020-09-21,79.57,97.0,59.0,20.6,6.17,0.02
2020,40,IVI001,21.0,2020-09-29,2020-09-28,76.0,96.0,55.0,11.26,4.74,0.0
2020,41,IVI001,31.0,2020-10-06,2020-10-05,73.43,94.0,55.0,16.64,4.5,0.0
2020,42,IVI001,23.0,2020-10-13,2020-10-12,69.57,91.0,49.0,17.43,4.46,0.0
2020,43,IVI001,24.0,2020-10-20,2020-10-19,64.33,88.0,41.0,24.37,4.75,0.0
2020,44,IVI001,3.0,2020-10-29,2020-10-26,55.14,78.0,32.0,20.33,6.01,0.0
2020,45,IVI001,8.0,2020-11-05,2020-11-02,61.14,85.0,37.0,38.65,6.41,0.18
2021,15,IVI001,2.0,2021-04-06,2021-04-05,64.14,84.0,43.0,14.12,6.69,0.0
2021,16,IVI001,0.0,2021-04-13,2021-04-12,61.57,82.0,44.0,23.05,10.11,0.0
2021,17,IVI001,1.0,2021-04-20,2021-04-19,67.76,83.0,47.0,16.96,11.02,0.0
2021,18,IVI001,7.0,2021-04-29,2021-04-26,66.86,93.0,44.0,32.05,8.74,0.29
2021,19,IVI001,7.0,2021-05-04,2021-05-03,71.57,94.0,52.0,17.44,8.44,0.0
2021,20,IVI001,5.0,2021-05-11,2021-05-10,73.86,93.0,53.0,13.04,8.36,0.0
2021,21,IVI001,21.0,2021-05-19,2021-05-17,68.86,94.0,46.0,18.96,11.83,0.01
2021,22,IVI001,2.0,2021-05-25,2021-05-24,75.71,95.0,52.0,12.2,6.24,0.0
2021,23,IVI001,4.0,2021-06-02,2021-05-31,85.43,105.0,62.0,11.61,7.33,0.0
2021,24,IVI001,23.0,2021-06-08,2021-06-07,80.57,105.0,58.0,10.22,9.06,0.0
2021,25,IVI001,58.0,2021-06-15,2021-06-14,93.57,112.0,74.0,10.62,6.11,0.0
2021,26,IVI001,78.0,2021-06-22,2021-06-21,87.43,106.0,68.0,18.49,9.26,0.01
2021,27,IVI001,74.0,2021-07-01,2021-06-28,87.86,105.0,72.0,22.67,8.24,0.01
2021,28,IVI001,164.0,2021-07-06,2021-07-05,97.0,114.0,77.0,14.18,6.67,0.0
2021,29,IVI001,120.0,2021-07-13,2021-07-12,87.71,109.0,69.0,42.67,8.01,0.01
2021,30,IVI001,27.0,2021-07-20,2021-07-19,87.43,103.0,72.0,48.8,6.99,0.0
2021,31,IVI001,33.0,2021-07-28,2021-07-26,84.43,102.0,70.0,50.97,6.57,0.0
2021,32,IVI001,13.0,2021-08-03,2021-08-02,89.71,109.0,67.0,20.41,6.91,0.0
2021,33,IVI001,10.0,2021-08-10,2021-08-09,89.14,105.0,71.0,30.35,7.0,0.0
2021,34,IVI001,4.0,2021-08-17,2021-08-16,83.57,104.0,63.0,33.14,9.8,0.0
2021,35,IVI001,1.0,2021-08-24,2021-08-23,85.0,105.0,64.0,16.53,5.1,0.0
2021,36,IVI001,0.0,2021-08-31,2021-08-30,82.65,103.0,66.0,39.27,5.46,0.0
2021,37,IVI001,0.0,2021-09-08,2021-09-06,87.43,105.0,70.0,23.57,5.31,0.0
2021,38,IVI001,16.0,2021-09-14,2021-09-13,79.71,100.0,60.0,26.2,5.8,0.01
2021,39,IVI001,7.0,2021-09-21,2021-09-20,76.43,94.0,56.0,21.3,5.19,0.0
2021,40,IVI001,17.0,2021-09-28,2021-09-27,71.0,90.0,50.0,29.84,5.99,0.0
2021,41,IVI001,19.0,2021-10-05,2021-10-04,67.0,88.0,49.0,56.54,5.14,0.01
2021,47,IVI001,2.0,2021-11-16,2021-11-15,53.71,71.0,34.0,36.68,3.89,0.0
2021,48,IVI001,1.0,2021-11-23,2021-11-22,47.57,65.0,29.0,31.8,4.29,0.0
2022,18,IVI001,3.0,2022-05-03,2022-05-02,70.86,92.0,49.0,18.29,11.53,0.0
2022,19,IVI001,4.0,2022-05-11,2022-05-09,66.57,98.0,48.0,14.1,7.17,0.0
2022,21,IVI001,6.0,2022-05-24,2022-05-23,77.71,100.0,55.0,13.06,9.49,0.0
2022,22,IVI001,2.0,2022-05-31,2022-05-30,75.14,96.0,52.0,15.4,8.04,0.0
2022,23,IVI001,34.0,2022-06-07,2022-06-06,87.86,106.0,69.0,14.97,8.09,0.0
2022,24,IVI001,13.0,2022-06-14,2022-06-13,81.43,106.0,62.0,11.75,11.51,0.0
2022,25,IVI001,10.0,2022-06-21,2022-06-20,83.14,103.0,57.0,17.12,7.33,0.01
2022,26,IVI001,59.0,2022-06-28,2022-06-27,90.29,104.0,75.0,20.08,10.89,0.01
2022,27,IVI001,63.0,2022-07-06,2022-07-04,87.86,106.0,70.0,13.85,8.8,0.0
2022,28,IVI001,33.0,2022-07-12,2022-07-11,93.71,108.0,77.0,24.37,8.04,0.02
2022,29,IVI001,21.0,2022-07-19,2022-07-18,93.57,110.0,79.0,23.5,8.01,0.03
2022,31,IVI001,32.0,2022-08-02,2022-08-01,87.29,102.0,73.0,42.64,6.47,0.08
2022,32,IVI001,11.0,2022-08-09,2022-08-08,85.43,104.0,73.0,46.98,6.6,0.15
2022,33,IVI001,5.0,2022-08-16,2022-08-15,84.43,99.0,71.0,49.42,6.64,0.04
2022,34,IVI001,14.0,2022-08-23,2022-08-22,85.86,103.0,69.0,37.01,5.5,0.47
2022,35,IVI001,20.0,2022-08-30,2022-08-29,90.71,108.0,71.0,22.05,4.3,0.0
2022,36,IVI001,14.0,2022-09-07,2022-09-05,87.29,111.0,66.0,31.95,6.51,0.01
2022,37,IVI001,17.0,2022-09-13,2022-09-12,75.14,92.0,61.0,56.31,6.79,1.08
2022,38,IVI001,31.0,2022-09-20,2022-09-19,77.57,93.0,59.0,31.61,5.53,0.0
2022,39,IVI001,23.0,2022-09-27,2022-09-26,77.79,95.0,60.0,35.98,4.8,0.44
2022,40,IVI001,5.0,2022-10-04,2022-10-03,73.52,88.0,58.0,36.66,4.44,0.01
2023,15,IVI001,11.0,2023-04-11,2023-04-10,64.14,90.0,43.0,27.49,6.81,0.02
2023,16,IVI001,2.0,2023-04-18,2023-04-17,61.14,83.0,38.0,24.14,9.09,0.0
2023,17,IVI001,9.0,2023-04-24,2023-04-24,68.86,92.0,51.0,23.36,6.47,0.01
2023,18,IVI001,3.0,2023-05-02,2023-05-01,65.57,89.0,48.0,27.54,9.24,0.02
2023,19,IVI001,7.0,2023-05-09,2023-05-08,69.71,88.0,48.0,23.51,8.79,0.01
2023,20,IVI001,24.0,2023-05-16,2023-05-15,76.17,91.0,57.0,36.7,7.22,0.17
2023,21,IVI001,17.0,2023-05-23,2023-05-22,76.29,93.0,57.0,22.04,7.76,0.02
2023,22,IVI001,4.0,2023-05-31,2023-05-29,75.71,94.0,57.0,21.94,7.03,0.02
2023,23,IVI001,16.0,2023-06-06,2023-06-05,77.16,97.0,61.0,18.28,8.09,0.01
2023,24,IVI001,7.0,2023-06-13,2023-06-12,75.71,98.0,57.0,37.66,7.94,0.09
2023,25,IVI001,9.0,2023-06-21,2023-06-19,78.43,97.0,57.0,11.78,9.56,0.0
2023,26,IVI001,34.0,2023-06-27,2023-06-26,83.29,107.0,64.0,13.59,6.69,0.0
2023,27,IVI001,118.0,2023-07-04,2023-07-03,87.14,109.0,67.0,9.62,7.04,0.0
2023,28,IVI001,65.0,2023-07-11,2023-07-10,92.29,114.0,73.0,16.33,6.26,0.0
2023,29,IVI001,101.0,2023-07-18,2023-07-17,95.14,112.0,77.0,19.31,8.4,0.0
2023,30,IVI001,92.0,2023-07-26,2023-07-24,92.29,109.0,74.0,24.69,9.04,0.02
2023,31,IVI001,19.0,2023-08-01,2023-07-31,83.14,103.0,67.0,38.68,5.63,0.47
2023,32,IVI001,60.0,2023-08-08,2023-08-07,83.57,103.0,65.0,31.35,7.11,0.2
2023,33,IVI001,52.0,2023-08-15,2023-08-14,82.57,101.0,65.0,50.17,6.24,0.21
2023,35,IVI001,54.0,2023-08-29,2023-08-28,81.46,106.0,65.0,50.86,6.43,2.76
2023,37,IVI001,29.0,2023-09-12,2023-09-11,76.86,94.0,61.0,45.56,3.95,0.04
2023,38,IVI001,34.0,2023-09-19,2023-09-18,72.14,92.0,53.0,37.06,5.07,0.05
2023,39,IVI001,49.0,2023-09-26,2023-09-25,71.43,91.0,52.0,33.39,6.0,0.04
2023,40,IVI001,8.0,2023-10-03,2023-10-02,68.07,89.0,48.0,41.49,4.69,0.19
2023,41,IVI001,54.0,2023-10-10,2023-10-09,66.29,88.0,46.0,30.17,5.31,0.0
2023,42,IVI001,29.0,2023-10-17,2023-10-16,70.86,89.0,50.0,26.1,3.17,0.0
2023,43,IVI001,19.0,2023-10-24,2023-10-23,59.86,78.0,41.0,34.92,7.0,0.0
2018,14,IVI002,0.0,2018-04-03,2018-04-02,65.14,86.0,42.0,28.12,7.03,0.21
2018,15,IVI002,0.0,2018-04-10,2018-04-09,63.46,89.0,41.0,20.22,10.2,0.0
2018,16,IVI002,0.0,2018-04-17,2018-04-16,61.57,85.0,40.0,25.9,10.43,0.07
2018,17,IVI002,1.0,2018-04-24,2018-04-23,73.43,93.0,52.0,15.46,8.84,0.0
2018,18,IVI002,0.0,2018-05-01,2018-04-30,65.14,94.0,44.0,40.18,5.51,0.3
2018,19,IVI002,0.0,2018-05-08,2018-05-07,75.57,98.0,53.0,17.85,8.4,0.0
2018,20,IVI002,0.0,2018-05-15,2018-05-14,73.29,91.0,56.0,18.36,8.04,0.0
2018,21,IVI002,0.0,2018-05-22,2018-05-21,74.29,93.0,56.0,21.16,8.79,0.02
2018,22,IVI002,0.0,2018-05-29,2018-05-28,79.71,100.0,59.0,17.46,8.91,0.0
2018,23,IVI002,10.0,2018-06-05,2018-06-04,83.71,103.0,67.0,11.06,9.74,0.0
2018,24,IVI002,12.0,2018-06-12,2018-06-11,85.0,104.0,66.0,17.22,10.77,0.0
2018,25,IVI002,29.0,2018-06-19,2018-06-18,86.0,106.0,63.0,12.23,7.69,0.0
2018,26,IVI002,26.0,2018-06-26,2018-06-25,87.97,105.0,69.0,10.63,8.06,0.0
2018,27,IVI002,14.0,2018-07-02,2018-07-02,90.71,108.0,73.0,16.33,9.23,0.01
2018,28,IVI002,19.0,2018-07-10,2018-07-09,86.43,105.0,69.0,49.03,7.43,0.04
2018,29,IVI002,5.0,2018-07-17,2018-07-16,89.71,106.0,71.0,39.86,8.12,0.01
2018,30,IVI002,5.0,2018-07-23,2018-07-23,93.43,110.0,76.0,24.21,7.73,0.0
2018,31,IVI002,7.0,2018-07-31,2018-07-30,90.68,107.0,71.0,31.48,7.53,0.3
2018,32,IVI002,2.0,2018-08-07,2018-08-06,88.14,107.0,67.0,26.12,6.96,0.13
2018,33,IVI002,2.0,2018-08-14,2018-08-13,88.28,105.0,70.0,32.05,7.08,0.02
2018,34,IVI002,16.0,2018-08-21,2018-08-20,84.43,105.0,67.0,41.61,9.19,0.81
2018,35,IVI002,7.0,2018-08-28,2018-08-27,82.6,98.0,63.0,20.41,5.97,0.0
2018,36,IVI002,2.0,2018-09-05,2018-09-03,82.29,101.0,66.0,30.0,5.73,0.14
2018,37,IVI002,15.0,2018-09-11,2018-09-10,83.06,99.0,63.0,16.28,8.08,0.0
2018,39,IVI002,15.0,2018-09-25,2018-09-24,78.29,94.0,57.0,18.37,6.69,0.0
2018,41,IVI002,3.0,2018-10-10,2018-10-08,61.14,77.0,46.0,43.6,8.24,0.01
2018,42,IVI002,0.0,2018-10-16,2018-10-15,59.43,82.0,41.0,38.75,6.56,0.06
2019,20,IVI002,1.0,2019-05-15,2019-05-13,66.43,89.0,44.0,37.1,8.59,0.05
2019,21,IVI002,0.0,2019-05-22,2019-05-20,59.86,82.0,46.0,51.86,8.06,0.2
2019,22,IVI002,3.0,2019-05-30,2019-05-27,68.09,91.0,49.0,40.99,6.13,0.14
2019,23,IVI002,7.0,2019-06-04,2019-06-03,79.1,98.0,60.0,22.42,8.93,0.0
2019,24,IVI002,6.0,2019-06-12,2019-06-10,82.74,103.0,61.0,19.82,6.11,0.03
2019,25,IVI002,2.0,2019-06-18,2019-06-17,79.49,99.0,57.0,24.11,8.11,0.01
2019,26,IVI002,5.0,2019-06-25,2019-06-24,83.11,100.0,63.0,15.7,8.24,0.01
2019,27,IVI002,17.0,2019-07-02,2019-07-01,84.14,101.0,66.0,14.45,7.61,0.0
2019,28,IVI002,21.0,2019-07-09,2019-07-08,87.71,106.0,68.0,18.12,7.13,0.01
2019,29,IVI002,24.0,2019-07-16,2019-07-15,88.14,107.0,70.0,14.48,7.39,0.0
2019,30,IVI002,30.0,2019-07-23,2019-07-22,89.64,106.0,70.0,29.3,6.67,0.02
2019,31,IVI002,35.0,2019-07-30,2019-07-29,89.44,107.0,69.0,29.18,6.86,0.03
2019,32,IVI002,25.0,2019-08-06,2019-08-05,88.64,107.0,74.0,29.96,9.1,0.0
2019,33,IVI002,7.0,2019-08-13,2019-08-12,88.17,105.0,69.0,12.19,5.71,0.0
2019,34,IVI002,11.0,2019-08-20,2019-08-19,85.43,104.0,68.0,15.05,5.87,0.0
2019,35,IVI002,8.0,2019-08-27,2019-08-26,87.43,105.0,68.0,21.23,5.8,0.01
2019,36,IVI002,5.0,2019-09-04,2019-09-02,87.71,103.0,72.0,26.15,7.17,0.01
2019,37,IVI002,7.0,2019-09-10,2019-09-09,78.29,98.0,60.0,19.35,7.39,0.0
2019,38,IVI002,12.0,2019-09-17,2019-09-16,74.0,94.0,52.0,18.87,9.07,0.0
2019,39,IVI002,6.0,2019-09-24,2019-09-23,73.57,92.0,55.0,31.41,8.87,0.01
2019,40,IVI002,5.0,2019-10-01,2019-09-30,63.71,85.0,43.0,16.92,5.23,0.0
2019,41,IVI002,3.0,2019-10-08,2019-10-07,60.86,86.0,35.0,13.51,5.99,0.0
2019,42,IVI002,4.0,2019-10-17,2019-10-14,62.24,84.0,42.0,21.21,5.13,0.0
2020,17,IVI002,1.0,2020-04-21,2020-04-20,66.0,86.0,47.0,42.3,5.31,0.21
2020,18,IVI002,0.0,2020-04-28,2020-04-27,74.57,94.0,54.0,23.42,6.04,0.0
2020,19,IVI002,0.0,2020-05-05,2020-05-04,73.86,93.0,52.0,17.28,6.43,0.01
2020,20,IVI002,1.0,2020-05-12,2020-05-11,73.57,93.0,56.0,23.1,9.91,0.0
2020,21,IVI002,3.0,2020-05-19,2020-05-18,67.71,91.0,48.0,21.27,11.93,0.0
2024,23,IVI003,1008.0,2024-06-04,2024-06-03,87.71,108.0,69.0,15.77,7.36,0.0
2024,24,IVI003,94.0,2024-06-11,2024-06-10,87.06,105.0,68.0,11.63,7.06,0.0
2024,25,IVI003,45.0,2024-06-18,2024-06-17,84.86,106.0,63.0,14.44,8.46,0.0
2024,26,IVI003,26.0,2024-06-25,2024-06-24,93.29,108.0,76.0,20.9,10.33,0.0
2024,27,IVI003,378.0,2024-07-02,2024-07-01,91.14,112.0,73.0,9.89,8.01,0.0
2024,28,IVI003,431.0,2024-07-09,2024-07-08,93.9,114.0,75.0,13.82,6.95,0.02
2024,29,IVI003,32.0,2024-07-16,2024-07-15,92.97,108.0,76.0,25.97,8.11,0.11
2024,30,IVI003,56.0,2024-07-23,2024-07-22,92.29,108.0,70.0,23.47,8.79,0.09
2024,31,IVI003,11.0,2024-07-30,2024-07-29,89.29,106.0,69.0,19.72,6.89,0.01
2024,32,IVI003,64.0,2024-08-06,2024-08-05,92.57,109.0,79.0,29.7,9.17,0.03
2024,33,IVI003,63.0,2024-08-13,2024-08-12,87.86,103.0,71.0,30.48,8.99,1.23
2024,34,IVI003,20.0,2024-08-20,2024-08-19,84.71,104.0,68.0,33.33,11.16,0.11
2024,35,IVI003,27.0,2024-08-27,2024-08-26,83.35,102.0,61.0,20.93,5.56,0.01
2024,36,IVI003,49.0,2024-09-03,2024-09-02,87.3,103.0,70.0,19.12,6.56,0.01
2024,37,IVI003,55.0,2024-09-10,2024-09-09,82.19,100.0,61.0,19.17,8.0,0.0
2024,38,IVI003,33.0,2024-09-17,2024-09-16,73.71,91.0,55.0,24.7,7.77,0.02
2024,39,IVI003,44.0,2024-09-24,2024-09-23,82.0,102.0,62.0,16.39,4.43,0.0
2025,13,IVI003,9.0,2025-03-25,2025-03-24,65.0,87.0,45.0,23.01,6.51,0.0
2025,15,IVI003,2.0,2025-04-08,2025-04-07,69.71,91.0,44.0,14.98,5.59,0.0
2025,16,IVI003,4.0,2025-04-15,2025-04-14,63.29,86.0,39.0,26.38,7.81,0.1
2025,17,IVI003,0.0,2025-04-22,2025-04-21,67.02,84.0,46.0,16.54,9.33,0.0
2025,18,IVI003,4.0,2025-04-30,2025-04-28,67.29,86.0,48.0,30.31,7.6,0.1
2025,20,IVI003,414.0,2025-05-14,2025-05-12,68.43,92.0,51.0,24.01,11.31,0.04
2025,21,IVI003,258.0,2025-05-20,2025-05-19,76.29,97.0,54.0,14.39,7.89,0.0
2025,22,IVI003,250.0,2025-05-28,2025-05-26,83.71,104.0,62.0,13.95,6.5,0.0
2025,23,IVI003,61.0,2025-06-03,2025-06-02,78.84,101.0,59.0,39.72,7.61,1.74
2025,24,IVI003,99.0,2025-06-10,2025-06-09,88.43,105.0,71.0,13.16,8.49,0.0
2025,25,IVI003,20.0,2025-06-17,2025-06-16,86.43,107.0,62.0,8.95,11.21,0.0
2025,26,IVI003,23.0,2025-06-24,2025-06-23,82.86,102.0,64.0,12.5,6.21,0.0
2025,27,IVI003,32.0,2025-07-01,2025-06-30,88.18,106.0,69.0,19.18,9.14,0.01
2025,28,IVI003,13.0,2025-07-08,2025-07-07,91.55,108.0,70.0,13.12,6.7,0.0
2025,29,IVI003,25.0,2025-07-15,2025-07-14,89.86,109.0,73.0,24.03,8.79,0.0
2025,30,IVI003,22.0,2025-07-22,2025-07-21,84.17,99.0,68.0,14.91,7.65,0.15
2025,31,IVI003,29.0,2025-07-29,2025-07-28,87.29,104.0,68.0,10.27,7.41,0.0
2025,32,IVI003,8.0,2025-08-05,2025-08-04,90.86,108.0,74.0,10.49,8.59,0.0
2025,33,IVI003,28.0,2025-08-12,2025-08-11,89.0,108.0,70.0,20.38,8.13,0.23
2025,34,IVI003,37.0,2025-08-19,2025-08-18,90.28,107.0,70.0,21.51,6.22,0.02
2025,35,IVI003,33.0,2025-08-26,2025-08-25,78.8,80.0,77.0,47.6,4.8,0.0
2018,14,LAV001,1.0,2018-04-05,2018-04-02,65.14,86.0,42.0,28.12,7.03,0.21
2018,15,LAV001,0.0,2018-04-12,2018-04-09,63.46,89.0,41.0,20.22,10.2,0.0
2018,16,LAV001,0.0,2018-04-19,2018-04-16,61.57,85.0,40.0,25.9,10.43,0.07
2018,17,LAV001,0.0,2018-04-26,2018-04-23,73.43,93.0,52.0,15.46,8.84,0.0
2018,19,LAV001,0.0,2018-05-10,2018-05-07,75.57,98.0,53.0,17.85,8.4,0.0
2018,20,LAV001,0.0,2018-05-17,2018-05-14,73.29,91.0,56.0,18.36,8.04,0.0
2018,21,LAV001,1.0,2018-05-23,2018-05-21,74.29,93.0,56.0,21.16,8.79,0.02
2018,22,LAV001,0.0,2018-05-31,2018-05-28,79.71,100.0,59.0,17.46,8.91,0.0
2018,23,LAV001,3.0,2018-06-07,2018-06-04,83.71,103.0,67.0,11.06,9.74,0.0
2018,24,LAV001,2.0,2018-06-14,2018-06-11,85.0,104.0,66.0,17.22,10.77,0.0
2018,25,LAV001,1.0,2018-06-21,2018-06-18,86.0,106.0,63.0,12.23,7.69,0.0
2018,26,LAV001,0.0,2018-06-28,2018-06-25,87.97,105.0,69.0,10.63,8.06,0.0
2018,27,LAV001,3.0,2018-07-06,2018-07-02,90.71,108.0,73.0,16.33,9.23,0.01
2018,28,LAV001,9.0,2018-07-12,2018-07-09,86.43,105.0,69.0,49.03,7.43,0.04
2018,29,LAV001,45.0,2018-07-19,2018-07-16,89.71,106.0,71.0,39.86,8.12,0.01
2018,30,LAV001,189.0,2018-07-27,2018-07-23,93.43,110.0,76.0,24.21,7.73,0.0
2018,31,LAV001,98.0,2018-08-02,2018-07-30,90.68,107.0,71.0,31.48,7.53,0.3
2018,32,LAV001,57.0,2018-08-09,2018-08-06,88.14,107.0,67.0,26.12,6.96,0.13
2018,33,LAV001,28.0,2018-08-16,2018-08-13,88.28,105.0,70.0,32.05,7.08,0.02
2018,35,LAV001,45.0,2018-08-30,2018-08-27,82.6,98.0,63.0,20.41,5.97,0.0
2018,36,LAV001,193.0,2018-09-06,2018-09-03,82.29,101.0,66.0,30.0,5.73,0.14
2018,37,LAV001,106.0,2018-09-12,2018-09-10,83.06,99.0,63.0,16.28,8.08,0.0
2018,38,LAV001,45.0,2018-09-19,2018-09-17,79.86,97.0,60.0,21.28,5.79,0.0
2018,39,LAV001,46.0,2018-09-26,2018-09-24,78.29,94.0,57.0,18.37,6.69,0.0
2019,20,LAV001,13.0,2019-05-15,2019-05-13,66.43,89.0,44.0,37.1,8.59,0.05
2019,23,LAV001,19.0,2019-06-05,2019-06-03,79.1,98.0,60.0,22.42,8.93,0.0
2019,38,LAV001,1.0,2019-09-18,2019-09-16,74.0,94.0,52.0,18.87,9.07,0.0
2019,39,LAV001,0.0,2019-09-25,2019-09-23,73.57,92.0,55.0,31.41,8.87,0.01
2020,21,LAV001,7.0,2020-05-20,2020-05-18,67.71,91.0,48.0,21.27,11.93,0.0
2020,25,LAV001,4.0,2020-06-17,2020-06-15,81.29,101.0,63.0,14.2,9.71,0.0
2021,20,LAV001,1.0,2021-05-11,2021-05-10,73.86,93.0,53.0,13.04,8.36,0.0
2021,21,LAV001,1.0,2021-05-19,2021-05-17,68.86,94.0,46.0,18.96,11.83,0.01
2021,25,LAV001,1.0,2021-06-15,2021-06-14,93.57,112.0,74.0,10.62,6.11,0.0
2021,28,LAV001,20.0,2021-07-07,2021-07-05,97.0,114.0,77.0,14.18,6.67,0.0
2021,33,LAV001,0.0,2021-08-10,2021-08-09,89.14,105.0,71.0,30.35,7.0,0.0
2021,34,LAV001,0.0,2021-08-17,2021-08-16,83.57,104.0,63.0,33.14,9.8,0.0
2021,35,LAV001,0.0,2021-08-24,2021-08-23,85.0,105.0,64.0,16.53,5.1,0.0
2021,36,LAV001,0.0,2021-08-31,2021-08-30,82.65,103.0,66.0,39.27,5.46,0.0
2021,37,LAV001,0.0,2021-09-08,2021-09-06,87.43,105.0,70.0,23.57,5.31,0.0
2021,38,LAV001,0.0,2021-09-14,2021-09-13,79.71,100.0,60.0,26.2,5.8,0.01
2021,39,LAV001,0.0,2021-09-21,2021-09-20,76.43,94.0,56.0,21.3,5.19,0.0
2022,26,LAV001,39.0,2022-06-28,2022-06-27,90.29,104.0,75.0,20.08,10.89,0.01
2022,28,LAV001,30.0,2022-07-12,2022-07-11,93.71,108.0,77.0,24.37,8.04,0.02
2022,31,LAV001,130.0,2022-08-02,2022-08-01,87.29,102.0,73.0,42.64,6.47,0.08
2022,33,LAV001,136.0,2022-08-16,2022-08-15,84.43,99.0,71.0,49.42,6.64,0.04
2022,35,LAV001,13.0,2022-08-30,2022-08-29,90.71,108.0,71.0,22.05,4.3,0.0
2022,38,LAV001,63.0,2022-09-20,2022-09-19,77.57,93.0,59.0,31.61,5.53,0.0
2022,39,LAV001,109.0,2022-09-27,2022-09-26,77.79,95.0,60.0,35.98,4.8,0.44
2022,40,LAV001,63.0,2022-10-04,2022-10-03,73.52,88.0,58.0,36.66,4.44,0.01
2022,41,LAV001,38.0,2022-10-11,2022-10-10,71.14,87.0,55.0,27.73,4.26,0.0
2022,42,LAV001,39.0,2022-10-19,2022-10-17,64.29,85.0,39.0,33.49,6.11,0.34
2023,20,LAV001,15.0,2023-05-16,2023-05-15,76.17,91.0,57.0,36.7,7.22,0.17
2023,21,LAV001,7.0,2023-05-23,2023-05-22,76.29,93.0,57.0,22.04,7.76,0.02
2023,22,LAV001,9.0,2023-05-31,2023-05-29,75.71,94.0,57.0,21.94,7.03,0.02
2023,23,LAV001,11.0,2023-06-06,2023-06-05,77.16,97.0,61.0,18.28,8.09,0.01
2023,24,LAV001,3.0,2023-06-13,2023-06-12,75.71,98.0,57.0,37.66,7.94,0.09
2023,25,LAV001,5.0,2023-06-21,2023-06-19,78.43,97.0,57.0,11.78,9.56,0.0
2023,26,LAV001,1.0,2023-06-27,2023-06-26,83.29,107.0,64.0,13.59,6.69,0.0
2023,27,LAV001,41.0,2023-07-06,2023-07-03,87.14,109.0,67.0,9.62,7.04,0.0
2023,28,LAV001,8.0,2023-07-11,2023-07-10,92.29,114.0,73.0,16.33,6.26,0.0
2023,29,LAV001,27.0,2023-07-18,2023-07-17,95.14,112.0,77.0,19.31,8.4,0.0
2023,30,LAV001,29.0,2023-07-26,2023-07-24,92.29,109.0,74.0,24.69,9.04,0.02
2023,31,LAV001,2.0,2023-08-01,2023-07-31,83.14,103.0,67.0,38.68,5.63,0.47
2023,32,LAV001,37.0,2023-08-08,2023-08-07,83.57,103.0,65.0,31.35,7.11,0.2
2023,33,LAV001,89.0,2023-08-15,2023-08-14,82.57,101.0,65.0,50.17,6.24,0.21
2023,35,LAV001,20.0,2023-08-29,2023-08-28,81.46,106.0,65.0,50.86,6.43,2.76
2023,36,LAV001,7.0,2023-09-06,2023-09-04,77.24,98.0,62.0,44.32,4.47,0.02
2023,37,LAV001,16.0,2023-09-12,2023-09-11,76.86,94.0,61.0,45.56,3.95,0.04
2023,38,LAV001,5.0,2023-09-19,2023-09-18,72.14,92.0,53.0,37.06,5.07,0.05
2023,39,LAV001,11.0,2023-09-26,2023-09-25,71.43,91.0,52.0,33.39,6.0,0.04
2023,40,LAV001,22.0,2023-10-03,2023-10-02,68.07,89.0,48.0,41.49,4.69,0.19
2023,41,LAV001,21.0,2023-10-10,2023-10-09,66.29,88.0,46.0,30.17,5.31,0.0
2023,42,LAV001,13.0,2023-10-17,2023-10-16,70.86,89.0,50.0,26.1,3.17,0.0
2023,43,LAV001,1.0,2023-10-24,2023-10-23,59.86,78.0,41.0,34.92,7.0,0.0
2024,20,LAV001,9.0,2024-05-15,2024-05-13,77.14,94.0,57.0,18.19,8.07,0.0
2024,21,LAV001,45.0,2024-05-21,2024-05-20,73.14,89.0,52.0,17.04,10.24,0.0
2024,23,LAV001,65.0,2024-06-05,2024-06-03,87.71,108.0,69.0,15.77,7.36,0.0
2024,24,LAV001,45.0,2024-06-12,2024-06-10,87.06,105.0,68.0,11.63,7.06,0.0
2024,25,LAV001,61.0,2024-06-20,2024-06-17,84.86,106.0,63.0,14.44,8.46,0.0
2024,26,LAV001,818.0,2024-06-27,2024-06-24,93.29,108.0,76.0,20.9,10.33,0.0
2024,29,LAV001,111.0,2024-07-17,2024-07-15,92.97,108.0,76.0,25.97,8.11,0.11
2024,30,LAV001,110.0,2024-07-24,2024-07-22,92.29,108.0,70.0,23.47,8.79,0.09
2024,31,LAV001,68.0,2024-07-31,2024-07-29,89.29,106.0,69.0,19.72,6.89,0.01
2024,32,LAV001,105.0,2024-08-08,2024-08-05,92.57,109.0,79.0,29.7,9.17,0.03
2024,33,LAV001,219.0,2024-08-13,2024-08-12,87.86,103.0,71.0,30.48,8.99,1.23
2024,34,LAV001,149.0,2024-08-20,2024-08-19,84.71,104.0,68.0,33.33,11.16,0.11
2024,35,LAV001,101.0,2024-08-28,2024-08-26,83.35,102.0,61.0,20.93,5.56,0.01
2024,38,LAV001,97.0,2024-09-18,2024-09-16,73.71,91.0,55.0,24.7,7.77,0.02
2025,18,LAV001,1.0,2025-04-29,2025-04-28,67.29,86.0,48.0,30.31,7.6,0.1
2025,20,LAV001,9.0,2025-05-14,2025-05-12,68.43,92.0,51.0,24.01,11.31,0.04
2025,21,LAV001,0.0,2025-05-20,2025-05-19,76.29,97.0,54.0,14.39,7.89,0.0
2025,22,LAV001,15.0,2025-05-28,2025-05-26,83.71,104.0,62.0,13.95,6.5,0.0
2025,23,LAV001,20.0,2025-06-03,2025-06-02,78.84,101.0,59.0,39.72,7.61,1.74
2025,24,LAV001,7.0,2025-06-10,2025-06-09,88.43,105.0,71.0,13.16,8.49,0.0
2025,25,LAV001,8.0,2025-06-17,2025-06-16,86.43,107.0,62.0,8.95,11.21,0.0
2025,26,LAV001,8.0,2025-06-24,2025-06-23,82.86,102.0,64.0,12.5,6.21,0.0
2025,27,LAV001,45.0,2025-07-01,2025-06-30,88.18,106.0,69.0,19.18,9.14,0.01
2025,28,LAV001,52.0,2025-07-08,2025-07-07,91.55,108.0,70.0,13.12,6.7,0.0
2025,29,LAV001,30.0,2025-07-15,2025-07-14,89.86,109.0,73.0,24.03,8.79,0.0
2025,30,LAV001,44.0,2025-07-22,2025-07-21,84.17,99.0,68.0,14.91,7.65,0.15
2025,31,LAV001,13.0,2025-07-29,2025-07-28,87.29,104.0,68.0,10.27,7.41,0.0
2025,32,LAV001,7.0,2025-08-05,2025-08-04,90.86,108.0,74.0,10.49,8.59,0.0
2025,33,LAV001,9.0,2025-08-12,2025-08-11,89.0,108.0,70.0,20.38,8.13,0.23
2025,34,LAV001,12.0,2025-08-19,2025-08-18,90.28,107.0,70.0,21.51,6.22,0.02
2025,35,LAV001,16.0,2025-08-26,2025-08-25,78.8,80.0,77.0,47.6,4.8,0.0
2018,14,LEE002,0.0,2018-04-05,2018-04-02,65.14,86.0,42.0,28.12,7.03,0.21
2018,15,LEE002,1.0,2018-04-12,2018-04-09,63.46,89.0,41.0,20.22,10.2,0.0
2018,16,LEE002,1.0,2018-04-19,2018-04-16,61.57,85.0,40.0,25.9,10.43,0.07
2018,17,LEE002,3.0,2018-04-26,2018-04-23,73.43,93.0,52.0,15.46,8.84,0.0
2018,19,LEE002,0.0,2018-05-10,2018-05-07,75.57,98.0,53.0,17.85,8.4,0.0
2018,20,LEE002,0.0,2018-05-17,2018-05-14,73.29,91.0,56.0,18.36,8.04,0.0
2018,21,LEE002,0.0,2018-05-23,2018-05-21,74.29,93.0,56.0,21.16,8.79,0.02
2018,22,LEE002,0.0,2018-05-31,2018-05-28,79.71,100.0,59.0,17.46,8.91,0.0
2018,23,LEE002,1.0,2018-06-07,2018-06-04,83.71,103.0,67.0,11.06,9.74,0.0
2018,24,LEE002,0.0,2018-06-14,2018-06-11,85.0,104.0,66.0,17.22,10.77,0.0
2018,25,LEE002,0.0,2018-06-21,2018-06-18,86.0,106.0,63.0,12.23,7.69,0.0
2018,26,LEE002,1.0,2018-06-28,2018-06-25,87.97,105.0,69.0,10.63,8.06,0.0
2018,27,LEE002,0.0,2018-07-06,2018-07-02,90.71,108.0,73.0,16.33,9.23,0.01
2018,28,LEE002,0.0,2018-07-12,2018-07-09,86.43,105.0,69.0,49.03,7.43,0.04
2018,29,LEE002,0.0,2018-07-19,2018-07-16,89.71,106.0,71.0,39.86,8.12,0.01
2018,30,LEE002,0.0,2018-07-27,2018-07-23,93.43,110.0,76.0,24.21,7.73,0.0
2018,31,LEE002,0.0,2018-08-02,2018-07-30,90.68,107.0,71.0,31.48,7.53,0.3
2018,32,LEE002,1.0,2018-08-09,2018-08-06,88.14,107.0,67.0,26.12,6.96,0.13
2018,33,LEE002,3.0,2018-08-16,2018-08-13,88.28,105.0,70.0,32.05,7.08,0.02
2018,35,LEE002,0.0,2018-08-30,2018-08-27,82.6,98.0,63.0,20.41,5.97,0.0
2019,20,LEE002,12.0,2019-05-15,2019-05-13,66.43,89.0,44.0,37.1,8.59,0.05
2019,23,LEE002,34.0,2019-06-05,2019-06-03,79.1,98.0,60.0,22.42,8.93,0.0
2019,24,LEE002,0.0,2019-06-13,2019-06-10,82.74,103.0,61.0,19.82,6.11,0.03
2019,25,LEE002,89.0,2019-06-19,2019-06-17,79.49,99.0,57.0,24.11,8.11,0.01
2019,26,LEE002,37.0,2019-06-27,2019-06-24,83.11,100.0,63.0,15.7,8.24,0.01
2019,27,LEE002,12.0,2019-07-03,2019-07-01,84.14,101.0,66.0,14.45,7.61,0.0
2019,28,LEE002,19.0,2019-07-10,2019-07-08,87.71,106.0,68.0,18.12,7.13,0.01
2019,29,LEE002,18.0,2019-07-17,2019-07-15,88.14,107.0,70.0,14.48,7.39,0.0
2019,30,LEE002,6.0,2019-07-24,2019-07-22,89.64,106.0,70.0,29.3,6.67,0.02
2019,31,LEE002,12.0,2019-07-31,2019-07-29,89.44,107.0,69.0,29.18,6.86,0.03
2019,32,LEE002,10.0,2019-08-07,2019-08-05,88.64,107.0,74.0,29.96,9.1,0.0
2019,33,LEE002,17.0,2019-08-14,2019-08-12,88.17,105.0,69.0,12.19,5.71,0.0
2019,34,LEE002,32.0,2019-08-21,2019-08-19,85.43,104.0,68.0,15.05,5.87,0.0
2019,35,LEE002,74.0,2019-08-28,2019-08-26,87.43,105.0,68.0,21.23,5.8,0.01
2019,36,LEE002,0.0,2019-09-04,2019-09-02,87.71,103.0,72.0,26.15,7.17,0.01
2019,37,LEE002,49.0,2019-09-11,2019-09-09,78.29,98.0,60.0,19.35,7.39,0.0
2019,38,LEE002,0.0,2019-09-18,2019-09-16,74.0,94.0,52.0,18.87,9.07,0.0
2019,39,LEE002,33.0,2019-09-25,2019-09-23,73.57,92.0,55.0,31.41,8.87,0.01
2020,21,LEE002,1.0,2020-05-20,2020-05-18,67.71,91.0,48.0,21.27,11.93,0.0
2020,23,LEE002,14.0,2020-06-03,2020-06-01,82.0,103.0,61.0,17.6,9.17,0.01
2020,25,LEE002,7.0,2020-06-17,2020-06-15,81.29,101.0,63.0,14.2,9.71,0.0
2020,29,LEE002,16.0,2020-07-15,2020-07-13,91.29,109.0,72.0,14.58,7.94,0.0
2020,30,LEE002,13.0,2020-07-22,2020-07-20,88.71,106.0,72.0,23.53,9.24,0.0
2020,31,LEE002,19.0,2020-07-29,2020-07-27,91.2,110.0,69.0,14.51,6.36,0.01
2020,32,LEE002,8.0,2020-08-05,2020-08-03,86.29,104.0,66.0,11.15,7.09,0.0
2020,33,LEE002,14.0,2020-08-12,2020-08-10,87.86,111.0,66.0,13.36,5.31,0.0
2020,34,LEE003,13.0,2020-08-19,2020-08-17,92.43,111.0,70.0,21.14,6.49,0.04
2020,35,LEE003,7.0,2020-08-26,2020-08-24,88.14,105.0,68.0,24.84,6.4,0.0
2021,21,LEE003,18.0,2021-05-20,2021-05-17,68.86,94.0,46.0,18.96,11.83,0.01
2021,24,LEE003,27.0,2021-06-10,2021-06-07,80.57,105.0,58.0,10.22,9.06,0.0
2021,26,LEE003,34.0,2021-06-24,2021-06-21,87.43,106.0,68.0,18.49,9.26,0.01
2021,27,LEE003,101.0,2021-07-01,2021-06-28,87.86,105.0,72.0,22.67,8.24,0.01
2021,31,LEE003,17.0,2021-07-29,2021-07-26,84.43,102.0,70.0,50.97,6.57,0.0
2021,32,LEE003,10.0,2021-08-04,2021-08-02,89.71,109.0,67.0,20.41,6.91,0.0
2021,33,LEE003,13.0,2021-08-11,2021-08-09,89.14,105.0,71.0,30.35,7.0,0.0
2021,37,LEE003,3.0,2021-09-08,2021-09-06,87.43,105.0,70.0,23.57,5.31,0.0
2021,38,LEE003,5.0,2021-09-14,2021-09-13,79.71,100.0,60.0,26.2,5.8,0.01
2021,39,LEE003,0.0,2021-09-21,2021-09-20,76.43,94.0,56.0,21.3,5.19,0.0
2021,40,LEE003,4.0,2021-09-28,2021-09-27,71.0,90.0,50.0,29.84,5.99,0.0
2021,41,LEE003,3.0,2021-10-07,2021-10-04,67.0,88.0,49.0,56.54,5.14,0.01
2022,21,LEE003,71.0,2022-05-26,2022-05-23,77.71,100.0,55.0,13.06,9.49,0.0
2022,24,LEE003,20.0,2022-06-15,2022-06-13,81.43,106.0,62.0,11.75,11.51,0.0
2022,25,LEE003,14.0,2022-06-22,2022-06-20,83.14,103.0,57.0,17.12,7.33,0.01
2022,27,LEE003,14.0,2022-07-06,2022-07-04,87.86,106.0,70.0,13.85,8.8,0.0
2022,28,LEE003,14.0,2022-07-13,2022-07-11,93.71,108.0,77.0,24.37,8.04,0.02
2022,29,LEE003,6.0,2022-07-20,2022-07-18,93.57,110.0,79.0,23.5,8.01,0.03
2022,31,LEE003,18.0,2022-08-03,2022-08-01,87.29,102.0,73.0,42.64,6.47,0.08
2022,34,LEE003,23.0,2022-08-24,2022-08-22,85.86,103.0,69.0,37.01,5.5,0.47
2022,38,LEE003,6.0,2022-09-21,2022-09-19,77.57,93.0,59.0,31.61,5.53,0.0
2022,39,LEE003,13.0,2022-09-28,2022-09-26,77.79,95.0,60.0,35.98,4.8,0.44
2022,40,LEE003,32.0,2022-10-05,2022-10-03,73.52,88.0,58.0,36.66,4.44,0.01
2023,18,LEE003,4.0,2023-05-03,2023-05-01,65.57,89.0,48.0,27.54,9.24,0.02
2023,21,LEE003,25.0,2023-05-24,2023-05-22,76.29,93.0,57.0,22.04,7.76,0.02
2023,22,LEE003,12.0,2023-06-01,2023-05-29,75.71,94.0,57.0,21.94,7.03,0.02
2023,23,LEE003,8.0,2023-06-08,2023-06-05,77.16,97.0,61.0,18.28,8.09,0.01
2023,24,LEE003,8.0,2023-06-15,2023-06-12,75.71,98.0,57.0,37.66,7.94,0.09
2023,26,LEE003,32.0,2023-06-29,2023-06-26,83.29,107.0,64.0,13.59,6.69,0.0
2023,27,LEE003,30.0,2023-07-07,2023-07-03,87.14,109.0,67.0,9.62,7.04,0.0
2023,28,LEE003,11.0,2023-07-13,2023-07-10,92.29,114.0,73.0,16.33,6.26,0.0
2023,29,LEE003,5.0,2023-07-20,2023-07-17,95.14,112.0,77.0,19.31,8.4,0.0
2023,30,LEE003,3.0,2023-07-27,2023-07-24,92.29,109.0,74.0,24.69,9.04,0.02
2023,32,LEE003,11.0,2023-08-09,2023-08-07,83.57,103.0,65.0,31.35,7.11,0.2
2023,33,LEE003,6.0,2023-08-17,2023-08-14,82.57,101.0,65.0,50.17,6.24,0.21
2023,35,LEE003,16.0,2023-08-30,2023-08-28,81.46,106.0,65.0,50.86,6.43,2.76
2023,36,LEE003,12.0,2023-09-07,2023-09-04,77.24,98.0,62.0,44.32,4.47,0.02
2023,38,LEE003,8.0,2023-09-20,2023-09-18,72.14,92.0,53.0,37.06,5.07,0.05
2023,39,LEE003,2.0,2023-09-27,2023-09-25,71.43,91.0,52.0,33.39,6.0,0.04
2023,40,LEE003,16.0,2023-10-05,2023-10-02,68.07,89.0,48.0,41.49,4.69,0.19
2023,41,LEE003,6.0,2023-10-11,2023-10-09,66.29,88.0,46.0,30.17,5.31,0.0
2024,23,LEE003,46.0,2024-06-05,2024-06-03,87.71,108.0,69.0,15.77,7.36,0.0
2024,24,LEE003,17.0,2024-06-12,2024-06-10,87.06,105.0,68.0,11.63,7.06,0.0
2024,25,LEE003,10.0,2024-06-19,2024-06-17,84.86,106.0,63.0,14.44,8.46,0.0
2024,27,LEE003,7.0,2024-07-03,2024-07-01,91.14,112.0,73.0,9.89,8.01,0.0
2024,29,LEE003,4.0,2024-07-17,2024-07-15,92.97,108.0,76.0,25.97,8.11,0.11
2024,30,LEE003,7.0,2024-07-24,2024-07-22,92.29,108.0,70.0,23.47,8.79,0.09
2024,31,LEE003,0.0,2024-07-31,2024-07-29,89.29,106.0,69.0,19.72,6.89,0.01
2024,37,LEE003,13.0,2024-09-10,2024-09-09,82.19,100.0,61.0,19.17,8.0,0.0
2025,24,LEE003,25.0,2025-06-12,2025-06-09,88.43,105.0,71.0,13.16,8.49,0.0
2025,26,LEE003,8.0,2025-06-25,2025-06-23,82.86,102.0,64.0,12.5,6.21,0.0
2025,28,LEE003,16.0,2025-07-09,2025-07-07,91.55,108.0,70.0,13.12,6.7,0.0
2025,30,LEE003,5.0,2025-07-24,2025-07-21,84.17,99.0,68.0,14.91,7.65,0.15
2025,32,LEE003,3.0,2025-08-06,2025-08-04,90.86,108.0,74.0,10.49,8.59,0.0
2025,34,LEE003,7.0,2025-08-20,2025-08-18,90.28,107.0,70.0,21.51,6.22,0.02
2021,21,LONE HOUSE POND,110.0,2021-05-20,2021-05-17,68.86,94.0,46.0,18.96,11.83,0.01
2021,23,LONE HOUSE POND,322.0,2021-06-03,2021-05-31,85.43,105.0,62.0,11.61,7.33,0.0
2020,30,MIDDLETON,342.0,2020-07-21,2020-07-20,88.71,106.0,72.0,23.53,9.24,0.0
2020,31,MIDDLETON,285.0,2020-07-28,2020-07-27,91.2,110.0,69.0,14.51,6.36,0.01
2020,32,MIDDLETON,181.0,2020-08-04,2020-08-03,86.29,104.0,66.0,11.15,7.09,0.0
2020,33,MIDDLETON,199.0,2020-08-11,2020-08-10,87.86,111.0,66.0,13.36,5.31,0.0
2020,34,MIDDLETON,21.0,2020-08-18,2020-08-17,92.43,111.0,70.0,21.14,6.49,0.04
2020,35,MIDDLETON,34.0,2020-08-25,2020-08-24,88.14,105.0,68.0,24.84,6.4,0.0
2020,36,MIDDLETON,44.0,2020-09-01,2020-08-31,86.29,110.0,66.0,13.93,6.01,0.0
2020,31,NEW HARMONY SR,465.0,2020-07-29,2020-07-27,91.2,110.0,69.0,14.51,6.36,0.01
2018,22,NHA001,12.0,2018-05-31,2018-05-28,79.71,100.0,59.0,17.46,8.91,0.0
2018,24,NHA001,41.0,2018-06-14,2018-06-11,85.0,104.0,66.0,17.22,10.77,0.0
2018,26,NHA001,19.0,2018-06-28,2018-06-25,87.97,105.0,69.0,10.63,8.06,0.0
2018,28,NHA001,2.0,2018-07-12,2018-07-09,86.43,105.0,69.0,49.03,7.43,0.04
2018,33,NHA001,4.0,2018-08-16,2018-08-13,88.28,105.0,70.0,32.05,7.08,0.02
2019,24,NHA001,19.0,2019-06-13,2019-06-10,82.74,103.0,61.0,19.82,6.11,0.03
2019,26,NHA001,3.0,2019-06-27,2019-06-24,83.11,100.0,63.0,15.7,8.24,0.01
2019,28,NHA001,10.0,2019-07-11,2019-07-08,87.71,106.0,68.0,18.12,7.13,0.01
2019,30,NHA001,45.0,2019-07-25,2019-07-22,89.64,106.0,70.0,29.3,6.67,0.02
2019,31,NHA001,57.0,2019-08-01,2019-07-29,89.44,107.0,69.0,29.18,6.86,0.03
2019,33,NHA001,220.0,2019-08-14,2019-08-12,88.17,105.0,69.0,12.19,5.71,0.0
2019,35,NHA001,80.0,2019-08-29,2019-08-26,87.43,105.0,68.0,21.23,5.8,0.01
2019,37,NHA001,0.0,2019-09-12,2019-09-09,78.29,98.0,60.0,19.35,7.39,0.0
2020,29,NHA001,27.0,2020-07-15,2020-07-13,91.29,109.0,72.0,14.58,7.94,0.0
2020,33,NHA001,164.0,2020-08-13,2020-08-10,87.86,111.0,66.0,13.36,5.31,0.0
2020,34,NHA001,65.0,2020-08-19,2020-08-17,92.43,111.0,70.0,21.14,6.49,0.04
2020,35,NHA001,62.0,2020-08-26,2020-08-24,88.14,105.0,68.0,24.84,6.4,0.0
2020,38,NHA001,44.0,2020-09-16,2020-09-14,82.14,100.0,63.0,14.82,5.53,0.0
2020,39,NHA001,101.0,2020-09-23,2020-09-21,79.57,97.0,59.0,20.6,6.17,0.02
2020,40,NHA001,84.0,2020-09-30,2020-09-28,76.0,96.0,55.0,11.26,4.74,0.0
2021,32,NHA001,159.0,2021-08-04,2021-08-02,89.71,109.0,67.0,20.41,6.91,0.0
2021,36,NHA001,206.0,2021-08-31,2021-08-30,82.65,103.0,66.0,39.27,5.46,0.0
2021,37,NHA001,0.0,2021-09-08,2021-09-06,87.43,105.0,70.0,23.57,5.31,0.0
2021,38,NHA001,30.0,2021-09-14,2021-09-13,79.71,100.0,60.0,26.2,5.8,0.01
2021,39,NHA001,0.0,2021-09-21,2021-09-20,76.43,94.0,56.0,21.3,5.19,0.0
2021,40,NHA001,13.0,2021-09-28,2021-09-27,71.0,90.0,50.0,29.84,5.99,0.0
2021,41,NHA001,20.0,2021-10-07,2021-10-04,67.0,88.0,49.0,56.54,5.14,0.01
2022,21,NHA001,49.0,2022-05-26,2022-05-23,77.71,100.0,55.0,13.06,9.49,0.0
2022,22,NHA001,0.0,2022-06-01,2022-05-30,75.14,96.0,52.0,15.4,8.04,0.0
2022,24,NHA001,47.0,2022-06-15,2022-06-13,81.43,106.0,62.0,11.75,11.51,0.0
2022,25,NHA001,88.0,2022-06-22,2022-06-20,83.14,103.0,57.0,17.12,7.33,0.01
2022,27,NHA001,108.0,2022-07-06,2022-07-04,87.86,106.0,70.0,13.85,8.8,0.0
2022,28,NHA001,224.0,2022-07-13,2022-07-11,93.71,108.0,77.0,24.37,8.04,0.02
2022,29,NHA001,98.0,2022-07-20,2022-07-18,93.57,110.0,79.0,23.5,8.01,0.03
2022,32,NHA001,245.0,2022-08-09,2022-08-08,85.43,104.0,73.0,46.98,6.6,0.15
2022,38,NHA001,72.0,2022-09-21,2022-09-19,77.57,93.0,59.0,31.61,5.53,0.0
2022,39,NHA001,59.0,2022-09-28,2022-09-26,77.79,95.0,60.0,35.98,4.8,0.44
2022,40,NHA001,15.0,2022-10-05,2022-10-03,73.52,88.0,58.0,36.66,4.44,0.01
2023,21,NHA001,3.0,2023-05-24,2023-05-22,76.29,93.0,57.0,22.04,7.76,0.02
2023,23,NHA001,9.0,2023-06-08,2023-06-05,77.16,97.0,61.0,18.28,8.09,0.01
2023,24,NHA001,12.0,2023-06-15,2023-06-12,75.71,98.0,57.0,37.66,7.94,0.09
2023,26,NHA001,6.0,2023-06-29,2023-06-26,83.29,107.0,64.0,13.59,6.69,0.0
2023,27,NHA001,27.0,2023-07-07,2023-07-03,87.14,109.0,67.0,9.62,7.04,0.0
2023,28,NHA001,77.0,2023-07-13,2023-07-10,92.29,114.0,73.0,16.33,6.26,0.0
2023,29,NHA001,54.0,2023-07-20,2023-07-17,95.14,112.0,77.0,19.31,8.4,0.0
2023,30,NHA001,44.0,2023-07-27,2023-07-24,92.29,109.0,74.0,24.69,9.04,0.02
2023,32,NHA001,31.0,2023-08-09,2023-08-07,83.57,103.0,65.0,31.35,7.11,0.2
2023,33,NHA001,36.0,2023-08-17,2023-08-14,82.57,101.0,65.0,50.17,6.24,0.21
2023,35,NHA001,73.0,2023-08-30,2023-08-28,81.46,106.0,65.0,50.86,6.43,2.76
2023,36,NHA001,60.0,2023-09-07,2023-09-04,77.24,98.0,62.0,44.32,4.47,0.02
2018,22,NHA002,4.0,2018-05-31,2018-05-28,79.71,100.0,59.0,17.46,8.91,0.0
2018,24,NHA002,3.0,2018-06-14,2018-06-11,85.0,104.0,66.0,17.22,10.77,0.0
2018,26,NHA002,4.0,2018-06-28,2018-06-25,87.97,105.0,69.0,10.63,8.06,0.0
2018,28,NHA002,14.0,2018-07-12,2018-07-09,86.43,105.0,69.0,49.03,7.43,0.04
2018,33,NHA002,6.0,2018-08-16,2018-08-13,88.28,105.0,70.0,32.05,7.08,0.02
2019,24,NHA002,5.0,2019-06-13,2019-06-10,82.74,103.0,61.0,19.82,6.11,0.03
2019,26,NHA002,21.0,2019-06-27,2019-06-24,83.11,100.0,63.0,15.7,8.24,0.01
2019,28,NHA002,13.0,2019-07-11,2019-07-08,87.71,106.0,68.0,18.12,7.13,0.01
2019,30,NHA002,6.0,2019-07-25,2019-07-22,89.64,106.0,70.0,29.3,6.67,0.02
2019,31,NHA002,10.0,2019-08-01,2019-07-29,89.44,107.0,69.0,29.18,6.86,0.03
2019,33,NHA002,7.0,2019-08-14,2019-08-12,88.17,105.0,69.0,12.19,5.71,0.0
2019,35,NHA002,6.0,2019-08-29,2019-08-26,87.43,105.0,68.0,21.23,5.8,0.01
2019,37,NHA002,5.0,2019-09-12,2019-09-09,78.29,98.0,60.0,19.35,7.39,0.0
2020,29,NHA002,5.0,2020-07-15,2020-07-13,91.29,109.0,72.0,14.58,7.94,0.0
2022,21,NHA002,1.0,2022-05-26,2022-05-23,77.71,100.0,55.0,13.06,9.49,0.0
2022,24,NHA002,0.0,2022-06-15,2022-06-13,81.43,106.0,62.0,11.75,11.51,0.0
2022,25,NHA002,0.0,2022-06-22,2022-06-20,83.14,103.0,57.0,17.12,7.33,0.01
2023,32,NHA002,8.0,2023-08-09,2023-08-07,83.57,103.0,65.0,31.35,7.11,0.2
2023,33,NHA002,4.0,2023-08-17,2023-08-14,82.57,101.0,65.0,50.17,6.24,0.21
2023,35,NHA002,5.0,2023-08-30,2023-08-28,81.46,106.0,65.0,50.86,6.43,2.76
2023,36,NHA002,2.0,2023-09-07,2023-09-04,77.24,98.0,62.0,44.32,4.47,0.02
2024,23,NHA002,10.0,2024-06-05,2024-06-03,87.71,108.0,69.0,15.77,7.36,0.0
2024,24,NHA002,14.0,2024-06-12,2024-06-10,87.06,105.0,68.0,11.63,7.06,0.0
2024,25,NHA002,0.0,2024-06-19,2024-06-17,84.86,106.0,63.0,14.44,8.46,0.0
2024,27,NHA002,12.0,2024-07-03,2024-07-01,91.14,112.0,73.0,9.89,8.01,0.0
2025,26,NHA002,23.0,2025-06-25,2025-06-23,82.86,102.0,64.0,12.5,6.21,0.0
2025,28,NHA002,10.0,2025-07-09,2025-07-07,91.55,108.0,70.0,13.12,6.7,0.0
2020,33,NHA003,460.0,2020-08-11,2020-08-10,87.86,111.0,66.0,13.36,5.31,0.0
2020,34,NHA003,641.0,2020-08-19,2020-08-17,92.43,111.0,70.0,21.14,6.49,0.04
2020,35,NHA003,348.0,2020-08-26,2020-08-24,88.14,105.0,68.0,24.84,6.4,0.0
2020,38,NHA003,405.0,2020-09-16,2020-09-14,82.14,100.0,63.0,14.82,5.53,0.0
2020,39,NHA003,107.0,2020-09-23,2020-09-21,79.57,97.0,59.0,20.6,6.17,0.02
2020,40,NHA003,37.0,2020-09-30,2020-09-28,76.0,96.0,55.0,11.26,4.74,0.0
2021,19,NHA003,2.0,2021-05-07,2021-05-03,71.57,94.0,52.0,17.44,8.44,0.0
2021,21,NHA003,23.0,2021-05-20,2021-05-17,68.86,94.0,46.0,18.96,11.83,0.01
2021,23,NHA003,49.0,2021-06-03,2021-05-31,85.43,105.0,62.0,11.61,7.33,0.0
2021,24,NHA003,26.0,2021-06-10,2021-06-07,80.57,105.0,58.0,10.22,9.06,0.0
2021,26,NHA003,55.0,2021-06-24,2021-06-21,87.43,106.0,68.0,18.49,9.26,0.01
2021,27,NHA003,93.0,2021-07-01,2021-06-28,87.86,105.0,72.0,22.67,8.24,0.01
2021,30,NHA003,216.0,2021-07-22,2021-07-19,87.43,103.0,72.0,48.8,6.99,0.0
2021,31,NHA003,381.0,2021-07-29,2021-07-26,84.43,102.0,70.0,50.97,6.57,0.0
2021,32,NHA003,379.0,2021-08-04,2021-08-02,89.71,109.0,67.0,20.41,6.91,0.0
2021,33,NHA003,274.0,2021-08-11,2021-08-09,89.14,105.0,71.0,30.35,7.0,0.0
2021,36,NHA003,251.0,2021-08-31,2021-08-30,82.65,103.0,66.0,39.27,5.46,0.0
2021,37,NHA003,59.0,2021-09-08,2021-09-06,87.43,105.0,70.0,23.57,5.31,0.0
2021,38,NHA003,44.0,2021-09-14,2021-09-13,79.71,100.0,60.0,26.2,5.8,0.01
2021,39,NHA003,0.0,2021-09-21,2021-09-20,76.43,94.0,56.0,21.3,5.19,0.0
2021,40,NHA003,25.0,2021-09-28,2021-09-27,71.0,90.0,50.0,29.84,5.99,0.0
2021,41,NHA003,30.0,2021-10-07,2021-10-04,67.0,88.0,49.0,56.54,5.14,0.01
2021,47,NHA003,5.0,2021-11-16,2021-11-15,53.71,71.0,34.0,36.68,3.89,0.0
2022,21,NHA003,51.0,2022-05-26,2022-05-23,77.71,100.0,55.0,13.06,9.49,0.0
2022,22,NHA003,26.0,2022-06-01,2022-05-30,75.14,96.0,52.0,15.4,8.04,0.0
2022,24,NHA003,59.0,2022-06-15,2022-06-13,81.43,106.0,62.0,11.75,11.51,0.0
2022,25,NHA003,1.0,2022-06-22,2022-06-20,83.14,103.0,57.0,17.12,7.33,0.01
2022,27,NHA003,92.0,2022-07-06,2022-07-04,87.86,106.0,70.0,13.85,8.8,0.0
2022,32,NHA003,564.0,2022-08-09,2022-08-08,85.43,104.0,73.0,46.98,6.6,0.15
2022,40,NHA003,25.0,2022-10-05,2022-10-03,73.52,88.0,58.0,36.66,4.44,0.01
2023,33,NHA003,39.0,2023-08-17,2023-08-14,82.57,101.0,65.0,50.17,6.24,0.21
2023,35,NHA003,182.0,2023-08-30,2023-08-28,81.46,106.0,65.0,50.86,6.43,2.76
2023,36,NHA003,30.0,2023-09-07,2023-09-04,77.24,98.0,62.0,44.32,4.47,0.02
2023,38,NHA003,40.0,2023-09-20,2023-09-18,72.14,92.0,53.0,37.06,5.07,0.05
2023,39,NHA003,10.0,2023-09-27,2023-09-25,71.43,91.0,52.0,33.39,6.0,0.04
2023,40,NHA003,0.0,2023-10-05,2023-10-02,68.07,89.0,48.0,41.49,4.69,0.19
2023,41,NHA003,14.0,2023-10-11,2023-10-09,66.29,88.0,46.0,30.17,5.31,0.0
2024,23,NHA003,44.0,2024-06-05,2024-06-03,87.71,108.0,69.0,15.77,7.36,0.0
2024,24,NHA003,29.0,2024-06-12,2024-06-10,87.06,105.0,68.0,11.63,7.06,0.0
2024,25,NHA003,85.0,2024-06-19,2024-06-17,84.86,106.0,63.0,14.44,8.46,0.0
2024,27,NHA003,118.0,2024-07-03,2024-07-01,91.14,112.0,73.0,9.89,8.01,0.0
2024,30,NHA003,23.0,2024-07-24,2024-07-22,92.29,108.0,70.0,23.47,8.79,0.09
2024,31,NHA003,32.0,2024-07-31,2024-07-29,89.29,106.0,69.0,19.72,6.89,0.01
2024,33,NHA003,15.0,2024-08-14,2024-08-12,87.86,103.0,71.0,30.48,8.99,1.23
2024,37,NHA003,19.0,2024-09-10,2024-09-09,82.19,100.0,61.0,19.17,8.0,0.0
2025,24,NHA003,13.0,2025-06-12,2025-06-09,88.43,105.0,71.0,13.16,8.49,0.0
2025,26,NHA003,53.0,2025-06-25,2025-06-23,82.86,102.0,64.0,12.5,6.21,0.0
2025,28,NHA003,42.0,2025-07-09,2025-07-07,91.55,108.0,70.0,13.12,6.7,0.0
2025,30,NHA003,14.0,2025-07-24,2025-07-21,84.17,99.0,68.0,14.91,7.65,0.15
2025,32,NHA003,10.0,2025-08-06,2025-08-04,90.86,108.0,74.0,10.49,8.59,0.0
2025,34,NHA003,21.0,2025-08-20,2025-08-18,90.28,107.0,70.0,21.51,6.22,0.02
2022,28,NHA003-1,1377.0,2022-07-13,2022-07-11,93.71,108.0,77.0,24.37,8.04,0.02
2022,29,NHA003-1,200.0,2022-07-20,2022-07-18,93.57,110.0,79.0,23.5,8.01,0.03
2023,21,NHA003-1,5.0,2023-05-24,2023-05-22,76.29,93.0,57.0,22.04,7.76,0.02
2023,23,NHA003-1,7.0,2023-06-08,2023-06-05,77.16,97.0,61.0,18.28,8.09,0.01
2023,24,NHA003-1,19.0,2023-06-15,2023-06-12,75.71,98.0,57.0,37.66,7.94,0.09
2023,26,NHA003-1,4.0,2023-06-29,2023-06-26,83.29,107.0,64.0,13.59,6.69,0.0
2023,27,NHA003-1,65.0,2023-07-07,2023-07-03,87.14,109.0,67.0,9.62,7.04,0.0
2023,28,NHA003-1,24.0,2023-07-13,2023-07-10,92.29,114.0,73.0,16.33,6.26,0.0
2023,29,NHA003-1,65.0,2023-07-20,2023-07-17,95.14,112.0,77.0,19.31,8.4,0.0
2023,30,NHA003-1,45.0,2023-07-27,2023-07-24,92.29,109.0,74.0,24.69,9.04,0.02
2022,28,NHA003-2,629.0,2022-07-13,2022-07-11,93.71,108.0,77.0,24.37,8.04,0.02
2022,29,NHA003-2,49.0,2022-07-20,2022-07-18,93.57,110.0,79.0,23.5,8.01,0.03
2023,29,NHA003-2,113.0,2023-07-20,2023-07-17,95.14,112.0,77.0,19.31,8.4,0.0
2023,30,NHA003-2,137.0,2023-07-27,2023-07-24,92.29,109.0,74.0,24.69,9.04,0.02
2023,32,NHA003-3,13.0,2023-08-09,2023-08-07,83.57,103.0,65.0,31.35,7.11,0.2
2022,31,NHA003-BRIDGE,149.0,2022-08-03,2022-08-01,87.29,102.0,73.0,42.64,6.47,0.08
2022,34,NHA003-BRIDGE,419.0,2022-08-24,2022-08-22,85.86,103.0,69.0,37.01,5.5,0.47
2022,38,NHA003-BRIDGE,26.0,2022-09-21,2022-09-19,77.57,93.0,59.0,31.61,5.53,0.0
2022,39,NHA003-BRIDGE,15.0,2022-09-28,2022-09-26,77.79,95.0,60.0,35.98,4.8,0.44
2021,19,NHA003-EX,2.0,2021-05-07,2021-05-03,71.57,94.0,52.0,17.44,8.44,0.0
2022,21,NHA003-EX,140.0,2022-05-26,2022-05-23,77.71,100.0,55.0,13.06,9.49,0.0
2022,22,NHA003-EX,43.0,2022-06-01,2022-05-30,75.14,96.0,52.0,15.4,8.04,0.0
2022,27,NHA003-SR,436.0,2022-07-06,2022-07-04,87.86,106.0,70.0,13.85,8.8,0.0
2022,31,NHA003-SWAMP,174.0,2022-08-03,2022-08-01,87.29,102.0,73.0,42.64,6.47,0.08
2022,34,NHA003-SWAMP,286.0,2022-08-24,2022-08-22,85.86,103.0,69.0,37.01,5.5,0.47
2022,38,NHA003-SWAMP,23.0,2022-09-21,2022-09-19,77.57,93.0,59.0,31.61,5.53,0.0
2022,39,NHA003-SWAMP,22.0,2022-09-28,2022-09-26,77.79,95.0,60.0,35.98,4.8,0.44
2019,33,NHA004,13.0,2019-08-14,2019-08-12,88.17,105.0,69.0,12.19,5.71,0.0
2021,26,NHA004,93.0,2021-06-24,2021-06-21,87.43,106.0,68.0,18.49,9.26,0.01
2021,27,NHA004,103.0,2021-07-01,2021-06-28,87.86,105.0,72.0,22.67,8.24,0.01
2021,30,NHA004,16.0,2021-07-22,2021-07-19,87.43,103.0,72.0,48.8,6.99,0.0
2021,31,NHA004,12.0,2021-07-29,2021-07-26,84.43,102.0,70.0,50.97,6.57,0.0
2021,32,NHA004,0.0,2021-08-04,2021-08-02,89.71,109.0,67.0,20.41,6.91,0.0
2019,37,RIO VIRGIN SR,1.0,2019-09-10,2019-09-09,78.29,98.0,60.0,19.35,7.39,0.0
2018,17,ROC002,4.0,2018-04-26,2018-04-23,73.43,93.0,52.0,15.46,8.84,0.0
2018,19,ROC002,2.0,2018-05-10,2018-05-07,75.57,98.0,53.0,17.85,8.4,0.0
2018,20,ROC002,2.0,2018-05-17,2018-05-14,73.29,91.0,56.0,18.36,8.04,0.0
2018,21,ROC002,0.0,2018-05-23,2018-05-21,74.29,93.0,56.0,21.16,8.79,0.02
2018,22,ROC002,4.0,2018-05-30,2018-05-28,79.71,100.0,59.0,17.46,8.91,0.0
2018,23,ROC002,0.0,2018-06-08,2018-06-04,83.71,103.0,67.0,11.06,9.74,0.0
2018,24,ROC002,2.0,2018-06-13,2018-06-11,85.0,104.0,66.0,17.22,10.77,0.0
2018,25,ROC002,2.0,2018-06-20,2018-06-18,86.0,106.0,63.0,12.23,7.69,0.0
2018,26,ROC002,1.0,2018-06-27,2018-06-25,87.97,105.0,69.0,10.63,8.06,0.0
2018,27,ROC002,0.0,2018-07-05,2018-07-02,90.71,108.0,73.0,16.33,9.23,0.01
2018,28,ROC002,3.0,2018-07-11,2018-07-09,86.43,105.0,69.0,49.03,7.43,0.04
2018,29,ROC002,10.0,2018-07-18,2018-07-16,89.71,106.0,71.0,39.86,8.12,0.01
2018,30,ROC002,3.0,2018-07-25,2018-07-23,93.43,110.0,76.0,24.21,7.73,0.0
2018,31,ROC002,15.0,2018-08-01,2018-07-30,90.68,107.0,71.0,31.48,7.53,0.3
2018,32,ROC002,11.0,2018-08-08,2018-08-06,88.14,107.0,67.0,26.12,6.96,0.13
2018,33,ROC002,16.0,2018-08-15,2018-08-13,88.28,105.0,70.0,32.05,7.08,0.02
2018,35,ROC002,20.0,2018-08-30,2018-08-27,82.6,98.0,63.0,20.41,5.97,0.0
2018,37,ROC002,12.0,2018-09-12,2018-09-10,83.06,99.0,63.0,16.28,8.08,0.0
2019,23,ROC002,10.0,2019-06-05,2019-06-03,79.1,98.0,60.0,22.42,8.93,0.0
2019,24,ROC002,0.0,2019-06-13,2019-06-10,82.74,103.0,61.0,19.82,6.11,0.03
2019,25,ROC002,6.0,2019-06-19,2019-06-17,79.49,99.0,57.0,24.11,8.11,0.01
2019,26,ROC002,4.0,2019-06-26,2019-06-24,83.11,100.0,63.0,15.7,8.24,0.01
2019,27,ROC002,6.0,2019-07-03,2019-07-01,84.14,101.0,66.0,14.45,7.61,0.0
2019,28,ROC002,13.0,2019-07-10,2019-07-08,87.71,106.0,68.0,18.12,7.13,0.01
2019,29,ROC002,23.0,2019-07-17,2019-07-15,88.14,107.0,70.0,14.48,7.39,0.0
2019,30,ROC002,23.0,2019-07-24,2019-07-22,89.64,106.0,70.0,29.3,6.67,0.02
2019,31,ROC002,65.0,2019-07-31,2019-07-29,89.44,107.0,69.0,29.18,6.86,0.03
2019,32,ROC002,46.0,2019-08-07,2019-08-05,88.64,107.0,74.0,29.96,9.1,0.0
2019,33,ROC002,87.0,2019-08-14,2019-08-12,88.17,105.0,69.0,12.19,5.71,0.0
2019,34,ROC002,105.0,2019-08-21,2019-08-19,85.43,104.0,68.0,15.05,5.87,0.0
2019,35,ROC002,56.0,2019-08-28,2019-08-26,87.43,105.0,68.0,21.23,5.8,0.01
2019,36,ROC002,0.0,2019-09-04,2019-09-02,87.71,103.0,72.0,26.15,7.17,0.01
2019,37,ROC002,66.0,2019-09-11,2019-09-09,78.29,98.0,60.0,19.35,7.39,0.0
2019,38,ROC002,25.0,2019-09-18,2019-09-16,74.0,94.0,52.0,18.87,9.07,0.0
2019,39,ROC002,36.0,2019-09-25,2019-09-23,73.57,92.0,55.0,31.41,8.87,0.01
2019,40,ROC002,6.0,2019-09-25,2019-09-23,73.57,92.0,55.0,31.41,8.87,0.01
2020,21,ROC002,2.0,2020-05-20,2020-05-18,67.71,91.0,48.0,21.27,11.93,0.0
2020,23,ROC002,2.0,2020-06-03,2020-06-01,82.0,103.0,61.0,17.6,9.17,0.01
2020,25,ROC002,3.0,2020-06-17,2020-06-15,81.29,101.0,63.0,14.2,9.71,0.0
2020,26,ROC002,4.0,2020-06-23,2020-06-22,88.57,105.0,69.0,14.3,9.31,0.0
2020,27,ROC002,3.0,2020-07-01,2020-06-29,81.86,103.0,55.0,17.66,8.37,0.0
2020,28,ROC002,8.0,2020-07-08,2020-07-06,89.14,109.0,67.0,11.29,7.21,0.0
2020,29,ROC002,4.0,2020-07-15,2020-07-13,91.29,109.0,72.0,14.58,7.94,0.0
2020,30,ROC002,1.0,2020-07-22,2020-07-20,88.71,106.0,72.0,23.53,9.24,0.0
2020,31,ROC002,2.0,2020-07-29,2020-07-27,91.2,110.0,69.0,14.51,6.36,0.01
2020,32,ROC002,1.0,2020-08-05,2020-08-03,86.29,104.0,66.0,11.15,7.09,0.0
2020,33,ROC002,8.0,2020-08-12,2020-08-10,87.86,111.0,66.0,13.36,5.31,0.0
2020,34,ROC002,6.0,2020-08-19,2020-08-17,92.43,111.0,70.0,21.14,6.49,0.04
2020,35,ROC002,5.0,2020-08-26,2020-08-24,88.14,105.0,68.0,24.84,6.4,0.0
2020,39,ROC002,1.0,2020-09-23,2020-09-21,79.57,97.0,59.0,20.6,6.17,0.02
2020,40,ROC002,0.0,2020-09-30,2020-09-28,76.0,96.0,55.0,11.26,4.74,0.0
2021,25,ROC002,0.0,2021-06-15,2021-06-14,93.57,112.0,74.0,10.62,6.11,0.0
2021,26,ROC002,3.0,2021-06-23,2021-06-21,87.43,106.0,68.0,18.49,9.26,0.01
2021,27,ROC002,15.0,2021-06-29,2021-06-28,87.86,105.0,72.0,22.67,8.24,0.01
2021,28,ROC002,24.0,2021-07-07,2021-07-05,97.0,114.0,77.0,14.18,6.67,0.0
2021,29,ROC002,29.0,2021-07-13,2021-07-12,87.71,109.0,69.0,42.67,8.01,0.01
2021,30,ROC002,41.0,2021-07-20,2021-07-19,87.43,103.0,72.0,48.8,6.99,0.0
2021,31,ROC002,20.0,2021-07-28,2021-07-26,84.43,102.0,70.0,50.97,6.57,0.0
2021,32,ROC002,8.0,2021-08-03,2021-08-02,89.71,109.0,67.0,20.41,6.91,0.0
2021,33,ROC002,0.0,2021-08-10,2021-08-09,89.14,105.0,71.0,30.35,7.0,0.0
2021,34,ROC002,0.0,2021-08-17,2021-08-16,83.57,104.0,63.0,33.14,9.8,0.0
2021,35,ROC002,16.0,2021-08-24,2021-08-23,85.0,105.0,64.0,16.53,5.1,0.0
2021,36,ROC002,0.0,2021-08-31,2021-08-30,82.65,103.0,66.0,39.27,5.46,0.0
2021,37,ROC002,0.0,2021-09-08,2021-09-06,87.43,105.0,70.0,23.57,5.31,0.0
2021,38,ROC002,1.0,2021-09-14,2021-09-13,79.71,100.0,60.0,26.2,5.8,0.01
2021,39,ROC002,0.0,2021-09-21,2021-09-20,76.43,94.0,56.0,21.3,5.19,0.0
2021,40,ROC002,15.0,2021-09-28,2021-09-27,71.0,90.0,50.0,29.84,5.99,0.0
2021,41,ROC002,8.0,2021-10-05,2021-10-04,67.0,88.0,49.0,56.54,5.14,0.01
2021,43,ROC002,0.0,2021-10-19,2021-10-18,58.86,78.0,38.0,41.72,4.79,0.0
2022,24,ROC002,0.0,2022-06-16,2022-06-13,81.43,106.0,62.0,11.75,11.51,0.0
2022,25,ROC002,0.0,2022-06-22,2022-06-20,83.14,103.0,57.0,17.12,7.33,0.01
2022,26,ROC002,0.0,2022-06-28,2022-06-27,90.29,104.0,75.0,20.08,10.89,0.01
2022,28,ROC002,6.0,2022-07-12,2022-07-11,93.71,108.0,77.0,24.37,8.04,0.02
2022,29,ROC002,2.0,2022-07-19,2022-07-18,93.57,110.0,79.0,23.5,8.01,0.03
2022,31,ROC002,3.0,2022-08-02,2022-08-01,87.29,102.0,73.0,42.64,6.47,0.08
2022,34,ROC002,6.0,2022-08-23,2022-08-22,85.86,103.0,69.0,37.01,5.5,0.47
2022,35,ROC002,5.0,2022-08-30,2022-08-29,90.71,108.0,71.0,22.05,4.3,0.0
2022,40,ROC002,5.0,2022-10-04,2022-10-03,73.52,88.0,58.0,36.66,4.44,0.01
2022,41,ROC002,5.0,2022-10-11,2022-10-10,71.14,87.0,55.0,27.73,4.26,0.0
2023,20,ROC002,1.0,2023-05-16,2023-05-15,76.17,91.0,57.0,36.7,7.22,0.17
2025,29,ROC002,7.0,2025-07-15,2025-07-14,89.86,109.0,73.0,24.03,8.79,0.0
2025,31,ROC002,1.0,2025-07-29,2025-07-28,87.29,104.0,68.0,10.27,7.41,0.0
2025,32,ROC002,3.0,2025-08-05,2025-08-04,90.86,108.0,74.0,10.49,8.59,0.0
2025,33,ROC002,4.0,2025-08-12,2025-08-11,89.0,108.0,70.0,20.38,8.13,0.23
2025,34,ROC002,3.0,2025-08-19,2025-08-18,90.28,107.0,70.0,21.51,6.22,0.02
2025,35,ROC002,4.0,2025-08-26,2025-08-25,78.8,80.0,77.0,47.6,4.8,0.0
2023,21,ROC004,1.0,2023-05-23,2023-05-22,76.29,93.0,57.0,22.04,7.76,0.02
2023,23,ROC004,4.0,2023-06-06,2023-06-05,77.16,97.0,61.0,18.28,8.09,0.01
2023,24,ROC004,1.0,2023-06-13,2023-06-12,75.71,98.0,57.0,37.66,7.94,0.09
2023,25,ROC004,2.0,2023-06-21,2023-06-19,78.43,97.0,57.0,11.78,9.56,0.0
2023,26,ROC004,1.0,2023-06-27,2023-06-26,83.29,107.0,64.0,13.59,6.69,0.0
2023,27,ROC004,0.0,2023-07-04,2023-07-03,87.14,109.0,67.0,9.62,7.04,0.0
2023,28,ROC004,1.0,2023-07-11,2023-07-10,92.29,114.0,73.0,16.33,6.26,0.0
2023,29,ROC004,1.0,2023-07-18,2023-07-17,95.14,112.0,77.0,19.31,8.4,0.0
2023,30,ROC004,0.0,2023-07-26,2023-07-24,92.29,109.0,74.0,24.69,9.04,0.02
2023,32,ROC004,0.0,2023-08-08,2023-08-07,83.57,103.0,65.0,31.35,7.11,0.2
2023,33,ROC004,0.0,2023-08-15,2023-08-14,82.57,101.0,65.0,50.17,6.24,0.21
2023,35,ROC004,2.0,2023-08-29,2023-08-28,81.46,106.0,65.0,50.86,6.43,2.76
2023,36,ROC004,3.0,2023-09-06,2023-09-04,77.24,98.0,62.0,44.32,4.47,0.02
2023,37,ROC004,3.0,2023-09-12,2023-09-11,76.86,94.0,61.0,45.56,3.95,0.04
2023,39,ROC004,0.0,2023-09-26,2023-09-25,71.43,91.0,52.0,33.39,6.0,0.04
2023,40,ROC004,1.0,2023-10-03,2023-10-02,68.07,89.0,48.0,41.49,4.69,0.19
2023,41,ROC004,1.0,2023-10-10,2023-10-09,66.29,88.0,46.0,30.17,5.31,0.0
2023,42,ROC004,1.0,2023-10-17,2023-10-16,70.86,89.0,50.0,26.1,3.17,0.0
2024,23,ROC004,1.0,2024-06-04,2024-06-03,87.71,108.0,69.0,15.77,7.36,0.0
2024,25,ROC004,0.0,2024-06-18,2024-06-17,84.86,106.0,63.0,14.44,8.46,0.0
2024,26,ROC004,0.0,2024-06-25,2024-06-24,93.29,108.0,76.0,20.9,10.33,0.0
2024,28,ROC004,0.0,2024-07-09,2024-07-08,93.9,114.0,75.0,13.82,6.95,0.02
2024,29,ROC004,0.0,2024-07-16,2024-07-15,92.97,108.0,76.0,25.97,8.11,0.11
2024,30,ROC004,0.0,2024-07-23,2024-07-22,92.29,108.0,70.0,23.47,8.79,0.09
2024,31,ROC004,0.0,2024-07-30,2024-07-29,89.29,106.0,69.0,19.72,6.89,0.01
2024,32,ROC004,0.0,2024-08-06,2024-08-05,92.57,109.0,79.0,29.7,9.17,0.03
2024,33,ROC004,1.0,2024-08-13,2024-08-12,87.86,103.0,71.0,30.48,8.99,1.23
2024,35,ROC004,1.0,2024-08-27,2024-08-26,83.35,102.0,61.0,20.93,5.56,0.01
2024,36,ROC004,0.0,2024-09-04,2024-09-02,87.3,103.0,70.0,19.12,6.56,0.01
2024,37,ROC004,1.0,2024-09-10,2024-09-09,82.19,100.0,61.0,19.17,8.0,0.0
2025,30,ROC004,3.0,2025-07-22,2025-07-21,84.17,99.0,68.0,14.91,7.65,0.15
2020,31,SAM'S GATE,6.0,2020-07-29,2020-07-27,91.2,110.0,69.0,14.51,6.36,0.01
2018,14,SCL001,0.0,2018-04-03,2018-04-02,65.14,86.0,42.0,28.12,7.03,0.21
2018,15,SCL001,1.0,2018-04-10,2018-04-09,63.46,89.0,41.0,20.22,10.2,0.0
2018,16,SCL001,0.0,2018-04-17,2018-04-16,61.57,85.0,40.0,25.9,10.43,0.07
2018,17,SCL001,3.0,2018-04-24,2018-04-23,73.43,93.0,52.0,15.46,8.84,0.0
2018,18,SCL001,0.0,2018-05-01,2018-04-30,65.14,94.0,44.0,40.18,5.51,0.3
2018,19,SCL001,2.0,2018-05-08,2018-05-07,75.57,98.0,53.0,17.85,8.4,0.0
2018,20,SCL001,4.0,2018-05-15,2018-05-14,73.29,91.0,56.0,18.36,8.04,0.0
2018,21,SCL001,5.0,2018-05-22,2018-05-21,74.29,93.0,56.0,21.16,8.79,0.02
2018,22,SCL001,8.0,2018-05-29,2018-05-28,79.71,100.0,59.0,17.46,8.91,0.0
2018,23,SCL001,19.0,2018-06-05,2018-06-04,83.71,103.0,67.0,11.06,9.74,0.0
2018,24,SCL001,9.0,2018-06-12,2018-06-11,85.0,104.0,66.0,17.22,10.77,0.0
2018,25,SCL001,20.0,2018-06-19,2018-06-18,86.0,106.0,63.0,12.23,7.69,0.0
2018,26,SCL001,40.0,2018-06-26,2018-06-25,87.97,105.0,69.0,10.63,8.06,0.0
2018,27,SCL001,17.0,2018-07-02,2018-07-02,90.71,108.0,73.0,16.33,9.23,0.01
2018,28,SCL001,8.0,2018-07-10,2018-07-09,86.43,105.0,69.0,49.03,7.43,0.04
2018,29,SCL001,0.0,2018-07-17,2018-07-16,89.71,106.0,71.0,39.86,8.12,0.01
2018,30,SCL001,12.0,2018-07-23,2018-07-23,93.43,110.0,76.0,24.21,7.73,0.0
2018,31,SCL001,22.0,2018-07-31,2018-07-30,90.68,107.0,71.0,31.48,7.53,0.3
2018,32,SCL001,21.0,2018-08-07,2018-08-06,88.14,107.0,67.0,26.12,6.96,0.13
2018,33,SCL001,6.0,2018-08-14,2018-08-13,88.28,105.0,70.0,32.05,7.08,0.02
2018,34,SCL001,9.0,2018-08-21,2018-08-20,84.43,105.0,67.0,41.61,9.19,0.81
2018,35,SCL001,2.0,2018-08-28,2018-08-27,82.6,98.0,63.0,20.41,5.97,0.0
2018,36,SCL001,2.0,2018-09-05,2018-09-03,82.29,101.0,66.0,30.0,5.73,0.14
2018,37,SCL001,7.0,2018-09-11,2018-09-10,83.06,99.0,63.0,16.28,8.08,0.0
2018,39,SCL001,4.0,2018-09-25,2018-09-24,78.29,94.0,57.0,18.37,6.69,0.0
2018,41,SCL001,4.0,2018-10-10,2018-10-08,61.14,77.0,46.0,43.6,8.24,0.01
2018,42,SCL001,1.0,2018-10-16,2018-10-15,59.43,82.0,41.0,38.75,6.56,0.06
2019,17,SCL001,2.0,2019-04-24,2019-04-22,71.29,91.0,47.0,33.57,6.59,0.01
2019,18,SCL001,2.0,2019-05-02,2019-04-29,63.71,88.0,45.0,41.02,6.13,0.06
2019,19,SCL001,5.0,2019-05-07,2019-05-06,65.72,84.0,50.0,46.66,6.97,1.03
2019,20,SCL001,5.0,2019-05-14,2019-05-13,66.43,89.0,44.0,37.1,8.59,0.05
2019,21,SCL001,0.0,2019-05-22,2019-05-20,59.86,82.0,46.0,51.86,8.06,0.2
2019,22,SCL001,2.0,2019-05-30,2019-05-27,68.09,91.0,49.0,40.99,6.13,0.14
2019,23,SCL001,16.0,2019-06-04,2019-06-03,79.1,98.0,60.0,22.42,8.93,0.0
2019,24,SCL001,15.0,2019-06-12,2019-06-10,82.74,103.0,61.0,19.82,6.11,0.03
2019,25,SCL001,0.0,2019-06-18,2019-06-17,79.49,99.0,57.0,24.11,8.11,0.01
2019,26,SCL001,0.0,2019-06-25,2019-06-24,83.11,100.0,63.0,15.7,8.24,0.01
2019,27,SCL001,17.0,2019-07-02,2019-07-01,84.14,101.0,66.0,14.45,7.61,0.0
2019,28,SCL001,15.0,2019-07-09,2019-07-08,87.71,106.0,68.0,18.12,7.13,0.01
2019,29,SCL001,2.0,2019-07-16,2019-07-15,88.14,107.0,70.0,14.48,7.39,0.0
2019,30,SCL001,40.0,2019-07-23,2019-07-22,89.64,106.0,70.0,29.3,6.67,0.02
2019,31,SCL001,26.0,2019-07-30,2019-07-29,89.44,107.0,69.0,29.18,6.86,0.03
2019,32,SCL001,14.0,2019-08-06,2019-08-05,88.64,107.0,74.0,29.96,9.1,0.0
2019,33,SCL001,26.0,2019-08-13,2019-08-12,88.17,105.0,69.0,12.19,5.71,0.0
2019,34,SCL001,19.0,2019-08-20,2019-08-19,85.43,104.0,68.0,15.05,5.87,0.0
2019,35,SCL001,31.0,2019-08-27,2019-08-26,87.43,105.0,68.0,21.23,5.8,0.01
2019,36,SCL001,22.0,2019-09-04,2019-09-02,87.71,103.0,72.0,26.15,7.17,0.01
2019,37,SCL001,4.0,2019-09-10,2019-09-09,78.29,98.0,60.0,19.35,7.39,0.0
2019,38,SCL001,11.0,2019-09-17,2019-09-16,74.0,94.0,52.0,18.87,9.07,0.0
2019,39,SCL001,12.0,2019-09-24,2019-09-23,73.57,92.0,55.0,31.41,8.87,0.01
2019,40,SCL001,3.0,2019-10-01,2019-09-30,63.71,85.0,43.0,16.92,5.23,0.0
2019,41,SCL001,2.0,2019-10-08,2019-10-07,60.86,86.0,35.0,13.51,5.99,0.0
2019,42,SCL001,2.0,2019-10-17,2019-10-14,62.24,84.0,42.0,21.21,5.13,0.0
2020,17,SCL001,4.0,2020-04-21,2020-04-20,66.0,86.0,47.0,42.3,5.31,0.21
2020,18,SCL001,1.0,2020-04-28,2020-04-27,74.57,94.0,54.0,23.42,6.04,0.0
2020,19,SCL001,0.0,2020-05-05,2020-05-04,73.86,93.0,52.0,17.28,6.43,0.01
2020,20,SCL001,1.0,2020-05-12,2020-05-11,73.57,93.0,56.0,23.1,9.91,0.0
2020,21,SCL001,14.0,2020-05-19,2020-05-18,67.71,91.0,48.0,21.27,11.93,0.0
2020,22,SCL001,13.0,2020-05-27,2020-05-25,82.57,104.0,56.0,16.38,7.0,0.0
2020,23,SCL001,25.0,2020-06-02,2020-06-01,82.0,103.0,61.0,17.6,9.17,0.01
2020,24,SCL001,6.0,2020-06-10,2020-06-08,76.0,102.0,51.0,14.17,8.66,0.0
2020,25,SCL001,13.0,2020-06-16,2020-06-15,81.29,101.0,63.0,14.2,9.71,0.0
2020,26,SCL001,26.0,2020-06-23,2020-06-22,88.57,105.0,69.0,14.3,9.31,0.0
2020,27,SCL001,19.0,2020-06-30,2020-06-29,81.86,103.0,55.0,17.66,8.37,0.0
2020,28,SCL001,38.0,2020-07-07,2020-07-06,89.14,109.0,67.0,11.29,7.21,0.0
2020,29,SCL001,50.0,2020-07-14,2020-07-13,91.29,109.0,72.0,14.58,7.94,0.0
2020,30,SCL001,16.0,2020-07-21,2020-07-20,88.71,106.0,72.0,23.53,9.24,0.0
2020,31,SCL001,11.0,2020-07-28,2020-07-27,91.2,110.0,69.0,14.51,6.36,0.01
2020,32,SCL001,3.0,2020-08-04,2020-08-03,86.29,104.0,66.0,11.15,7.09,0.0
2020,33,SCL001,19.0,2020-08-11,2020-08-10,87.86,111.0,66.0,13.36,5.31,0.0
2020,34,SCL001,10.0,2020-08-18,2020-08-17,92.43,111.0,70.0,21.14,6.49,0.04
2020,35,SCL001,26.0,2020-08-25,2020-08-24,88.14,105.0,68.0,24.84,6.4,0.0
2020,36,SCL001,5.0,2020-09-01,2020-08-31,86.29,110.0,66.0,13.93,6.01,0.0
2020,37,SCL001,6.0,2020-09-08,2020-09-07,74.57,103.0,54.0,18.03,8.51,0.0
2020,38,SCL001,10.0,2020-09-15,2020-09-14,82.14,100.0,63.0,14.82,5.53,0.0
2020,39,SCL001,10.0,2020-09-22,2020-09-21,79.57,97.0,59.0,20.6,6.17,0.02
2020,40,SCL001,8.0,2020-09-29,2020-09-28,76.0,96.0,55.0,11.26,4.74,0.0
2020,41,SCL001,1.0,2020-10-06,2020-10-05,73.43,94.0,55.0,16.64,4.5,0.0
2020,42,SCL001,1.0,2020-10-13,2020-10-12,69.57,91.0,49.0,17.43,4.46,0.0
2020,43,SCL001,1.0,2020-10-20,2020-10-19,64.33,88.0,41.0,24.37,4.75,0.0
2020,44,SCL001,0.0,2020-10-29,2020-10-26,55.14,78.0,32.0,20.33,6.01,0.0
2020,45,SCL001,0.0,2020-11-05,2020-11-02,61.14,85.0,37.0,38.65,6.41,0.18
2021,20,SCL001,6.0,2021-05-11,2021-05-10,73.86,93.0,53.0,13.04,8.36,0.0
2021,21,SCL001,4.0,2021-05-19,2021-05-17,68.86,94.0,46.0,18.96,11.83,0.01
2021,22,SCL001,7.0,2021-05-25,2021-05-24,75.71,95.0,52.0,12.2,6.24,0.0
2021,23,SCL001,14.0,2021-06-02,2021-05-31,85.43,105.0,62.0,11.61,7.33,0.0
2021,24,SCL001,29.0,2021-06-08,2021-06-07,80.57,105.0,58.0,10.22,9.06,0.0
2021,25,SCL001,60.0,2021-06-15,2021-06-14,93.57,112.0,74.0,10.62,6.11,0.0
2021,26,SCL001,52.0,2021-06-22,2021-06-21,87.43,106.0,68.0,18.49,9.26,0.01
2021,27,SCL001,22.0,2021-07-01,2021-06-28,87.86,105.0,72.0,22.67,8.24,0.01
2021,28,SCL001,8.0,2021-07-06,2021-07-05,97.0,114.0,77.0,14.18,6.67,0.0
2021,29,SCL001,1.0,2021-07-13,2021-07-12,87.71,109.0,69.0,42.67,8.01,0.01
2021,30,SCL001,14.0,2021-07-20,2021-07-19,87.43,103.0,72.0,48.8,6.99,0.0
2021,31,SCL001,45.0,2021-07-28,2021-07-26,84.43,102.0,70.0,50.97,6.57,0.0
2021,32,SCL001,78.0,2021-08-03,2021-08-02,89.71,109.0,67.0,20.41,6.91,0.0
2021,33,SCL001,32.0,2021-08-10,2021-08-09,89.14,105.0,71.0,30.35,7.0,0.0
2021,34,SCL001,7.0,2021-08-17,2021-08-16,83.57,104.0,63.0,33.14,9.8,0.0
2021,35,SCL001,7.0,2021-08-24,2021-08-23,85.0,105.0,64.0,16.53,5.1,0.0
2021,36,SCL001,15.0,2021-08-31,2021-08-30,82.65,103.0,66.0,39.27,5.46,0.0
2021,37,SCL001,0.0,2021-09-08,2021-09-06,87.43,105.0,70.0,23.57,5.31,0.0
2021,38,SCL001,33.0,2021-09-14,2021-09-13,79.71,100.0,60.0,26.2,5.8,0.01
2021,39,SCL001,19.0,2021-09-21,2021-09-20,76.43,94.0,56.0,21.3,5.19,0.0
2021,40,SCL001,24.0,2021-09-28,2021-09-27,71.0,90.0,50.0,29.84,5.99,0.0
2021,41,SCL001,12.0,2021-10-05,2021-10-04,67.0,88.0,49.0,56.54,5.14,0.01
2021,43,SCL001,0.0,2021-10-20,2021-10-18,58.86,78.0,38.0,41.72,4.79,0.0
2022,18,SCL001,3.0,2022-05-03,2022-05-02,70.86,92.0,49.0,18.29,11.53,0.0
2022,19,SCL001,3.0,2022-05-11,2022-05-09,66.57,98.0,48.0,14.1,7.17,0.0
2022,21,SCL001,1.0,2022-05-24,2022-05-23,77.71,100.0,55.0,13.06,9.49,0.0
2022,22,SCL001,5.0,2022-05-31,2022-05-30,75.14,96.0,52.0,15.4,8.04,0.0
2022,23,SCL001,2.0,2022-06-07,2022-06-06,87.86,106.0,69.0,14.97,8.09,0.0
2022,24,SCL001,9.0,2022-06-14,2022-06-13,81.43,106.0,62.0,11.75,11.51,0.0
2022,25,SCL001,3.0,2022-06-21,2022-06-20,83.14,103.0,57.0,17.12,7.33,0.01
2022,26,SCL001,6.0,2022-06-28,2022-06-27,90.29,104.0,75.0,20.08,10.89,0.01
2022,27,SCL001,4.0,2022-07-06,2022-07-04,87.86,106.0,70.0,13.85,8.8,0.0
2022,28,SCL001,1.0,2022-07-12,2022-07-11,93.71,108.0,77.0,24.37,8.04,0.02
2022,29,SCL001,1.0,2022-07-19,2022-07-18,93.57,110.0,79.0,23.5,8.01,0.03
2022,31,SCL001,0.0,2022-08-02,2022-08-01,87.29,102.0,73.0,42.64,6.47,0.08
2022,32,SCL001,50.0,2022-08-09,2022-08-08,85.43,104.0,73.0,46.98,6.6,0.15
2022,33,SCL001,15.0,2022-08-16,2022-08-15,84.43,99.0,71.0,49.42,6.64,0.04
2022,34,SCL001,42.0,2022-08-23,2022-08-22,85.86,103.0,69.0,37.01,5.5,0.47
2022,35,SCL001,51.0,2022-08-30,2022-08-29,90.71,108.0,71.0,22.05,4.3,0.0
2022,36,SCL001,34.0,2022-09-07,2022-09-05,87.29,111.0,66.0,31.95,6.51,0.01
2022,37,SCL001,15.0,2022-09-13,2022-09-12,75.14,92.0,61.0,56.31,6.79,1.08
2022,38,SCL001,10.0,2022-09-20,2022-09-19,77.57,93.0,59.0,31.61,5.53,0.0
2022,39,SCL001,17.0,2022-09-27,2022-09-26,77.79,95.0,60.0,35.98,4.8,0.44
2022,40,SCL001,8.0,2022-10-04,2022-10-03,73.52,88.0,58.0,36.66,4.44,0.01
2022,41,SCL001,4.0,2022-10-11,2022-10-10,71.14,87.0,55.0,27.73,4.26,0.0
2023,20,SCL001,11.0,2023-05-16,2023-05-15,76.17,91.0,57.0,36.7,7.22,0.17
2023,22,SCL001,6.0,2023-05-31,2023-05-29,75.71,94.0,57.0,21.94,7.03,0.02
2023,23,SCL001,20.0,2023-06-06,2023-06-05,77.16,97.0,61.0,18.28,8.09,0.01
2023,24,SCL001,4.0,2023-06-13,2023-06-12,75.71,98.0,57.0,37.66,7.94,0.09
2023,25,SCL001,5.0,2023-06-21,2023-06-19,78.43,97.0,57.0,11.78,9.56,0.0
2023,28,SCL001,188.0,2023-07-11,2023-07-10,92.29,114.0,73.0,16.33,6.26,0.0
2023,29,SCL001,268.0,2023-07-18,2023-07-17,95.14,112.0,77.0,19.31,8.4,0.0
2023,30,SCL001,133.0,2023-07-26,2023-07-24,92.29,109.0,74.0,24.69,9.04,0.02
2023,31,SCL001,85.0,2023-08-01,2023-07-31,83.14,103.0,67.0,38.68,5.63,0.47
2023,32,SCL001,40.0,2023-08-08,2023-08-07,83.57,103.0,65.0,31.35,7.11,0.2
2023,33,SCL001,34.0,2023-08-15,2023-08-14,82.57,101.0,65.0,50.17,6.24,0.21
2023,35,SCL001,47.0,2023-08-29,2023-08-28,81.46,106.0,65.0,50.86,6.43,2.76
2023,36,SCL001,10.0,2023-09-06,2023-09-04,77.24,98.0,62.0,44.32,4.47,0.02
2023,37,SCL001,17.0,2023-09-12,2023-09-11,76.86,94.0,61.0,45.56,3.95,0.04
2023,38,SCL001,12.0,2023-09-19,2023-09-18,72.14,92.0,53.0,37.06,5.07,0.05
2023,39,SCL001,10.0,2023-09-26,2023-09-25,71.43,91.0,52.0,33.39,6.0,0.04
2023,41,SCL001,3.0,2023-10-10,2023-10-09,66.29,88.0,46.0,30.17,5.31,0.0
2023,42,SCL001,5.0,2023-10-17,2023-10-16,70.86,89.0,50.0,26.1,3.17,0.0
2023,43,SCL001,0.0,2023-10-24,2023-10-23,59.86,78.0,41.0,34.92,7.0,0.0
2023,45,SCL001,0.0,2023-11-07,2023-11-06,52.71,78.0,32.0,30.33,5.2,0.01
2023,46,SCL001,0.0,2023-11-14,2023-11-13,56.0,73.0,36.0,57.82,3.94,0.3
2023,48,SCL001,0.0,2023-11-29,2023-11-27,43.71,58.0,25.0,47.76,3.01,0.02
2024,16,SCL001,1.0,2024-04-17,2024-04-15,66.86,88.0,45.0,26.3,5.48,0.0
2024,17,SCL001,10.0,2024-04-23,2024-04-22,66.29,89.0,47.0,31.77,8.99,0.02
2024,18,SCL001,9.0,2024-05-01,2024-04-29,66.86,86.0,46.0,22.07,8.71,0.01
2024,19,SCL001,10.0,2024-05-07,2024-05-06,63.0,88.0,39.0,27.17,9.03,0.01
2024,20,SCL001,26.0,2024-05-14,2024-05-13,77.14,94.0,57.0,18.19,8.07,0.0
2024,21,SCL001,47.0,2024-05-21,2024-05-20,73.14,89.0,52.0,17.04,10.24,0.0
2024,22,SCL001,28.0,2024-05-29,2024-05-27,80.86,98.0,61.0,13.38,7.24,0.0
2024,23,SCL001,13.0,2024-06-04,2024-06-03,87.71,108.0,69.0,15.77,7.36,0.0
2024,24,SCL001,5.0,2024-06-11,2024-06-10,87.06,105.0,68.0,11.63,7.06,0.0
2024,25,SCL001,4.0,2024-06-18,2024-06-17,84.86,106.0,63.0,14.44,8.46,0.0
2024,26,SCL001,0.0,2024-06-25,2024-06-24,93.29,108.0,76.0,20.9,10.33,0.0
2024,27,SCL001,1.0,2024-07-02,2024-07-01,91.14,112.0,73.0,9.89,8.01,0.0
2024,28,SCL001,4.0,2024-07-09,2024-07-08,93.9,114.0,75.0,13.82,6.95,0.02
2024,29,SCL001,3.0,2024-07-16,2024-07-15,92.97,108.0,76.0,25.97,8.11,0.11
2024,30,SCL001,4.0,2024-07-23,2024-07-22,92.29,108.0,70.0,23.47,8.79,0.09
2024,31,SCL001,1.0,2024-07-30,2024-07-29,89.29,106.0,69.0,19.72,6.89,0.01
2024,32,SCL001,6.0,2024-08-06,2024-08-05,92.57,109.0,79.0,29.7,9.17,0.03
2024,33,SCL001,4.0,2024-08-13,2024-08-12,87.86,103.0,71.0,30.48,8.99,1.23
2024,34,SCL001,0.0,2024-08-20,2024-08-19,84.71,104.0,68.0,33.33,11.16,0.11
2024,35,SCL001,4.0,2024-08-27,2024-08-26,83.35,102.0,61.0,20.93,5.56,0.01
2024,36,SCL001,27.0,2024-09-03,2024-09-02,87.3,103.0,70.0,19.12,6.56,0.01
2024,37,SCL001,19.0,2024-09-10,2024-09-09,82.19,100.0,61.0,19.17,8.0,0.0
2024,38,SCL001,9.0,2024-09-17,2024-09-16,73.71,91.0,55.0,24.7,7.77,0.02
2024,39,SCL001,7.0,2024-09-24,2024-09-23,82.0,102.0,62.0,16.39,4.43,0.0
2024,40,SCL001,19.0,2024-10-01,2024-09-30,82.0,101.0,62.0,15.02,3.97,0.0
2024,41,SCL001,13.0,2024-10-08,2024-10-07,77.84,96.0,59.0,16.75,4.12,0.0
2024,42,SCL001,3.0,2024-10-16,2024-10-14,67.63,89.0,48.0,35.66,8.2,0.31
2024,43,SCL001,5.0,2024-10-22,2024-10-21,64.43,82.0,48.0,34.79,2.73,0.0
2025,13,SCL001,2.0,2025-03-25,2025-03-24,65.0,87.0,45.0,23.01,6.51,0.0
2025,15,SCL001,0.0,2025-04-08,2025-04-07,69.71,91.0,44.0,14.98,5.59,0.0
2025,16,SCL001,1.0,2025-04-15,2025-04-14,63.29,86.0,39.0,26.38,7.81,0.1
2025,17,SCL001,3.0,2025-04-22,2025-04-21,67.02,84.0,46.0,16.54,9.33,0.0
2025,18,SCL001,2.0,2025-04-30,2025-04-28,67.29,86.0,48.0,30.31,7.6,0.1
2025,20,SCL001,5.0,2025-05-14,2025-05-12,68.43,92.0,51.0,24.01,11.31,0.04
2025,21,SCL001,10.0,2025-05-20,2025-05-19,76.29,97.0,54.0,14.39,7.89,0.0
2025,22,SCL001,7.0,2025-05-28,2025-05-26,83.71,104.0,62.0,13.95,6.5,0.0
2025,23,SCL001,5.0,2025-06-03,2025-06-02,78.84,101.0,59.0,39.72,7.61,1.74
2025,24,SCL001,8.0,2025-06-10,2025-06-09,88.43,105.0,71.0,13.16,8.49,0.0
2025,25,SCL001,3.0,2025-06-17,2025-06-16,86.43,107.0,62.0,8.95,11.21,0.0
2025,26,SCL001,6.0,2025-06-24,2025-06-23,82.86,102.0,64.0,12.5,6.21,0.0
2025,27,SCL001,10.0,2025-07-01,2025-06-30,88.18,106.0,69.0,19.18,9.14,0.01
2025,28,SCL001,4.0,2025-07-08,2025-07-07,91.55,108.0,70.0,13.12,6.7,0.0
2025,29,SCL001,2.0,2025-07-15,2025-07-14,89.86,109.0,73.0,24.03,8.79,0.0
2025,30,SCL001,10.0,2025-07-22,2025-07-21,84.17,99.0,68.0,14.91,7.65,0.15
2025,31,SCL001,5.0,2025-07-29,2025-07-28,87.29,104.0,68.0,10.27,7.41,0.0
2025,32,SCL001,5.0,2025-08-05,2025-08-04,90.86,108.0,74.0,10.49,8.59,0.0
2025,33,SCL001,8.0,2025-08-12,2025-08-11,89.0,108.0,70.0,20.38,8.13,0.23
2025,34,SCL001,8.0,2025-08-19,2025-08-18,90.28,107.0,70.0,21.51,6.22,0.02
2025,35,SCL001,23.0,2025-08-26,2025-08-25,78.8,80.0,77.0,47.6,4.8,0.0
2018,14,SCL002,0.0,2018-04-03,2018-04-02,65.14,86.0,42.0,28.12,7.03,0.21
2018,15,SCL002,12.0,2018-04-10,2018-04-09,63.46,89.0,41.0,20.22,10.2,0.0
2018,16,SCL002,0.0,2018-04-17,2018-04-16,61.57,85.0,40.0,25.9,10.43,0.07
2018,17,SCL002,11.0,2018-04-24,2018-04-23,73.43,93.0,52.0,15.46,8.84,0.0
2018,18,SCL002,7.0,2018-05-01,2018-04-30,65.14,94.0,44.0,40.18,5.51,0.3
2018,19,SCL002,22.0,2018-05-08,2018-05-07,75.57,98.0,53.0,17.85,8.4,0.0
2018,20,SCL002,28.0,2018-05-15,2018-05-14,73.29,91.0,56.0,18.36,8.04,0.0
2018,21,SCL002,11.0,2018-05-22,2018-05-21,74.29,93.0,56.0,21.16,8.79,0.02
2018,22,SCL002,5.0,2018-05-29,2018-05-28,79.71,100.0,59.0,17.46,8.91,0.0
2018,23,SCL002,11.0,2018-06-05,2018-06-04,83.71,103.0,67.0,11.06,9.74,0.0
2018,24,SCL002,1.0,2018-06-12,2018-06-11,85.0,104.0,66.0,17.22,10.77,0.0
2018,25,SCL002,2.0,2018-06-19,2018-06-18,86.0,106.0,63.0,12.23,7.69,0.0
2018,26,SCL002,2.0,2018-06-26,2018-06-25,87.97,105.0,69.0,10.63,8.06,0.0
2018,27,SCL002,0.0,2018-07-02,2018-07-02,90.71,108.0,73.0,16.33,9.23,0.01
2018,28,SCL002,2.0,2018-07-10,2018-07-09,86.43,105.0,69.0,49.03,7.43,0.04
2018,29,SCL002,11.0,2018-07-17,2018-07-16,89.71,106.0,71.0,39.86,8.12,0.01
2018,30,SCL002,8.0,2018-07-23,2018-07-23,93.43,110.0,76.0,24.21,7.73,0.0
2018,31,SCL002,16.0,2018-07-31,2018-07-30,90.68,107.0,71.0,31.48,7.53,0.3
2018,32,SCL002,4.0,2018-08-07,2018-08-06,88.14,107.0,67.0,26.12,6.96,0.13
2018,33,SCL002,15.0,2018-08-14,2018-08-13,88.28,105.0,70.0,32.05,7.08,0.02
2018,34,SCL002,22.0,2018-08-21,2018-08-20,84.43,105.0,67.0,41.61,9.19,0.81
2018,35,SCL002,13.0,2018-08-28,2018-08-27,82.6,98.0,63.0,20.41,5.97,0.0
2018,36,SCL002,23.0,2018-09-05,2018-09-03,82.29,101.0,66.0,30.0,5.73,0.14
2018,37,SCL002,4.0,2018-09-11,2018-09-10,83.06,99.0,63.0,16.28,8.08,0.0
2018,39,SCL002,5.0,2018-09-25,2018-09-24,78.29,94.0,57.0,18.37,6.69,0.0
2018,41,SCL002,4.0,2018-10-10,2018-10-08,61.14,77.0,46.0,43.6,8.24,0.01
2018,42,SCL002,0.0,2018-10-16,2018-10-15,59.43,82.0,41.0,38.75,6.56,0.06
2018,3,SCL004,1.0,2018-01-18,2018-01-15,46.86,66.0,31.0,61.84,3.81,0.18
2018,5,SCL004,1.0,2018-02-01,2018-01-29,51.19,70.0,33.0,44.18,1.73,0.0
2018,6,SCL004,0.0,2018-02-08,2018-02-05,51.29,71.0,29.0,34.59,5.16,0.0
2018,9,SCL004,0.0,2018-03-09,2018-03-05,49.29,70.0,28.0,38.03,3.13,0.36
2018,11,SCL004,4.0,2018-03-14,2018-03-12,53.57,74.0,32.0,55.12,8.27,0.08
2018,12,SCL004,1.0,2018-03-22,2018-03-19,56.0,71.0,37.0,42.52,6.66,0.13
2018,13,SCL004,1.0,2018-03-29,2018-03-26,59.2,82.0,38.0,28.12,6.09,0.0
2018,14,SCL004,5.0,2018-04-03,2018-04-02,65.14,86.0,42.0,28.12,7.03,0.21
2018,15,SCL004,2.0,2018-04-10,2018-04-09,63.46,89.0,41.0,20.22,10.2,0.0
2018,16,SCL004,2.0,2018-04-17,2018-04-16,61.57,85.0,40.0,25.9,10.43,0.07
2018,17,SCL004,1.0,2018-04-24,2018-04-23,73.43,93.0,52.0,15.46,8.84,0.0
2018,18,SCL004,2.0,2018-05-01,2018-04-30,65.14,94.0,44.0,40.18,5.51,0.3
2018,19,SCL004,2.0,2018-05-08,2018-05-07,75.57,98.0,53.0,17.85,8.4,0.0
2018,20,SCL004,3.0,2018-05-15,2018-05-14,73.29,91.0,56.0,18.36,8.04,0.0
2018,21,SCL004,3.0,2018-05-22,2018-05-21,74.29,93.0,56.0,21.16,8.79,0.02
2018,22,SCL004,14.0,2018-05-29,2018-05-28,79.71,100.0,59.0,17.46,8.91,0.0
2018,23,SCL004,5.0,2018-06-05,2018-06-04,83.71,103.0,67.0,11.06,9.74,0.0
2018,24,SCL004,6.0,2018-06-12,2018-06-11,85.0,104.0,66.0,17.22,10.77,0.0
2018,25,SCL004,5.0,2018-06-19,2018-06-18,86.0,106.0,63.0,12.23,7.69,0.0
2018,26,SCL004,11.0,2018-06-26,2018-06-25,87.97,105.0,69.0,10.63,8.06,0.0
2018,27,SCL004,17.0,2018-07-02,2018-07-02,90.71,108.0,73.0,16.33,9.23,0.01
2018,28,SCL004,38.0,2018-07-10,2018-07-09,86.43,105.0,69.0,49.03,7.43,0.04
2018,29,SCL004,24.0,2018-07-17,2018-07-16,89.71,106.0,71.0,39.86,8.12,0.01
2018,30,SCL004,22.0,2018-07-23,2018-07-23,93.43,110.0,76.0,24.21,7.73,0.0
2018,31,SCL004,17.0,2018-07-31,2018-07-30,90.68,107.0,71.0,31.48,7.53,0.3
2018,32,SCL004,5.0,2018-08-07,2018-08-06,88.14,107.0,67.0,26.12,6.96,0.13
2018,33,SCL004,6.0,2018-08-14,2018-08-13,88.28,105.0,70.0,32.05,7.08,0.02
2018,34,SCL004,34.0,2018-08-21,2018-08-20,84.43,105.0,67.0,41.61,9.19,0.81
2018,35,SCL004,5.0,2018-08-28,2018-08-27,82.6,98.0,63.0,20.41,5.97,0.0
2018,36,SCL004,6.0,2018-09-05,2018-09-03,82.29,101.0,66.0,30.0,5.73,0.14
2018,37,SCL004,4.0,2018-09-11,2018-09-10,83.06,99.0,63.0,16.28,8.08,0.0
2018,39,SCL004,10.0,2018-09-25,2018-09-24,78.29,94.0,57.0,18.37,6.69,0.0
2018,41,SCL004,12.0,2018-10-10,2018-10-08,61.14,77.0,46.0,43.6,8.24,0.01
2018,42,SCL004,3.0,2018-10-16,2018-10-15,59.43,82.0,41.0,38.75,6.56,0.06
2018,44,SCL004,4.0,2018-11-02,2018-10-29,58.72,79.0,39.0,33.35,5.42,0.0
2018,45,SCL004,3.0,2018-11-06,2018-11-05,51.14,73.0,31.0,27.58,5.91,0.0
2018,46,SCL004,0.0,2018-11-14,2018-11-12,46.29,65.0,28.0,31.27,2.9,0.0
2018,47,SCL004,0.0,2018-11-20,2018-11-19,45.86,62.0,31.0,40.09,3.56,0.01
2018,48,SCL004,0.0,2018-11-27,2018-11-26,44.06,59.0,29.0,59.96,4.46,0.01
2019,13,SCL004,0.0,2019-03-28,2019-03-25,56.63,74.0,42.0,38.09,5.94,0.0
2019,14,SCL004,0.0,2019-04-02,2019-04-01,59.59,78.0,42.0,43.06,5.64,0.0
2019,15,SCL004,2.0,2019-04-09,2019-04-08,58.23,84.0,38.0,38.62,7.97,0.02
2019,17,SCL004,11.0,2019-04-24,2019-04-22,71.29,91.0,47.0,33.57,6.59,0.01
2019,18,SCL004,9.0,2019-05-02,2019-04-29,63.71,88.0,45.0,41.02,6.13,0.06
2019,19,SCL004,33.0,2019-05-07,2019-05-06,65.72,84.0,50.0,46.66,6.97,1.03
2019,20,SCL004,15.0,2019-05-14,2019-05-13,66.43,89.0,44.0,37.1,8.59,0.05
2019,21,SCL004,5.0,2019-05-22,2019-05-20,59.86,82.0,46.0,51.86,8.06,0.2
2019,22,SCL004,8.0,2019-05-30,2019-05-27,68.09,91.0,49.0,40.99,6.13,0.14
2019,23,SCL004,11.0,2019-06-04,2019-06-03,79.1,98.0,60.0,22.42,8.93,0.0
2019,24,SCL004,14.0,2019-06-12,2019-06-10,82.74,103.0,61.0,19.82,6.11,0.03
2019,25,SCL004,25.0,2019-06-18,2019-06-17,79.49,99.0,57.0,24.11,8.11,0.01
2019,26,SCL004,18.0,2019-06-25,2019-06-24,83.11,100.0,63.0,15.7,8.24,0.01
2019,27,SCL004,27.0,2019-07-02,2019-07-01,84.14,101.0,66.0,14.45,7.61,0.0
2019,28,SCL004,46.0,2019-07-09,2019-07-08,87.71,106.0,68.0,18.12,7.13,0.01
2019,29,SCL004,51.0,2019-07-16,2019-07-15,88.14,107.0,70.0,14.48,7.39,0.0
2019,30,SCL004,72.0,2019-07-23,2019-07-22,89.64,106.0,70.0,29.3,6.67,0.02
2019,31,SCL004,89.0,2019-07-30,2019-07-29,89.44,107.0,69.0,29.18,6.86,0.03
2019,32,SCL004,88.0,2019-08-06,2019-08-05,88.64,107.0,74.0,29.96,9.1,0.0
2019,33,SCL004,58.0,2019-08-13,2019-08-12,88.17,105.0,69.0,12.19,5.71,0.0
2019,34,SCL004,0.0,2019-08-20,2019-08-19,85.43,104.0,68.0,15.05,5.87,0.0
2019,35,SCL004,60.0,2019-08-27,2019-08-26,87.43,105.0,68.0,21.23,5.8,0.01
2019,36,SCL004,75.0,2019-09-04,2019-09-02,87.71,103.0,72.0,26.15,7.17,0.01
2019,37,SCL004,37.0,2019-09-10,2019-09-09,78.29,98.0,60.0,19.35,7.39,0.0
2019,38,SCL004,71.0,2019-09-17,2019-09-16,74.0,94.0,52.0,18.87,9.07,0.0
2019,39,SCL004,68.0,2019-09-24,2019-09-23,73.57,92.0,55.0,31.41,8.87,0.01
2019,40,SCL004,29.0,2019-10-01,2019-09-30,63.71,85.0,43.0,16.92,5.23,0.0
2019,41,SCL004,16.0,2019-10-08,2019-10-07,60.86,86.0,35.0,13.51,5.99,0.0
2019,42,SCL004,39.0,2019-10-17,2019-10-14,62.24,84.0,42.0,21.21,5.13,0.0
2019,43,SCL004,6.0,2019-10-22,2019-10-21,58.45,78.0,39.0,21.16,5.6,0.0
2019,44,SCL004,0.0,2019-11-01,2019-10-28,45.17,71.0,23.0,16.91,5.3,0.0
2019,45,SCL004,4.0,2019-11-13,2019-11-11,55.86,74.0,38.0,25.25,2.76,0.0
2019,46,SCL004,2.0,2019-11-19,2019-11-18,48.86,70.0,34.0,66.4,3.58,0.01
2020,7,SCL004,0.0,2020-02-14,2020-02-10,45.0,64.0,26.0,36.51,6.2,0.0
2020,9,SCL004,1.0,2020-02-28,2020-02-24,48.29,64.0,30.0,45.38,5.6,0.05
2020,10,SCL004,2.0,2020-03-06,2020-03-02,54.77,75.0,37.0,42.86,6.11,0.1
2020,11,SCL004,2.0,2020-03-12,2020-03-09,56.14,71.0,44.0,65.99,6.37,1.72
2020,12,SCL004,0.0,2020-03-17,2020-03-16,50.43,66.0,39.0,67.61,5.83,0.45
2020,13,SCL004,2.0,2020-03-25,2020-03-23,50.86,67.0,34.0,53.26,6.73,0.37
2020,14,SCL004,1.0,2020-04-01,2020-03-30,56.86,74.0,38.0,38.99,6.91,0.0
2020,15,SCL004,2.0,2020-04-07,2020-04-06,57.57,78.0,41.0,51.67,7.39,0.5
2020,16,SCL004,1.0,2020-04-14,2020-04-13,57.57,75.0,38.0,33.84,7.69,0.01
2020,17,SCL004,5.0,2020-04-21,2020-04-20,66.0,86.0,47.0,42.3,5.31,0.21
2020,18,SCL004,2.0,2020-04-28,2020-04-27,74.57,94.0,54.0,23.42,6.04,0.0
2020,19,SCL004,1.0,2020-05-05,2020-05-04,73.86,93.0,52.0,17.28,6.43,0.01
2020,20,SCL004,5.0,2020-05-12,2020-05-11,73.57,93.0,56.0,23.1,9.91,0.0
2020,21,SCL004,16.0,2020-05-19,2020-05-18,67.71,91.0,48.0,21.27,11.93,0.0
2020,22,SCL004,25.0,2020-05-27,2020-05-25,82.57,104.0,56.0,16.38,7.0,0.0
2020,23,SCL004,36.0,2020-06-02,2020-06-01,82.0,103.0,61.0,17.6,9.17,0.01
2020,24,SCL004,21.0,2020-06-10,2020-06-08,76.0,102.0,51.0,14.17,8.66,0.0
2020,25,SCL004,25.0,2020-06-16,2020-06-15,81.29,101.0,63.0,14.2,9.71,0.0
2020,26,SCL004,52.0,2020-06-23,2020-06-22,88.57,105.0,69.0,14.3,9.31,0.0
2020,27,SCL004,35.0,2020-06-30,2020-06-29,81.86,103.0,55.0,17.66,8.37,0.0
2020,28,SCL004,55.0,2020-07-07,2020-07-06,89.14,109.0,67.0,11.29,7.21,0.0
2020,29,SCL004,179.0,2020-07-14,2020-07-13,91.29,109.0,72.0,14.58,7.94,0.0
2020,30,SCL004,19.0,2020-07-21,2020-07-20,88.71,106.0,72.0,23.53,9.24,0.0
2020,31,SCL004,134.0,2020-07-28,2020-07-27,91.2,110.0,69.0,14.51,6.36,0.01
2020,32,SCL004,75.0,2020-08-04,2020-08-03,86.29,104.0,66.0,11.15,7.09,0.0
2020,33,SCL004,81.0,2020-08-11,2020-08-10,87.86,111.0,66.0,13.36,5.31,0.0
2020,34,SCL004,112.0,2020-08-18,2020-08-17,92.43,111.0,70.0,21.14,6.49,0.04
2020,35,SCL004,127.0,2020-08-25,2020-08-24,88.14,105.0,68.0,24.84,6.4,0.0
2020,36,SCL004,19.0,2020-09-01,2020-08-31,86.29,110.0,66.0,13.93,6.01,0.0
2020,37,SCL004,18.0,2020-09-08,2020-09-07,74.57,103.0,54.0,18.03,8.51,0.0
2020,38,SCL004,16.0,2020-09-15,2020-09-14,82.14,100.0,63.0,14.82,5.53,0.0
2020,39,SCL004,55.0,2020-09-22,2020-09-21,79.57,97.0,59.0,20.6,6.17,0.02
2020,40,SCL004,58.0,2020-09-29,2020-09-28,76.0,96.0,55.0,11.26,4.74,0.0
2020,41,SCL004,52.0,2020-10-06,2020-10-05,73.43,94.0,55.0,16.64,4.5,0.0
2020,42,SCL004,40.0,2020-10-13,2020-10-12,69.57,91.0,49.0,17.43,4.46,0.0
2020,43,SCL004,40.0,2020-10-20,2020-10-19,64.33,88.0,41.0,24.37,4.75,0.0
2020,44,SCL004,5.0,2020-10-29,2020-10-26,55.14,78.0,32.0,20.33,6.01,0.0
2020,45,SCL004,4.0,2020-11-05,2020-11-02,61.14,85.0,37.0,38.65,6.41,0.18
2020,47,SCL004,3.0,2020-11-17,2020-11-16,55.0,78.0,34.0,32.42,3.21,0.0
2020,48,SCL004,6.0,2020-11-24,2020-11-23,42.57,58.0,26.0,37.19,4.2,0.01
2021,7,SCL004,0.0,2021-02-09,2021-02-08,49.29,65.0,29.0,43.5,4.43,0.11
2021,8,SCL004,0.0,2021-02-16,2021-02-15,43.43,59.0,27.0,39.36,6.0,0.03
2021,9,SCL004,0.0,2021-02-23,2021-02-22,45.57,69.0,24.0,26.58,6.63,0.0
2021,10,SCL004,0.0,2021-03-02,2021-03-01,53.14,76.0,27.0,27.05,5.04,0.01
2021,11,SCL004,1.0,2021-03-09,2021-03-08,46.86,76.0,32.0,56.48,7.41,0.89
2021,12,SCL004,3.0,2021-03-18,2021-03-15,52.43,72.0,32.0,54.68,7.34,0.6
2021,13,SCL004,0.0,2021-03-25,2021-03-22,52.86,74.0,34.0,36.09,8.83,0.03
2021,14,SCL004,0.0,2021-03-30,2021-03-29,60.86,86.0,34.0,19.13,5.27,0.0
2021,15,SCL004,2.0,2021-04-06,2021-04-05,64.14,84.0,43.0,14.12,6.69,0.0
2021,16,SCL004,7.0,2021-04-13,2021-04-12,61.57,82.0,44.0,23.05,10.11,0.0
2021,17,SCL004,12.0,2021-04-20,2021-04-19,67.76,83.0,47.0,16.96,11.02,0.0
2021,18,SCL004,6.0,2021-04-29,2021-04-26,66.86,93.0,44.0,32.05,8.74,0.29
2021,19,SCL004,6.0,2021-05-04,2021-05-03,71.57,94.0,52.0,17.44,8.44,0.0
2021,20,SCL004,7.0,2021-05-11,2021-05-10,73.86,93.0,53.0,13.04,8.36,0.0
2021,21,SCL004,8.0,2021-05-19,2021-05-17,68.86,94.0,46.0,18.96,11.83,0.01
2021,22,SCL004,1.0,2021-05-25,2021-05-24,75.71,95.0,52.0,12.2,6.24,0.0
2021,23,SCL004,18.0,2021-06-02,2021-05-31,85.43,105.0,62.0,11.61,7.33,0.0
2021,24,SCL004,10.0,2021-06-08,2021-06-07,80.57,105.0,58.0,10.22,9.06,0.0
2021,25,SCL004,7.0,2021-06-15,2021-06-14,93.57,112.0,74.0,10.62,6.11,0.0
2021,26,SCL004,22.0,2021-06-22,2021-06-21,87.43,106.0,68.0,18.49,9.26,0.01
2021,27,SCL004,19.0,2021-07-01,2021-06-28,87.86,105.0,72.0,22.67,8.24,0.01
2021,28,SCL004,41.0,2021-07-06,2021-07-05,97.0,114.0,77.0,14.18,6.67,0.0
2021,29,SCL004,34.0,2021-07-13,2021-07-12,87.71,109.0,69.0,42.67,8.01,0.01
2021,30,SCL004,41.0,2021-07-20,2021-07-19,87.43,103.0,72.0,48.8,6.99,0.0
2021,31,SCL004,18.0,2021-07-28,2021-07-26,84.43,102.0,70.0,50.97,6.57,0.0
2021,32,SCL004,14.0,2021-08-03,2021-08-02,89.71,109.0,67.0,20.41,6.91,0.0
2021,33,SCL004,12.0,2021-08-10,2021-08-09,89.14,105.0,71.0,30.35,7.0,0.0
2021,34,SCL004,4.0,2021-08-17,2021-08-16,83.57,104.0,63.0,33.14,9.8,0.0
2021,35,SCL004,7.0,2021-08-24,2021-08-23,85.0,105.0,64.0,16.53,5.1,0.0
2021,36,SCL004,47.0,2021-08-31,2021-08-30,82.65,103.0,66.0,39.27,5.46,0.0
2021,37,SCL004,6.0,2021-09-08,2021-09-06,87.43,105.0,70.0,23.57,5.31,0.0
2021,38,SCL004,9.0,2021-09-14,2021-09-13,79.71,100.0,60.0,26.2,5.8,0.01
2021,39,SCL004,2.0,2021-09-21,2021-09-20,76.43,94.0,56.0,21.3,5.19,0.0
2021,40,SCL004,6.0,2021-09-28,2021-09-27,71.0,90.0,50.0,29.84,5.99,0.0
2021,41,SCL004,4.0,2021-10-05,2021-10-04,67.0,88.0,49.0,56.54,5.14,0.01
2021,43,SCL004,0.0,2021-10-20,2021-10-18,58.86,78.0,38.0,41.72,4.79,0.0
2021,45,SCL004,1.0,2021-11-03,2021-11-01,61.0,79.0,43.0,42.68,3.16,0.0
2021,46,SCL004,1.0,2021-11-09,2021-11-08,57.48,73.0,41.0,43.24,2.69,0.0
2021,47,SCL004,4.0,2021-11-16,2021-11-15,53.71,71.0,34.0,36.68,3.89,0.0
2021,48,SCL004,0.0,2021-11-23,2021-11-22,47.57,65.0,29.0,31.8,4.29,0.0
2021,49,SCL004,0.0,2021-11-30,2021-11-29,49.57,69.0,31.0,37.95,1.61,0.0
2021,50,SCL004,0.0,2021-12-07,2021-12-06,44.0,59.0,25.0,57.5,4.19,0.04
2022,10,SCL004,1.0,2022-03-10,2022-03-07,45.0,67.0,24.0,32.32,6.76,0.01
2022,11,SCL004,1.0,2022-03-16,2022-03-14,55.71,73.0,39.0,29.83,6.0,0.02
2022,12,SCL004,0.0,2022-03-24,2022-03-21,61.0,87.0,40.0,21.16,7.83,0.0
2022,13,SCL004,2.0,2022-03-31,2022-03-28,61.29,80.0,40.0,38.76,6.71,0.01
2022,14,SCL004,1.0,2022-04-05,2022-04-04,63.86,86.0,42.0,16.87,8.36,0.0
2022,15,SCL004,0.0,2022-04-14,2022-04-11,57.43,83.0,33.0,17.82,9.59,0.02
2022,16,SCL004,9.0,2022-04-19,2022-04-18,63.86,88.0,38.0,26.41,10.21,0.09
2022,17,SCL004,3.0,2022-04-26,2022-04-25,67.86,86.0,42.0,14.43,8.16,0.0
2022,18,SCL004,11.0,2022-05-03,2022-05-02,70.86,92.0,49.0,18.29,11.53,0.0
2022,19,SCL004,5.0,2022-05-11,2022-05-09,66.57,98.0,48.0,14.1,7.17,0.0
2022,21,SCL004,5.0,2022-05-24,2022-05-23,77.71,100.0,55.0,13.06,9.49,0.0
2022,22,SCL004,12.0,2022-05-31,2022-05-30,75.14,96.0,52.0,15.4,8.04,0.0
2022,23,SCL004,36.0,2022-06-07,2022-06-06,87.86,106.0,69.0,14.97,8.09,0.0
2022,24,SCL004,50.0,2022-06-14,2022-06-13,81.43,106.0,62.0,11.75,11.51,0.0
2022,25,SCL004,11.0,2022-06-21,2022-06-20,83.14,103.0,57.0,17.12,7.33,0.01
2022,26,SCL004,26.0,2022-06-28,2022-06-27,90.29,104.0,75.0,20.08,10.89,0.01
2022,27,SCL004,9.0,2022-07-06,2022-07-04,87.86,106.0,70.0,13.85,8.8,0.0
2022,28,SCL004,6.0,2022-07-12,2022-07-11,93.71,108.0,77.0,24.37,8.04,0.02
2022,29,SCL004,24.0,2022-07-19,2022-07-18,93.57,110.0,79.0,23.5,8.01,0.03
2022,31,SCL004,16.0,2022-08-02,2022-08-01,87.29,102.0,73.0,42.64,6.47,0.08
2022,32,SCL004,15.0,2022-08-09,2022-08-08,85.43,104.0,73.0,46.98,6.6,0.15
2022,33,SCL004,40.0,2022-08-16,2022-08-15,84.43,99.0,71.0,49.42,6.64,0.04
2022,34,SCL004,31.0,2022-08-23,2022-08-22,85.86,103.0,69.0,37.01,5.5,0.47
2022,35,SCL004,20.0,2022-08-30,2022-08-29,90.71,108.0,71.0,22.05,4.3,0.0
2022,36,SCL004,1.0,2022-09-07,2022-09-05,87.29,111.0,66.0,31.95,6.51,0.01
2022,37,SCL004,16.0,2022-09-13,2022-09-12,75.14,92.0,61.0,56.31,6.79,1.08
2022,38,SCL004,9.0,2022-09-20,2022-09-19,77.57,93.0,59.0,31.61,5.53,0.0
2022,39,SCL004,20.0,2022-09-27,2022-09-26,77.79,95.0,60.0,35.98,4.8,0.44
2022,40,SCL004,25.0,2022-10-04,2022-10-03,73.52,88.0,58.0,36.66,4.44,0.01
2022,41,SCL004,10.0,2022-10-11,2022-10-10,71.14,87.0,55.0,27.73,4.26,0.0
2022,42,SCL004,4.0,2022-10-19,2022-10-17,64.29,85.0,39.0,33.49,6.11,0.34
2022,44,SCL004,2.0,2022-11-01,2022-10-31,51.43,74.0,32.0,42.74,6.04,0.02
2022,45,SCL004,51.0,2022-11-08,2022-11-07,49.14,72.0,31.0,50.81,8.54,0.3
2022,46,SCL004,0.0,2022-11-15,2022-11-14,41.71,54.0,27.0,41.95,5.77,0.0
2022,48,SCL004,0.0,2022-12-01,2022-11-28,45.29,62.0,25.0,46.38,3.03,0.01
2023,5,SCL004,0.0,2023-02-03,2023-01-30,39.14,62.0,19.0,57.29,3.54,0.15
2023,10,SCL004,0.0,2023-03-08,2023-03-06,50.0,65.0,31.0,57.95,5.07,0.15
2023,13,SCL004,0.0,2023-03-29,2023-03-27,49.57,69.0,30.0,47.78,6.46,0.13
2023,14,SCL004,0.0,2023-04-07,2023-04-03,50.29,80.0,26.0,38.61,6.76,0.02
2023,15,SCL004,3.0,2023-04-11,2023-04-10,64.14,90.0,43.0,27.49,6.81,0.02
2023,16,SCL004,5.0,2023-04-18,2023-04-17,61.14,83.0,38.0,24.14,9.09,0.0
2023,17,SCL004,10.0,2023-04-24,2023-04-24,68.86,92.0,51.0,23.36,6.47,0.01
2023,18,SCL004,38.0,2023-05-02,2023-05-01,65.57,89.0,48.0,27.54,9.24,0.02
2023,19,SCL004,22.0,2023-05-09,2023-05-08,69.71,88.0,48.0,23.51,8.79,0.01
2023,20,SCL004,74.0,2023-05-16,2023-05-15,76.17,91.0,57.0,36.7,7.22,0.17
2023,21,SCL004,142.0,2023-05-23,2023-05-22,76.29,93.0,57.0,22.04,7.76,0.02
2023,22,SCL004,66.0,2023-05-31,2023-05-29,75.71,94.0,57.0,21.94,7.03,0.02
2023,23,SCL004,299.0,2023-06-06,2023-06-05,77.16,97.0,61.0,18.28,8.09,0.01
2023,24,SCL004,120.0,2023-06-13,2023-06-12,75.71,98.0,57.0,37.66,7.94,0.09
2023,25,SCL004,14.0,2023-06-21,2023-06-19,78.43,97.0,57.0,11.78,9.56,0.0
2023,26,SCL004,186.0,2023-06-27,2023-06-26,83.29,107.0,64.0,13.59,6.69,0.0
2023,27,SCL004,255.0,2023-07-04,2023-07-03,87.14,109.0,67.0,9.62,7.04,0.0
2023,28,SCL004,261.0,2023-07-11,2023-07-10,92.29,114.0,73.0,16.33,6.26,0.0
2023,29,SCL004,66.0,2023-07-18,2023-07-17,95.14,112.0,77.0,19.31,8.4,0.0
2023,30,SCL004,42.0,2023-07-26,2023-07-24,92.29,109.0,74.0,24.69,9.04,0.02
2023,31,SCL004,19.0,2023-08-01,2023-07-31,83.14,103.0,67.0,38.68,5.63,0.47
2023,32,SCL004,11.0,2023-08-08,2023-08-07,83.57,103.0,65.0,31.35,7.11,0.2
2023,33,SCL004,35.0,2023-08-15,2023-08-14,82.57,101.0,65.0,50.17,6.24,0.21
2023,35,SCL004,33.0,2023-08-29,2023-08-28,81.46,106.0,65.0,50.86,6.43,2.76
2023,36,SCL004,16.0,2023-09-06,2023-09-04,77.24,98.0,62.0,44.32,4.47,0.02
2023,37,SCL004,15.0,2023-09-12,2023-09-11,76.86,94.0,61.0,45.56,3.95,0.04
2023,38,SCL004,8.0,2023-09-19,2023-09-18,72.14,92.0,53.0,37.06,5.07,0.05
2023,39,SCL004,8.0,2023-09-26,2023-09-25,71.43,91.0,52.0,33.39,6.0,0.04
2023,40,SCL004,2.0,2023-10-03,2023-10-02,68.07,89.0,48.0,41.49,4.69,0.19
2023,41,SCL004,1.0,2023-10-10,2023-10-09,66.29,88.0,46.0,30.17,5.31,0.0
2023,42,SCL004,3.0,2023-10-17,2023-10-16,70.86,89.0,50.0,26.1,3.17,0.0
2023,43,SCL004,0.0,2023-10-24,2023-10-23,59.86,78.0,41.0,34.92,7.0,0.0
2023,44,SCL004,0.0,2023-10-31,2023-10-30,53.71,74.0,34.0,20.44,2.64,0.0
2023,45,SCL004,12.0,2023-11-07,2023-11-06,52.71,78.0,32.0,30.33,5.2,0.01
2023,46,SCL004,0.0,2023-11-14,2023-11-13,56.0,73.0,36.0,57.82,3.94,0.3
2023,48,SCL004,0.0,2023-11-29,2023-11-27,43.71,58.0,25.0,47.76,3.01,0.02
2023,49,SCL004,0.0,2023-12-06,2023-12-04,45.27,65.0,27.0,41.87,3.6,0.0
2024,10,SCL004,1.0,2024-03-07,2024-03-04,51.14,66.0,35.0,40.28,5.99,0.01
2024,11,SCL004,2.0,2024-03-12,2024-03-11,51.43,67.0,38.0,50.99,7.97,0.25
2024,12,SCL004,0.0,2024-03-19,2024-03-18,57.29,76.0,39.0,44.37,7.51,0.14
2024,13,SCL004,2.0,2024-03-26,2024-03-25,53.0,72.0,35.0,45.25,7.31,0.69
2024,14,SCL004,6.0,2024-04-03,2024-04-01,54.14,77.0,34.0,41.14,8.71,0.01
2024,15,SCL004,1.0,2024-04-09,2024-04-08,62.29,86.0,41.0,24.65,8.41,0.0
2024,16,SCL004,1.0,2024-04-17,2024-04-15,66.86,88.0,45.0,26.3,5.48,0.0
2024,17,SCL004,6.0,2024-04-23,2024-04-22,66.29,89.0,47.0,31.77,8.99,0.02
2024,18,SCL004,20.0,2024-05-01,2024-04-29,66.86,86.0,46.0,22.07,8.71,0.01
2024,19,SCL004,5.0,2024-05-07,2024-05-06,63.0,88.0,39.0,27.17,9.03,0.01
2024,20,SCL004,26.0,2024-05-14,2024-05-13,77.14,94.0,57.0,18.19,8.07,0.0
2024,21,SCL004,35.0,2024-05-21,2024-05-20,73.14,89.0,52.0,17.04,10.24,0.0
2024,22,SCL004,27.0,2024-05-29,2024-05-27,80.86,98.0,61.0,13.38,7.24,0.0
2024,23,SCL004,162.0,2024-06-04,2024-06-03,87.71,108.0,69.0,15.77,7.36,0.0
2024,24,SCL004,81.0,2024-06-11,2024-06-10,87.06,105.0,68.0,11.63,7.06,0.0
2024,25,SCL004,121.0,2024-06-18,2024-06-17,84.86,106.0,63.0,14.44,8.46,0.0
2024,26,SCL004,0.0,2024-06-25,2024-06-24,93.29,108.0,76.0,20.9,10.33,0.0
2024,27,SCL004,156.0,2024-07-02,2024-07-01,91.14,112.0,73.0,9.89,8.01,0.0
2024,28,SCL004,127.0,2024-07-09,2024-07-08,93.9,114.0,75.0,13.82,6.95,0.02
2024,29,SCL004,91.0,2024-07-16,2024-07-15,92.97,108.0,76.0,25.97,8.11,0.11
2024,30,SCL004,13.0,2024-07-23,2024-07-22,92.29,108.0,70.0,23.47,8.79,0.09
2024,31,SCL004,40.0,2024-07-30,2024-07-29,89.29,106.0,69.0,19.72,6.89,0.01
2024,32,SCL004,86.0,2024-08-06,2024-08-05,92.57,109.0,79.0,29.7,9.17,0.03
2024,33,SCL004,9.0,2024-08-13,2024-08-12,87.86,103.0,71.0,30.48,8.99,1.23
2024,34,SCL004,34.0,2024-08-20,2024-08-19,84.71,104.0,68.0,33.33,11.16,0.11
2024,35,SCL004,8.0,2024-08-27,2024-08-26,83.35,102.0,61.0,20.93,5.56,0.01
2024,36,SCL004,0.0,2024-09-03,2024-09-02,87.3,103.0,70.0,19.12,6.56,0.01
2024,37,SCL004,0.0,2024-09-10,2024-09-09,82.19,100.0,61.0,19.17,8.0,0.0
2024,38,SCL004,9.0,2024-09-17,2024-09-16,73.71,91.0,55.0,24.7,7.77,0.02
2024,39,SCL004,17.0,2024-09-24,2024-09-23,82.0,102.0,62.0,16.39,4.43,0.0
2024,40,SCL004,16.0,2024-10-01,2024-09-30,82.0,101.0,62.0,15.02,3.97,0.0
2024,41,SCL004,18.0,2024-10-08,2024-10-07,77.84,96.0,59.0,16.75,4.12,0.0
2024,42,SCL004,21.0,2024-10-16,2024-10-14,67.63,89.0,48.0,35.66,8.2,0.31
2024,43,SCL004,9.0,2024-10-22,2024-10-21,64.43,82.0,48.0,34.79,2.73,0.0
2024,45,SCL004,4.0,2024-11-05,2024-11-04,47.86,65.0,31.0,31.24,6.4,0.0
2024,47,SCL004,0.0,2024-11-19,2024-11-18,47.43,69.0,30.0,27.16,4.1,0.0
2025,7,SCL004,1.0,2025-02-11,2025-02-10,43.4,60.0,23.0,50.43,4.69,0.25
2025,8,SCL004,2.0,2025-02-19,2025-02-17,51.0,70.0,34.0,39.11,4.4,0.0
2025,9,SCL004,1.0,2025-02-25,2025-02-24,57.11,79.0,37.0,21.18,7.41,0.01
2025,10,SCL004,1.0,2025-03-05,2025-03-03,47.86,67.0,32.0,48.15,7.24,0.16
2025,11,SCL004,1.0,2025-03-11,2025-03-10,50.43,71.0,34.0,50.75,7.23,0.3
2025,12,SCL004,0.0,2025-03-20,2025-03-17,54.65,76.0,34.0,30.1,7.8,0.02
2025,13,SCL004,0.0,2025-03-25,2025-03-24,65.0,87.0,45.0,23.01,6.51,0.0
2025,15,SCL004,1.0,2025-04-08,2025-04-07,69.71,91.0,44.0,14.98,5.59,0.0
2025,16,SCL004,11.0,2025-04-15,2025-04-14,63.29,86.0,39.0,26.38,7.81,0.1
2025,17,SCL004,4.0,2025-04-22,2025-04-21,67.02,84.0,46.0,16.54,9.33,0.0
2025,18,SCL004,18.0,2025-04-30,2025-04-28,67.29,86.0,48.0,30.31,7.6,0.1
2025,20,SCL004,14.0,2025-05-14,2025-05-12,68.43,92.0,51.0,24.01,11.31,0.04
2025,21,SCL004,16.0,2025-05-20,2025-05-19,76.29,97.0,54.0,14.39,7.89,0.0
2025,22,SCL004,34.0,2025-05-28,2025-05-26,83.71,104.0,62.0,13.95,6.5,0.0
2025,23,SCL004,31.0,2025-06-03,2025-06-02,78.84,101.0,59.0,39.72,7.61,1.74
2025,24,SCL004,36.0,2025-06-10,2025-06-09,88.43,105.0,71.0,13.16,8.49,0.0
2025,25,SCL004,24.0,2025-06-17,2025-06-16,86.43,107.0,62.0,8.95,11.21,0.0
2025,26,SCL004,42.0,2025-06-24,2025-06-23,82.86,102.0,64.0,12.5,6.21,0.0
2025,27,SCL004,78.0,2025-07-01,2025-06-30,88.18,106.0,69.0,19.18,9.14,0.01
2025,28,SCL004,40.0,2025-07-08,2025-07-07,91.55,108.0,70.0,13.12,6.7,0.0
2025,29,SCL004,60.0,2025-07-15,2025-07-14,89.86,109.0,73.0,24.03,8.79,0.0
2025,30,SCL004,45.0,2025-07-22,2025-07-21,84.17,99.0,68.0,14.91,7.65,0.15
2025,31,SCL004,73.0,2025-07-29,2025-07-28,87.29,104.0,68.0,10.27,7.41,0.0
2025,32,SCL004,23.0,2025-08-05,2025-08-04,90.86,108.0,74.0,10.49,8.59,0.0
2025,33,SCL004,21.0,2025-08-12,2025-08-11,89.0,108.0,70.0,20.38,8.13,0.23
2025,34,SCL004,44.0,2025-08-19,2025-08-18,90.28,107.0,70.0,21.51,6.22,0.02
2025,35,SCL004,36.0,2025-08-26,2025-08-25,78.8,80.0,77.0,47.6,4.8,0.0
2018,14,SCL005,0.0,2018-04-03,2018-04-02,65.14,86.0,42.0,28.12,7.03,0.21
2018,15,SCL005,0.0,2018-04-10,2018-04-09,63.46,89.0,41.0,20.22,10.2,0.0
2018,16,SCL005,0.0,2018-04-17,2018-04-16,61.57,85.0,40.0,25.9,10.43,0.07
2018,17,SCL005,0.0,2018-04-24,2018-04-23,73.43,93.0,52.0,15.46,8.84,0.0
2018,18,SCL005,0.0,2018-05-01,2018-04-30,65.14,94.0,44.0,40.18,5.51,0.3
2018,19,SCL005,1.0,2018-05-08,2018-05-07,75.57,98.0,53.0,17.85,8.4,0.0
2018,20,SCL005,3.0,2018-05-15,2018-05-14,73.29,91.0,56.0,18.36,8.04,0.0
2018,21,SCL005,2.0,2018-05-22,2018-05-21,74.29,93.0,56.0,21.16,8.79,0.02
2018,22,SCL005,2.0,2018-05-29,2018-05-28,79.71,100.0,59.0,17.46,8.91,0.0
2018,23,SCL005,4.0,2018-06-05,2018-06-04,83.71,103.0,67.0,11.06,9.74,0.0
2018,24,SCL005,1.0,2018-06-12,2018-06-11,85.0,104.0,66.0,17.22,10.77,0.0
2018,25,SCL005,2.0,2018-06-19,2018-06-18,86.0,106.0,63.0,12.23,7.69,0.0
2018,26,SCL005,5.0,2018-06-26,2018-06-25,87.97,105.0,69.0,10.63,8.06,0.0
2018,27,SCL005,7.0,2018-07-02,2018-07-02,90.71,108.0,73.0,16.33,9.23,0.01
2018,28,SCL005,4.0,2018-07-10,2018-07-09,86.43,105.0,69.0,49.03,7.43,0.04
2018,29,SCL005,9.0,2018-07-17,2018-07-16,89.71,106.0,71.0,39.86,8.12,0.01
2018,30,SCL005,0.0,2018-07-23,2018-07-23,93.43,110.0,76.0,24.21,7.73,0.0
2018,31,SCL005,23.0,2018-07-31,2018-07-30,90.68,107.0,71.0,31.48,7.53,0.3
2018,32,SCL005,12.0,2018-08-07,2018-08-06,88.14,107.0,67.0,26.12,6.96,0.13
2018,33,SCL005,3.0,2018-08-14,2018-08-13,88.28,105.0,70.0,32.05,7.08,0.02
2018,34,SCL005,4.0,2018-08-21,2018-08-20,84.43,105.0,67.0,41.61,9.19,0.81
2018,35,SCL005,8.0,2018-08-28,2018-08-27,82.6,98.0,63.0,20.41,5.97,0.0
2018,36,SCL005,10.0,2018-09-05,2018-09-03,82.29,101.0,66.0,30.0,5.73,0.14
2018,37,SCL005,13.0,2018-09-11,2018-09-10,83.06,99.0,63.0,16.28,8.08,0.0
2018,39,SCL005,3.0,2018-09-25,2018-09-24,78.29,94.0,57.0,18.37,6.69,0.0
2018,41,SCL005,1.0,2018-10-10,2018-10-08,61.14,77.0,46.0,43.6,8.24,0.01
2018,42,SCL005,0.0,2018-10-16,2018-10-15,59.43,82.0,41.0,38.75,6.56,0.06
2019,20,SCL005,2.0,2019-05-14,2019-05-13,66.43,89.0,44.0,37.1,8.59,0.05
2019,21,SCL005,0.0,2019-05-22,2019-05-20,59.86,82.0,46.0,51.86,8.06,0.2
2019,22,SCL005,7.0,2019-05-30,2019-05-27,68.09,91.0,49.0,40.99,6.13,0.14
2019,23,SCL005,2.0,2019-06-04,2019-06-03,79.1,98.0,60.0,22.42,8.93,0.0
2019,24,SCL005,9.0,2019-06-12,2019-06-10,82.74,103.0,61.0,19.82,6.11,0.03
2019,25,SCL005,6.0,2019-06-18,2019-06-17,79.49,99.0,57.0,24.11,8.11,0.01
2019,26,SCL005,12.0,2019-06-25,2019-06-24,83.11,100.0,63.0,15.7,8.24,0.01
2019,27,SCL005,7.0,2019-07-02,2019-07-01,84.14,101.0,66.0,14.45,7.61,0.0
2019,28,SCL005,14.0,2019-07-09,2019-07-08,87.71,106.0,68.0,18.12,7.13,0.01
2019,29,SCL005,24.0,2019-07-16,2019-07-15,88.14,107.0,70.0,14.48,7.39,0.0
2019,30,SCL005,22.0,2019-07-23,2019-07-22,89.64,106.0,70.0,29.3,6.67,0.02
2019,31,SCL005,12.0,2019-07-30,2019-07-29,89.44,107.0,69.0,29.18,6.86,0.03
2019,32,SCL005,24.0,2019-08-06,2019-08-05,88.64,107.0,74.0,29.96,9.1,0.0
2019,33,SCL005,7.0,2019-08-13,2019-08-12,88.17,105.0,69.0,12.19,5.71,0.0
2019,34,SCL005,18.0,2019-08-20,2019-08-19,85.43,104.0,68.0,15.05,5.87,0.0
2019,35,SCL005,19.0,2019-08-27,2019-08-26,87.43,105.0,68.0,21.23,5.8,0.01
2019,36,SCL005,19.0,2019-09-04,2019-09-02,87.71,103.0,72.0,26.15,7.17,0.01
2019,37,SCL005,13.0,2019-09-10,2019-09-09,78.29,98.0,60.0,19.35,7.39,0.0
2019,38,SCL005,19.0,2019-09-17,2019-09-16,74.0,94.0,52.0,18.87,9.07,0.0
2019,39,SCL005,9.0,2019-09-24,2019-09-23,73.57,92.0,55.0,31.41,8.87,0.01
2019,40,SCL005,1.0,2019-10-01,2019-09-30,63.71,85.0,43.0,16.92,5.23,0.0
2020,17,SCL005,4.0,2020-04-21,2020-04-20,66.0,86.0,47.0,42.3,5.31,0.21
2020,18,SCL005,3.0,2020-04-28,2020-04-27,74.57,94.0,54.0,23.42,6.04,0.0
2020,19,SCL005,0.0,2020-05-05,2020-05-04,73.86,93.0,52.0,17.28,6.43,0.01
2020,20,SCL005,1.0,2020-05-12,2020-05-11,73.57,93.0,56.0,23.1,9.91,0.0
2020,21,SCL005,3.0,2020-05-19,2020-05-18,67.71,91.0,48.0,21.27,11.93,0.0
2020,22,SCL005,7.0,2020-05-27,2020-05-25,82.57,104.0,56.0,16.38,7.0,0.0
2020,23,SCL005,1.0,2020-06-02,2020-06-01,82.0,103.0,61.0,17.6,9.17,0.01
2020,25,SCL005,2.0,2020-06-16,2020-06-15,81.29,101.0,63.0,14.2,9.71,0.0
2020,26,SCL005,2.0,2020-06-23,2020-06-22,88.57,105.0,69.0,14.3,9.31,0.0
2020,27,SCL005,7.0,2020-06-30,2020-06-29,81.86,103.0,55.0,17.66,8.37,0.0
2020,28,SCL005,7.0,2020-07-07,2020-07-06,89.14,109.0,67.0,11.29,7.21,0.0
2020,29,SCL005,30.0,2020-07-14,2020-07-13,91.29,109.0,72.0,14.58,7.94,0.0
2020,30,SCL005,0.0,2020-07-21,2020-07-20,88.71,106.0,72.0,23.53,9.24,0.0
2020,31,SCL005,13.0,2020-07-28,2020-07-27,91.2,110.0,69.0,14.51,6.36,0.01
2020,32,SCL005,6.0,2020-08-04,2020-08-03,86.29,104.0,66.0,11.15,7.09,0.0
2020,33,SCL005,2.0,2020-08-11,2020-08-10,87.86,111.0,66.0,13.36,5.31,0.0
2020,34,SCL005,2.0,2020-08-18,2020-08-17,92.43,111.0,70.0,21.14,6.49,0.04
2020,35,SCL005,18.0,2020-08-25,2020-08-24,88.14,105.0,68.0,24.84,6.4,0.0
2020,36,SCL005,0.0,2020-09-01,2020-08-31,86.29,110.0,66.0,13.93,6.01,0.0
2020,37,SCL005,55.0,2020-09-08,2020-09-07,74.57,103.0,54.0,18.03,8.51,0.0
2020,38,SCL005,145.0,2020-09-15,2020-09-14,82.14,100.0,63.0,14.82,5.53,0.0
2020,39,SCL005,63.0,2020-09-22,2020-09-21,79.57,97.0,59.0,20.6,6.17,0.02
2020,40,SCL005,35.0,2020-09-29,2020-09-28,76.0,96.0,55.0,11.26,4.74,0.0
2020,41,SCL005,11.0,2020-10-06,2020-10-05,73.43,94.0,55.0,16.64,4.5,0.0
2020,42,SCL005,11.0,2020-10-13,2020-10-12,69.57,91.0,49.0,17.43,4.46,0.0
2020,43,SCL005,13.0,2020-10-20,2020-10-19,64.33,88.0,41.0,24.37,4.75,0.0
2020,44,SCL005,2.0,2020-10-29,2020-10-26,55.14,78.0,32.0,20.33,6.01,0.0
2020,45,SCL005,2.0,2020-11-05,2020-11-02,61.14,85.0,37.0,38.65,6.41,0.18
2020,48,SCL005,0.0,2020-11-24,2020-11-23,42.57,58.0,26.0,37.19,4.2,0.01
2021,20,SCL005,32.0,2021-05-11,2021-05-10,73.86,93.0,53.0,13.04,8.36,0.0
2021,21,SCL005,6.0,2021-05-19,2021-05-17,68.86,94.0,46.0,18.96,11.83,0.01
2021,22,SCL005,1.0,2021-05-25,2021-05-24,75.71,95.0,52.0,12.2,6.24,0.0
2021,23,SCL005,7.0,2021-06-02,2021-05-31,85.43,105.0,62.0,11.61,7.33,0.0
2021,24,SCL005,1.0,2021-06-08,2021-06-07,80.57,105.0,58.0,10.22,9.06,0.0
2021,25,SCL005,11.0,2021-06-15,2021-06-14,93.57,112.0,74.0,10.62,6.11,0.0
2021,26,SCL005,9.0,2021-06-22,2021-06-21,87.43,106.0,68.0,18.49,9.26,0.01
2021,27,SCL005,7.0,2021-06-29,2021-06-28,87.86,105.0,72.0,22.67,8.24,0.01
2021,28,SCL005,19.0,2021-07-06,2021-07-05,97.0,114.0,77.0,14.18,6.67,0.0
2021,29,SCL005,34.0,2021-07-13,2021-07-12,87.71,109.0,69.0,42.67,8.01,0.01
2021,30,SCL005,10.0,2021-07-20,2021-07-19,87.43,103.0,72.0,48.8,6.99,0.0
2021,31,SCL005,10.0,2021-07-28,2021-07-26,84.43,102.0,70.0,50.97,6.57,0.0
2021,32,SCL005,15.0,2021-08-03,2021-08-02,89.71,109.0,67.0,20.41,6.91,0.0
2021,33,SCL005,15.0,2021-08-10,2021-08-09,89.14,105.0,71.0,30.35,7.0,0.0
2021,34,SCL005,13.0,2021-08-17,2021-08-16,83.57,104.0,63.0,33.14,9.8,0.0
2021,35,SCL005,34.0,2021-08-24,2021-08-23,85.0,105.0,64.0,16.53,5.1,0.0
2021,36,SCL005,18.0,2021-08-31,2021-08-30,82.65,103.0,66.0,39.27,5.46,0.0
2021,37,SCL005,43.0,2021-09-08,2021-09-06,87.43,105.0,70.0,23.57,5.31,0.0
2021,38,SCL005,31.0,2021-09-14,2021-09-13,79.71,100.0,60.0,26.2,5.8,0.01
2021,39,SCL005,10.0,2021-09-21,2021-09-20,76.43,94.0,56.0,21.3,5.19,0.0
2021,40,SCL005,18.0,2021-09-28,2021-09-27,71.0,90.0,50.0,29.84,5.99,0.0
2021,41,SCL005,15.0,2021-10-05,2021-10-04,67.0,88.0,49.0,56.54,5.14,0.01
2022,11,SCL005,1.0,2022-03-16,2022-03-14,55.71,73.0,39.0,29.83,6.0,0.02
2022,12,SCL005,0.0,2022-03-24,2022-03-21,61.0,87.0,40.0,21.16,7.83,0.0
2022,15,SCL005,0.0,2022-04-14,2022-04-11,57.43,83.0,33.0,17.82,9.59,0.02
2022,17,SCL005,0.0,2022-04-26,2022-04-25,67.86,86.0,42.0,14.43,8.16,0.0
2022,18,SCL005,5.0,2022-05-03,2022-05-02,70.86,92.0,49.0,18.29,11.53,0.0
2022,19,SCL005,4.0,2022-05-11,2022-05-09,66.57,98.0,48.0,14.1,7.17,0.0
2022,21,SCL005,2.0,2022-05-24,2022-05-23,77.71,100.0,55.0,13.06,9.49,0.0
2022,22,SCL005,7.0,2022-05-31,2022-05-30,75.14,96.0,52.0,15.4,8.04,0.0
2022,23,SCL005,29.0,2022-06-07,2022-06-06,87.86,106.0,69.0,14.97,8.09,0.0
2022,24,SCL005,2.0,2022-06-14,2022-06-13,81.43,106.0,62.0,11.75,11.51,0.0
2022,25,SCL005,3.0,2022-06-21,2022-06-20,83.14,103.0,57.0,17.12,7.33,0.01
2022,26,SCL005,16.0,2022-06-28,2022-06-27,90.29,104.0,75.0,20.08,10.89,0.01
2022,27,SCL005,10.0,2022-07-06,2022-07-04,87.86,106.0,70.0,13.85,8.8,0.0
2022,28,SCL005,19.0,2022-07-12,2022-07-11,93.71,108.0,77.0,24.37,8.04,0.02
2022,29,SCL005,9.0,2022-07-19,2022-07-18,93.57,110.0,79.0,23.5,8.01,0.03
2022,31,SCL005,0.0,2022-08-02,2022-08-01,87.29,102.0,73.0,42.64,6.47,0.08
2022,32,SCL005,9.0,2022-08-09,2022-08-08,85.43,104.0,73.0,46.98,6.6,0.15
2022,34,SCL005,6.0,2022-08-23,2022-08-22,85.86,103.0,69.0,37.01,5.5,0.47
2022,35,SCL005,6.0,2022-08-30,2022-08-29,90.71,108.0,71.0,22.05,4.3,0.0
2022,36,SCL005,12.0,2022-09-07,2022-09-05,87.29,111.0,66.0,31.95,6.51,0.01
2022,38,SCL005,8.0,2022-09-20,2022-09-19,77.57,93.0,59.0,31.61,5.53,0.0
2022,39,SCL005,10.0,2022-09-27,2022-09-26,77.79,95.0,60.0,35.98,4.8,0.44
2022,40,SCL005,4.0,2022-10-04,2022-10-03,73.52,88.0,58.0,36.66,4.44,0.01
2022,41,SCL005,1.0,2022-10-11,2022-10-10,71.14,87.0,55.0,27.73,4.26,0.0
2023,15,SCL005,1.0,2023-04-11,2023-04-10,64.14,90.0,43.0,27.49,6.81,0.02
2023,16,SCL005,0.0,2023-04-18,2023-04-17,61.14,83.0,38.0,24.14,9.09,0.0
2023,17,SCL005,2.0,2023-04-24,2023-04-24,68.86,92.0,51.0,23.36,6.47,0.01
2023,19,SCL005,2.0,2023-05-09,2023-05-08,69.71,88.0,48.0,23.51,8.79,0.01
2023,20,SCL005,3.0,2023-05-16,2023-05-15,76.17,91.0,57.0,36.7,7.22,0.17
2023,21,SCL005,1.0,2023-05-23,2023-05-22,76.29,93.0,57.0,22.04,7.76,0.02
2023,22,SCL005,5.0,2023-05-31,2023-05-29,75.71,94.0,57.0,21.94,7.03,0.02
2023,23,SCL005,2.0,2023-06-06,2023-06-05,77.16,97.0,61.0,18.28,8.09,0.01
2023,24,SCL005,1.0,2023-06-13,2023-06-12,75.71,98.0,57.0,37.66,7.94,0.09
2023,25,SCL005,2.0,2023-06-21,2023-06-19,78.43,97.0,57.0,11.78,9.56,0.0
2023,26,SCL005,1.0,2023-06-27,2023-06-26,83.29,107.0,64.0,13.59,6.69,0.0
2023,27,SCL005,0.0,2023-07-04,2023-07-03,87.14,109.0,67.0,9.62,7.04,0.0
2023,28,SCL005,1.0,2023-07-11,2023-07-10,92.29,114.0,73.0,16.33,6.26,0.0
2023,29,SCL005,2.0,2023-07-18,2023-07-17,95.14,112.0,77.0,19.31,8.4,0.0
2023,30,SCL005,3.0,2023-07-26,2023-07-24,92.29,109.0,74.0,24.69,9.04,0.02
2023,31,SCL005,4.0,2023-08-01,2023-07-31,83.14,103.0,67.0,38.68,5.63,0.47
2023,32,SCL005,4.0,2023-08-08,2023-08-07,83.57,103.0,65.0,31.35,7.11,0.2
2023,33,SCL005,8.0,2023-08-15,2023-08-14,82.57,101.0,65.0,50.17,6.24,0.21
2023,35,SCL005,1.0,2023-08-29,2023-08-28,81.46,106.0,65.0,50.86,6.43,2.76
2023,36,SCL005,5.0,2023-09-06,2023-09-04,77.24,98.0,62.0,44.32,4.47,0.02
2023,37,SCL005,2.0,2023-09-12,2023-09-11,76.86,94.0,61.0,45.56,3.95,0.04
2023,38,SCL005,0.0,2023-09-19,2023-09-18,72.14,92.0,53.0,37.06,5.07,0.05
2023,39,SCL005,3.0,2023-09-26,2023-09-25,71.43,91.0,52.0,33.39,6.0,0.04
2024,23,SCL005,7.0,2024-06-04,2024-06-03,87.71,108.0,69.0,15.77,7.36,0.0
2024,24,SCL005,1.0,2024-06-11,2024-06-10,87.06,105.0,68.0,11.63,7.06,0.0
2024,25,SCL005,1.0,2024-06-18,2024-06-17,84.86,106.0,63.0,14.44,8.46,0.0
2024,26,SCL005,7.0,2024-06-25,2024-06-24,93.29,108.0,76.0,20.9,10.33,0.0
2024,27,SCL005,1.0,2024-07-02,2024-07-01,91.14,112.0,73.0,9.89,8.01,0.0
2024,28,SCL005,9.0,2024-07-09,2024-07-08,93.9,114.0,75.0,13.82,6.95,0.02
2024,29,SCL005,21.0,2024-07-16,2024-07-15,92.97,108.0,76.0,25.97,8.11,0.11
2024,30,SCL005,13.0,2024-07-23,2024-07-22,92.29,108.0,70.0,23.47,8.79,0.09
2024,31,SCL005,4.0,2024-07-30,2024-07-29,89.29,106.0,69.0,19.72,6.89,0.01
2024,32,SCL005,20.0,2024-08-06,2024-08-05,92.57,109.0,79.0,29.7,9.17,0.03
2024,33,SCL005,40.0,2024-08-13,2024-08-12,87.86,103.0,71.0,30.48,8.99,1.23
2024,34,SCL005,10.0,2024-08-20,2024-08-19,84.71,104.0,68.0,33.33,11.16,0.11
2024,35,SCL005,3.0,2024-08-27,2024-08-26,83.35,102.0,61.0,20.93,5.56,0.01
2024,36,SCL005,4.0,2024-09-03,2024-09-02,87.3,103.0,70.0,19.12,6.56,0.01
2024,37,SCL005,6.0,2024-09-10,2024-09-09,82.19,100.0,61.0,19.17,8.0,0.0
2024,38,SCL005,4.0,2024-09-17,2024-09-16,73.71,91.0,55.0,24.7,7.77,0.02
2024,39,SCL005,2.0,2024-09-24,2024-09-23,82.0,102.0,62.0,16.39,4.43,0.0
2024,40,SCL005,2.0,2024-10-01,2024-09-30,82.0,101.0,62.0,15.02,3.97,0.0
2025,18,SCL005,1.0,2025-04-30,2025-04-28,67.29,86.0,48.0,30.31,7.6,0.1
2025,20,SCL005,2.0,2025-05-14,2025-05-12,68.43,92.0,51.0,24.01,11.31,0.04
2025,21,SCL005,2.0,2025-05-20,2025-05-19,76.29,97.0,54.0,14.39,7.89,0.0
2025,23,SCL005,3.0,2025-06-03,2025-06-02,78.84,101.0,59.0,39.72,7.61,1.74
2025,24,SCL005,5.0,2025-06-10,2025-06-09,88.43,105.0,71.0,13.16,8.49,0.0
2025,25,SCL005,18.0,2025-06-17,2025-06-16,86.43,107.0,62.0,8.95,11.21,0.0
2025,26,SCL005,3.0,2025-06-24,2025-06-23,82.86,102.0,64.0,12.5,6.21,0.0
2025,27,SCL005,21.0,2025-07-01,2025-06-30,88.18,106.0,69.0,19.18,9.14,0.01
2025,28,SCL005,6.0,2025-07-08,2025-07-07,91.55,108.0,70.0,13.12,6.7,0.0
2025,29,SCL005,11.0,2025-07-15,2025-07-14,89.86,109.0,73.0,24.03,8.79,0.0
2025,31,SCL005,9.0,2025-07-29,2025-07-28,87.29,104.0,68.0,10.27,7.41,0.0
2025,32,SCL005,21.0,2025-08-05,2025-08-04,90.86,108.0,74.0,10.49,8.59,0.0
2025,33,SCL005,14.0,2025-08-12,2025-08-11,89.0,108.0,70.0,20.38,8.13,0.23
2025,34,SCL005,6.0,2025-08-19,2025-08-18,90.28,107.0,70.0,21.51,6.22,0.02
2025,35,SCL005,27.0,2025-08-26,2025-08-25,78.8,80.0,77.0,47.6,4.8,0.0
2022,6,SCL006,11.0,2022-02-10,2022-02-07,51.14,72.0,30.0,28.81,5.1,0.0
2022,7,SCL006,0.0,2022-02-15,2022-02-14,48.71,68.0,29.0,30.09,5.57,0.0
2022,9,SCL006,2.0,2022-03-03,2022-02-28,51.86,76.0,30.0,35.76,5.89,0.02
2022,10,SCL006,1.0,2022-03-10,2022-03-07,45.0,67.0,24.0,32.32,6.76,0.01
2022,11,SCL006,5.0,2022-03-16,2022-03-14,55.71,73.0,39.0,29.83,6.0,0.02
2022,12,SCL006,4.0,2022-03-24,2022-03-21,61.0,87.0,40.0,21.16,7.83,0.0
2022,13,SCL006,3.0,2022-03-31,2022-03-28,61.29,80.0,40.0,38.76,6.71,0.01
2022,14,SCL006,11.0,2022-04-05,2022-04-04,63.86,86.0,42.0,16.87,8.36,0.0
2022,15,SCL006,1.0,2022-04-14,2022-04-11,57.43,83.0,33.0,17.82,9.59,0.02
2022,16,SCL006,6.0,2022-04-19,2022-04-18,63.86,88.0,38.0,26.41,10.21,0.09
2022,17,SCL006,5.0,2022-04-26,2022-04-25,67.86,86.0,42.0,14.43,8.16,0.0
2022,18,SCL006,8.0,2022-05-03,2022-05-02,70.86,92.0,49.0,18.29,11.53,0.0
2022,19,SCL006,2.0,2022-05-11,2022-05-09,66.57,98.0,48.0,14.1,7.17,0.0
2022,21,SCL006,2.0,2022-05-24,2022-05-23,77.71,100.0,55.0,13.06,9.49,0.0
2022,22,SCL006,1.0,2022-05-31,2022-05-30,75.14,96.0,52.0,15.4,8.04,0.0
2022,23,SCL006,7.0,2022-06-07,2022-06-06,87.86,106.0,69.0,14.97,8.09,0.0
2022,24,SCL006,1.0,2022-06-14,2022-06-13,81.43,106.0,62.0,11.75,11.51,0.0
2022,25,SCL006,3.0,2022-06-21,2022-06-20,83.14,103.0,57.0,17.12,7.33,0.01
2022,26,SCL006,7.0,2022-06-28,2022-06-27,90.29,104.0,75.0,20.08,10.89,0.01
2022,36,SCL006,26.0,2022-09-07,2022-09-05,87.29,111.0,66.0,31.95,6.51,0.01
2023,21,SCL006,9.0,2023-05-23,2023-05-22,76.29,93.0,57.0,22.04,7.76,0.02
2023,26,SCL006,12.0,2023-06-27,2023-06-26,83.29,107.0,64.0,13.59,6.69,0.0
2023,27,SCL006,8.0,2023-07-04,2023-07-03,87.14,109.0,67.0,9.62,7.04,0.0
2018,14,SGE001,0.0,2018-04-04,2018-04-02,65.14,86.0,42.0,28.12,7.03,0.21
2018,15,SGE001,0.0,2018-04-11,2018-04-09,63.46,89.0,41.0,20.22,10.2,0.0
2018,16,SGE001,0.0,2018-04-18,2018-04-16,61.57,85.0,40.0,25.9,10.43,0.07
2018,17,SGE001,0.0,2018-04-25,2018-04-23,73.43,93.0,52.0,15.46,8.84,0.0
2018,18,SGE001,3.0,2018-05-04,2018-04-30,65.14,94.0,44.0,40.18,5.51,0.3
2018,19,SGE001,1.0,2018-05-09,2018-05-07,75.57,98.0,53.0,17.85,8.4,0.0
2018,20,SGE001,2.0,2018-05-16,2018-05-14,73.29,91.0,56.0,18.36,8.04,0.0
2018,21,SGE001,3.0,2018-05-23,2018-05-21,74.29,93.0,56.0,21.16,8.79,0.02
2018,22,SGE001,4.0,2018-05-30,2018-05-28,79.71,100.0,59.0,17.46,8.91,0.0
2018,23,SGE001,9.0,2018-06-06,2018-06-04,83.71,103.0,67.0,11.06,9.74,0.0
2018,24,SGE001,12.0,2018-06-13,2018-06-11,85.0,104.0,66.0,17.22,10.77,0.0
2018,25,SGE001,9.0,2018-06-20,2018-06-18,86.0,106.0,63.0,12.23,7.69,0.0
2018,26,SGE001,7.0,2018-06-27,2018-06-25,87.97,105.0,69.0,10.63,8.06,0.0
2018,27,SGE001,9.0,2018-07-03,2018-07-02,90.71,108.0,73.0,16.33,9.23,0.01
2018,28,SGE001,7.0,2018-07-11,2018-07-09,86.43,105.0,69.0,49.03,7.43,0.04
2018,29,SGE001,15.0,2018-07-18,2018-07-16,89.71,106.0,71.0,39.86,8.12,0.01
2018,30,SGE001,24.0,2018-07-26,2018-07-23,93.43,110.0,76.0,24.21,7.73,0.0
2018,31,SGE001,13.0,2018-08-01,2018-07-30,90.68,107.0,71.0,31.48,7.53,0.3
2018,32,SGE001,8.0,2018-08-08,2018-08-06,88.14,107.0,67.0,26.12,6.96,0.13
2018,33,SGE001,11.0,2018-08-15,2018-08-13,88.28,105.0,70.0,32.05,7.08,0.02
2018,34,SGE001,8.0,2018-08-22,2018-08-20,84.43,105.0,67.0,41.61,9.19,0.81
2018,35,SGE001,1.0,2018-08-29,2018-08-27,82.6,98.0,63.0,20.41,5.97,0.0
2018,3,SGE002,0.0,2018-01-18,2018-01-15,46.86,66.0,31.0,61.84,3.81,0.18
2018,5,SGE002,1.0,2018-02-01,2018-01-29,51.19,70.0,33.0,44.18,1.73,0.0
2018,6,SGE002,0.0,2018-02-08,2018-02-05,51.29,71.0,29.0,34.59,5.16,0.0
2018,9,SGE002,0.0,2018-03-09,2018-03-05,49.29,70.0,28.0,38.03,3.13,0.36
2018,11,SGE002,0.0,2018-03-14,2018-03-12,53.57,74.0,32.0,55.12,8.27,0.08
2018,12,SGE002,3.0,2018-03-22,2018-03-19,56.0,71.0,37.0,42.52,6.66,0.13
2018,13,SGE002,3.0,2018-03-29,2018-03-26,59.2,82.0,38.0,28.12,6.09,0.0
2018,14,SGE002,2.0,2018-04-04,2018-04-02,65.14,86.0,42.0,28.12,7.03,0.21
2018,15,SGE002,7.0,2018-04-11,2018-04-09,63.46,89.0,41.0,20.22,10.2,0.0
2018,16,SGE002,2.0,2018-04-18,2018-04-16,61.57,85.0,40.0,25.9,10.43,0.07
2018,17,SGE002,10.0,2018-04-25,2018-04-23,73.43,93.0,52.0,15.46,8.84,0.0
2018,18,SGE002,3.0,2018-05-04,2018-04-30,65.14,94.0,44.0,40.18,5.51,0.3
2018,19,SGE002,4.0,2018-05-09,2018-05-07,75.57,98.0,53.0,17.85,8.4,0.0
2018,20,SGE002,3.0,2018-05-16,2018-05-14,73.29,91.0,56.0,18.36,8.04,0.0
2018,21,SGE002,7.0,2018-05-23,2018-05-21,74.29,93.0,56.0,21.16,8.79,0.02
2018,22,SGE002,1.0,2018-05-30,2018-05-28,79.71,100.0,59.0,17.46,8.91,0.0
2018,23,SGE002,21.0,2018-06-06,2018-06-04,83.71,103.0,67.0,11.06,9.74,0.0
2018,24,SGE002,17.0,2018-06-13,2018-06-11,85.0,104.0,66.0,17.22,10.77,0.0
2018,25,SGE002,29.0,2018-06-20,2018-06-18,86.0,106.0,63.0,12.23,7.69,0.0
2018,26,SGE002,15.0,2018-06-27,2018-06-25,87.97,105.0,69.0,10.63,8.06,0.0
2018,27,SGE002,20.0,2018-07-03,2018-07-02,90.71,108.0,73.0,16.33,9.23,0.01
2018,28,SGE002,19.0,2018-07-11,2018-07-09,86.43,105.0,69.0,49.03,7.43,0.04
2018,29,SGE002,13.0,2018-07-18,2018-07-16,89.71,106.0,71.0,39.86,8.12,0.01
2018,30,SGE002,11.0,2018-07-26,2018-07-23,93.43,110.0,76.0,24.21,7.73,0.0
2018,31,SGE002,17.0,2018-08-01,2018-07-30,90.68,107.0,71.0,31.48,7.53,0.3
2018,32,SGE002,31.0,2018-08-08,2018-08-06,88.14,107.0,67.0,26.12,6.96,0.13
2018,33,SGE002,30.0,2018-08-15,2018-08-13,88.28,105.0,70.0,32.05,7.08,0.02
2018,34,SGE002,14.0,2018-08-22,2018-08-20,84.43,105.0,67.0,41.61,9.19,0.81
2018,35,SGE002,10.0,2018-08-29,2018-08-27,82.6,98.0,63.0,20.41,5.97,0.0
2018,36,SGE002,12.0,2018-09-05,2018-09-03,82.29,101.0,66.0,30.0,5.73,0.14
2018,37,SGE002,27.0,2018-09-11,2018-09-10,83.06,99.0,63.0,16.28,8.08,0.0
2018,39,SGE002,13.0,2018-09-25,2018-09-24,78.29,94.0,57.0,18.37,6.69,0.0
2018,41,SGE002,3.0,2018-10-10,2018-10-08,61.14,77.0,46.0,43.6,8.24,0.01
2018,42,SGE002,1.0,2018-10-16,2018-10-15,59.43,82.0,41.0,38.75,6.56,0.06
2018,45,SGE002,1.0,2018-11-06,2018-11-05,51.14,73.0,31.0,27.58,5.91,0.0
2018,46,SGE002,0.0,2018-11-14,2018-11-12,46.29,65.0,28.0,31.27,2.9,0.0
2018,47,SGE002,0.0,2018-11-20,2018-11-19,45.86,62.0,31.0,40.09,3.56,0.01
2018,48,SGE002,0.0,2018-11-27,2018-11-26,44.06,59.0,29.0,59.96,4.46,0.01
2019,13,SGE002,1.0,2019-03-28,2019-03-25,56.63,74.0,42.0,38.09,5.94,0.0
2019,14,SGE002,1.0,2019-04-02,2019-04-01,59.59,78.0,42.0,43.06,5.64,0.0
2019,15,SGE002,0.0,2019-04-09,2019-04-08,58.23,84.0,38.0,38.62,7.97,0.02
2019,17,SGE002,3.0,2019-04-24,2019-04-22,71.29,91.0,47.0,33.57,6.59,0.01
2019,18,SGE002,2.0,2019-05-02,2019-04-29,63.71,88.0,45.0,41.02,6.13,0.06
2019,19,SGE002,10.0,2019-05-07,2019-05-06,65.72,84.0,50.0,46.66,6.97,1.03
2019,20,SGE002,1.0,2019-05-14,2019-05-13,66.43,89.0,44.0,37.1,8.59,0.05
2019,21,SGE002,0.0,2019-05-22,2019-05-20,59.86,82.0,46.0,51.86,8.06,0.2
2019,22,SGE002,4.0,2019-05-30,2019-05-27,68.09,91.0,49.0,40.99,6.13,0.14
2019,23,SGE002,10.0,2019-06-04,2019-06-03,79.1,98.0,60.0,22.42,8.93,0.0
2019,24,SGE002,8.0,2019-06-12,2019-06-10,82.74,103.0,61.0,19.82,6.11,0.03
2019,25,SGE002,12.0,2019-06-18,2019-06-17,79.49,99.0,57.0,24.11,8.11,0.01
2019,26,SGE002,17.0,2019-06-25,2019-06-24,83.11,100.0,63.0,15.7,8.24,0.01
2019,27,SGE002,45.0,2019-07-02,2019-07-01,84.14,101.0,66.0,14.45,7.61,0.0
2019,28,SGE002,44.0,2019-07-09,2019-07-08,87.71,106.0,68.0,18.12,7.13,0.01
2019,29,SGE002,27.0,2019-07-16,2019-07-15,88.14,107.0,70.0,14.48,7.39,0.0
2019,30,SGE002,20.0,2019-07-24,2019-07-22,89.64,106.0,70.0,29.3,6.67,0.02
2019,31,SGE002,32.0,2019-07-31,2019-07-29,89.44,107.0,69.0,29.18,6.86,0.03
2019,32,SGE002,43.0,2019-08-07,2019-08-05,88.64,107.0,74.0,29.96,9.1,0.0
2019,33,SGE002,22.0,2019-08-14,2019-08-12,88.17,105.0,69.0,12.19,5.71,0.0
2019,34,SGE002,19.0,2019-08-21,2019-08-19,85.43,104.0,68.0,15.05,5.87,0.0
2019,35,SGE002,28.0,2019-08-27,2019-08-26,87.43,105.0,68.0,21.23,5.8,0.01
2019,36,SGE002,27.0,2019-09-04,2019-09-02,87.71,103.0,72.0,26.15,7.17,0.01
2019,37,SGE002,60.0,2019-09-10,2019-09-09,78.29,98.0,60.0,19.35,7.39,0.0
2019,38,SGE002,15.0,2019-09-17,2019-09-16,74.0,94.0,52.0,18.87,9.07,0.0
2019,39,SGE002,12.0,2019-09-24,2019-09-23,73.57,92.0,55.0,31.41,8.87,0.01
2019,40,SGE002,6.0,2019-10-01,2019-09-30,63.71,85.0,43.0,16.92,5.23,0.0
2019,41,SGE002,3.0,2019-10-08,2019-10-07,60.86,86.0,35.0,13.51,5.99,0.0
2019,42,SGE002,7.0,2019-10-17,2019-10-14,62.24,84.0,42.0,21.21,5.13,0.0
2019,43,SGE002,3.0,2019-10-22,2019-10-21,58.45,78.0,39.0,21.16,5.6,0.0
2019,44,SGE002,0.0,2019-11-01,2019-10-28,45.17,71.0,23.0,16.91,5.3,0.0
2019,45,SGE002,0.0,2019-11-13,2019-11-11,55.86,74.0,38.0,25.25,2.76,0.0
2019,46,SGE002,0.0,2019-11-19,2019-11-18,48.86,70.0,34.0,66.4,3.58,0.01
2020,7,SGE002,1.0,2020-02-14,2020-02-10,45.0,64.0,26.0,36.51,6.2,0.0
2020,9,SGE002,0.0,2020-02-28,2020-02-24,48.29,64.0,30.0,45.38,5.6,0.05
2020,10,SGE002,0.0,2020-03-06,2020-03-02,54.77,75.0,37.0,42.86,6.11,0.1
2020,12,SGE002,0.0,2020-03-17,2020-03-16,50.43,66.0,39.0,67.61,5.83,0.45
2020,13,SGE002,1.0,2020-03-25,2020-03-23,50.86,67.0,34.0,53.26,6.73,0.37
2020,14,SGE002,0.0,2020-04-01,2020-03-30,56.86,74.0,38.0,38.99,6.91,0.0
2020,15,SGE002,0.0,2020-04-07,2020-04-06,57.57,78.0,41.0,51.67,7.39,0.5
2020,16,SGE002,0.0,2020-04-14,2020-04-13,57.57,75.0,38.0,33.84,7.69,0.01
2020,17,SGE002,0.0,2020-04-21,2020-04-20,66.0,86.0,47.0,42.3,5.31,0.21
2020,18,SGE002,0.0,2020-04-28,2020-04-27,74.57,94.0,54.0,23.42,6.04,0.0
2020,19,SGE002,4.0,2020-05-05,2020-05-04,73.86,93.0,52.0,17.28,6.43,0.01
2020,20,SGE002,0.0,2020-05-12,2020-05-11,73.57,93.0,56.0,23.1,9.91,0.0
2020,21,SGE002,6.0,2020-05-19,2020-05-18,67.71,91.0,48.0,21.27,11.93,0.0
2020,22,SGE002,6.0,2020-05-27,2020-05-25,82.57,104.0,56.0,16.38,7.0,0.0
2020,23,SGE002,5.0,2020-06-02,2020-06-01,82.0,103.0,61.0,17.6,9.17,0.01
2020,25,SGE002,17.0,2020-06-16,2020-06-15,81.29,101.0,63.0,14.2,9.71,0.0
2020,26,SGE002,26.0,2020-06-23,2020-06-22,88.57,105.0,69.0,14.3,9.31,0.0
2020,27,SGE002,25.0,2020-06-30,2020-06-29,81.86,103.0,55.0,17.66,8.37,0.0
2020,28,SGE002,19.0,2020-07-07,2020-07-06,89.14,109.0,67.0,11.29,7.21,0.0
2020,29,SGE002,37.0,2020-07-14,2020-07-13,91.29,109.0,72.0,14.58,7.94,0.0
2020,30,SGE002,19.0,2020-07-21,2020-07-20,88.71,106.0,72.0,23.53,9.24,0.0
2020,31,SGE002,22.0,2020-07-28,2020-07-27,91.2,110.0,69.0,14.51,6.36,0.01
2020,32,SGE002,10.0,2020-08-04,2020-08-03,86.29,104.0,66.0,11.15,7.09,0.0
2020,33,SGE002,18.0,2020-08-11,2020-08-10,87.86,111.0,66.0,13.36,5.31,0.0
2020,34,SGE002,0.0,2020-08-18,2020-08-17,92.43,111.0,70.0,21.14,6.49,0.04
2020,35,SGE002,11.0,2020-08-25,2020-08-24,88.14,105.0,68.0,24.84,6.4,0.0
2020,36,SGE002,5.0,2020-09-01,2020-08-31,86.29,110.0,66.0,13.93,6.01,0.0
2020,37,SGE002,3.0,2020-09-08,2020-09-07,74.57,103.0,54.0,18.03,8.51,0.0
2020,38,SGE002,11.0,2020-09-15,2020-09-14,82.14,100.0,63.0,14.82,5.53,0.0
2020,39,SGE002,9.0,2020-09-22,2020-09-21,79.57,97.0,59.0,20.6,6.17,0.02
2020,40,SGE002,4.0,2020-09-29,2020-09-28,76.0,96.0,55.0,11.26,4.74,0.0
2020,41,SGE002,3.0,2020-10-06,2020-10-05,73.43,94.0,55.0,16.64,4.5,0.0
2020,42,SGE002,4.0,2020-10-13,2020-10-12,69.57,91.0,49.0,17.43,4.46,0.0
2020,43,SGE002,0.0,2020-10-20,2020-10-19,64.33,88.0,41.0,24.37,4.75,0.0
2020,44,SGE002,0.0,2020-10-29,2020-10-26,55.14,78.0,32.0,20.33,6.01,0.0
2020,45,SGE002,1.0,2020-11-05,2020-11-02,61.14,85.0,37.0,38.65,6.41,0.18
2021,15,SGE002,4.0,2021-04-06,2021-04-05,64.14,84.0,43.0,14.12,6.69,0.0
2021,16,SGE002,0.0,2021-04-13,2021-04-12,61.57,82.0,44.0,23.05,10.11,0.0
2021,17,SGE002,4.0,2021-04-20,2021-04-19,67.76,83.0,47.0,16.96,11.02,0.0
2021,18,SGE002,1.0,2021-04-29,2021-04-26,66.86,93.0,44.0,32.05,8.74,0.29
2021,19,SGE002,7.0,2021-05-04,2021-05-03,71.57,94.0,52.0,17.44,8.44,0.0
2021,20,SGE002,5.0,2021-05-11,2021-05-10,73.86,93.0,53.0,13.04,8.36,0.0
2021,21,SGE002,4.0,2021-05-19,2021-05-17,68.86,94.0,46.0,18.96,11.83,0.01
2021,22,SGE002,2.0,2021-05-25,2021-05-24,75.71,95.0,52.0,12.2,6.24,0.0
2021,23,SGE002,10.0,2021-06-02,2021-05-31,85.43,105.0,62.0,11.61,7.33,0.0
2021,24,SGE002,31.0,2021-06-08,2021-06-07,80.57,105.0,58.0,10.22,9.06,0.0
2021,25,SGE002,47.0,2021-06-15,2021-06-14,93.57,112.0,74.0,10.62,6.11,0.0
2021,26,SGE002,62.0,2021-06-22,2021-06-21,87.43,106.0,68.0,18.49,9.26,0.01
2021,27,SGE002,88.0,2021-06-29,2021-06-28,87.86,105.0,72.0,22.67,8.24,0.01
2021,28,SGE002,90.0,2021-07-07,2021-07-05,97.0,114.0,77.0,14.18,6.67,0.0
2021,29,SGE002,106.0,2021-07-13,2021-07-12,87.71,109.0,69.0,42.67,8.01,0.01
2021,30,SGE002,26.0,2021-07-20,2021-07-19,87.43,103.0,72.0,48.8,6.99,0.0
2021,31,SGE002,42.0,2021-07-28,2021-07-26,84.43,102.0,70.0,50.97,6.57,0.0
2021,32,SGE002,22.0,2021-08-03,2021-08-02,89.71,109.0,67.0,20.41,6.91,0.0
2021,33,SGE002,17.0,2021-08-10,2021-08-09,89.14,105.0,71.0,30.35,7.0,0.0
2021,34,SGE002,23.0,2021-08-17,2021-08-16,83.57,104.0,63.0,33.14,9.8,0.0
2021,35,SGE002,11.0,2021-08-24,2021-08-23,85.0,105.0,64.0,16.53,5.1,0.0
2021,36,SGE002,8.0,2021-08-31,2021-08-30,82.65,103.0,66.0,39.27,5.46,0.0
2021,37,SGE002,9.0,2021-09-08,2021-09-06,87.43,105.0,70.0,23.57,5.31,0.0
2021,38,SGE002,10.0,2021-09-14,2021-09-13,79.71,100.0,60.0,26.2,5.8,0.01
2021,39,SGE002,16.0,2021-09-21,2021-09-20,76.43,94.0,56.0,21.3,5.19,0.0
2021,40,SGE002,4.0,2021-09-28,2021-09-27,71.0,90.0,50.0,29.84,5.99,0.0
2021,41,SGE002,3.0,2021-10-05,2021-10-04,67.0,88.0,49.0,56.54,5.14,0.01
2022,11,SGE002,2.0,2022-03-16,2022-03-14,55.71,73.0,39.0,29.83,6.0,0.02
2022,12,SGE002,2.0,2022-03-24,2022-03-21,61.0,87.0,40.0,21.16,7.83,0.0
2022,13,SGE002,2.0,2022-03-31,2022-03-28,61.29,80.0,40.0,38.76,6.71,0.01
2022,14,SGE002,0.0,2022-04-05,2022-04-04,63.86,86.0,42.0,16.87,8.36,0.0
2022,15,SGE002,0.0,2022-04-14,2022-04-11,57.43,83.0,33.0,17.82,9.59,0.02
2022,16,SGE002,2.0,2022-04-19,2022-04-18,63.86,88.0,38.0,26.41,10.21,0.09
2022,18,SGE002,1.0,2022-05-03,2022-05-02,70.86,92.0,49.0,18.29,11.53,0.0
2022,19,SGE002,1.0,2022-05-11,2022-05-09,66.57,98.0,48.0,14.1,7.17,0.0
2022,21,SGE002,4.0,2022-05-24,2022-05-23,77.71,100.0,55.0,13.06,9.49,0.0
2022,22,SGE002,1.0,2022-05-31,2022-05-30,75.14,96.0,52.0,15.4,8.04,0.0
2022,23,SGE002,11.0,2022-06-07,2022-06-06,87.86,106.0,69.0,14.97,8.09,0.0
2022,24,SGE002,15.0,2022-06-14,2022-06-13,81.43,106.0,62.0,11.75,11.51,0.0
2022,25,SGE002,15.0,2022-06-21,2022-06-20,83.14,103.0,57.0,17.12,7.33,0.01
2022,26,SGE002,29.0,2022-06-28,2022-06-27,90.29,104.0,75.0,20.08,10.89,0.01
2022,27,SGE002,11.0,2022-07-06,2022-07-04,87.86,106.0,70.0,13.85,8.8,0.0
2022,28,SGE002,17.0,2022-07-12,2022-07-11,93.71,108.0,77.0,24.37,8.04,0.02
2022,29,SGE002,7.0,2022-07-19,2022-07-18,93.57,110.0,79.0,23.5,8.01,0.03
2022,31,SGE002,23.0,2022-08-02,2022-08-01,87.29,102.0,73.0,42.64,6.47,0.08
2022,32,SGE002,12.0,2022-08-09,2022-08-08,85.43,104.0,73.0,46.98,6.6,0.15
2022,33,SGE002,1.0,2022-08-16,2022-08-15,84.43,99.0,71.0,49.42,6.64,0.04
2022,34,SGE002,8.0,2022-08-23,2022-08-22,85.86,103.0,69.0,37.01,5.5,0.47
2022,35,SGE002,7.0,2022-08-30,2022-08-29,90.71,108.0,71.0,22.05,4.3,0.0
2022,36,SGE002,18.0,2022-09-07,2022-09-05,87.29,111.0,66.0,31.95,6.51,0.01
2022,37,SGE002,2.0,2022-09-13,2022-09-12,75.14,92.0,61.0,56.31,6.79,1.08
2022,38,SGE002,6.0,2022-09-20,2022-09-19,77.57,93.0,59.0,31.61,5.53,0.0
2022,39,SGE002,10.0,2022-09-27,2022-09-26,77.79,95.0,60.0,35.98,4.8,0.44
2022,41,SGE002,6.0,2022-10-11,2022-10-10,71.14,87.0,55.0,27.73,4.26,0.0
2022,42,SGE002,7.0,2022-10-19,2022-10-17,64.29,85.0,39.0,33.49,6.11,0.34
2022,44,SGE002,0.0,2022-11-01,2022-10-31,51.43,74.0,32.0,42.74,6.04,0.02
2022,45,SGE002,0.0,2022-11-08,2022-11-07,49.14,72.0,31.0,50.81,8.54,0.3
2022,46,SGE002,0.0,2022-11-15,2022-11-14,41.71,54.0,27.0,41.95,5.77,0.0
2022,48,SGE002,0.0,2022-12-01,2022-11-28,45.29,62.0,25.0,46.38,3.03,0.01
2023,5,SGE002,0.0,2023-02-03,2023-01-30,39.14,62.0,19.0,57.29,3.54,0.15
2023,10,SGE002,1.0,2023-03-08,2023-03-06,50.0,65.0,31.0,57.95,5.07,0.15
2023,13,SGE002,1.0,2023-03-29,2023-03-27,49.57,69.0,30.0,47.78,6.46,0.13
2023,14,SGE002,0.0,2023-04-07,2023-04-03,50.29,80.0,26.0,38.61,6.76,0.02
2023,15,SGE002,1.0,2023-04-11,2023-04-10,64.14,90.0,43.0,27.49,6.81,0.02
2023,16,SGE002,2.0,2023-04-18,2023-04-17,61.14,83.0,38.0,24.14,9.09,0.0
2023,17,SGE002,2.0,2023-04-24,2023-04-24,68.86,92.0,51.0,23.36,6.47,0.01
2023,18,SGE002,4.0,2023-05-02,2023-05-01,65.57,89.0,48.0,27.54,9.24,0.02
2023,19,SGE002,2.0,2023-05-09,2023-05-08,69.71,88.0,48.0,23.51,8.79,0.01
2023,20,SGE002,6.0,2023-05-16,2023-05-15,76.17,91.0,57.0,36.7,7.22,0.17
2023,21,SGE002,10.0,2023-05-23,2023-05-22,76.29,93.0,57.0,22.04,7.76,0.02
2023,22,SGE002,7.0,2023-05-31,2023-05-29,75.71,94.0,57.0,21.94,7.03,0.02
2023,23,SGE002,9.0,2023-06-06,2023-06-05,77.16,97.0,61.0,18.28,8.09,0.01
2023,24,SGE002,2.0,2023-06-13,2023-06-12,75.71,98.0,57.0,37.66,7.94,0.09
2023,25,SGE002,2.0,2023-06-21,2023-06-19,78.43,97.0,57.0,11.78,9.56,0.0
2023,26,SGE002,4.0,2023-06-27,2023-06-26,83.29,107.0,64.0,13.59,6.69,0.0
2023,27,SGE002,15.0,2023-07-04,2023-07-03,87.14,109.0,67.0,9.62,7.04,0.0
2023,28,SGE002,8.0,2023-07-11,2023-07-10,92.29,114.0,73.0,16.33,6.26,0.0
2023,29,SGE002,20.0,2023-07-18,2023-07-17,95.14,112.0,77.0,19.31,8.4,0.0
2023,30,SGE002,15.0,2023-07-26,2023-07-24,92.29,109.0,74.0,24.69,9.04,0.02
2023,31,SGE002,6.0,2023-08-01,2023-07-31,83.14,103.0,67.0,38.68,5.63,0.47
2023,32,SGE002,17.0,2023-08-08,2023-08-07,83.57,103.0,65.0,31.35,7.11,0.2
2023,33,SGE002,10.0,2023-08-15,2023-08-14,82.57,101.0,65.0,50.17,6.24,0.21
2023,35,SGE002,11.0,2023-08-29,2023-08-28,81.46,106.0,65.0,50.86,6.43,2.76
2023,36,SGE002,5.0,2023-09-06,2023-09-04,77.24,98.0,62.0,44.32,4.47,0.02
2023,37,SGE002,3.0,2023-09-12,2023-09-11,76.86,94.0,61.0,45.56,3.95,0.04
2023,38,SGE002,8.0,2023-09-19,2023-09-18,72.14,92.0,53.0,37.06,5.07,0.05
2023,39,SGE002,1.0,2023-09-26,2023-09-25,71.43,91.0,52.0,33.39,6.0,0.04
2023,42,SGE002,1.0,2023-10-17,2023-10-16,70.86,89.0,50.0,26.1,3.17,0.0
2023,43,SGE002,3.0,2023-10-24,2023-10-23,59.86,78.0,41.0,34.92,7.0,0.0
2024,16,SGE002,0.0,2024-04-17,2024-04-15,66.86,88.0,45.0,26.3,5.48,0.0
2024,17,SGE002,0.0,2024-04-23,2024-04-22,66.29,89.0,47.0,31.77,8.99,0.02
2024,18,SGE002,1.0,2024-05-01,2024-04-29,66.86,86.0,46.0,22.07,8.71,0.01
2024,19,SGE002,0.0,2024-05-07,2024-05-06,63.0,88.0,39.0,27.17,9.03,0.01
2024,20,SGE002,2.0,2024-05-14,2024-05-13,77.14,94.0,57.0,18.19,8.07,0.0
2024,21,SGE002,0.0,2024-05-21,2024-05-20,73.14,89.0,52.0,17.04,10.24,0.0
2024,22,SGE002,9.0,2024-05-29,2024-05-27,80.86,98.0,61.0,13.38,7.24,0.0
2024,23,SGE002,5.0,2024-06-04,2024-06-03,87.71,108.0,69.0,15.77,7.36,0.0
2024,24,SGE002,7.0,2024-06-11,2024-06-10,87.06,105.0,68.0,11.63,7.06,0.0
2024,25,SGE002,16.0,2024-06-18,2024-06-17,84.86,106.0,63.0,14.44,8.46,0.0
2024,26,SGE002,287.0,2024-06-25,2024-06-24,93.29,108.0,76.0,20.9,10.33,0.0
2024,27,SGE002,196.0,2024-07-02,2024-07-01,91.14,112.0,73.0,9.89,8.01,0.0
2024,28,SGE002,171.0,2024-07-09,2024-07-08,93.9,114.0,75.0,13.82,6.95,0.02
2024,29,SGE002,177.0,2024-07-16,2024-07-15,92.97,108.0,76.0,25.97,8.11,0.11
2024,30,SGE002,204.0,2024-07-23,2024-07-22,92.29,108.0,70.0,23.47,8.79,0.09
2024,31,SGE002,138.0,2024-07-30,2024-07-29,89.29,106.0,69.0,19.72,6.89,0.01
2024,32,SGE002,118.0,2024-08-06,2024-08-05,92.57,109.0,79.0,29.7,9.17,0.03
2024,33,SGE002,67.0,2024-08-13,2024-08-12,87.86,103.0,71.0,30.48,8.99,1.23
2024,34,SGE002,30.0,2024-08-20,2024-08-19,84.71,104.0,68.0,33.33,11.16,0.11
2024,35,SGE002,1.0,2024-08-27,2024-08-26,83.35,102.0,61.0,20.93,5.56,0.01
2024,36,SGE002,89.0,2024-09-03,2024-09-02,87.3,103.0,70.0,19.12,6.56,0.01
2024,37,SGE002,53.0,2024-09-10,2024-09-09,82.19,100.0,61.0,19.17,8.0,0.0
2024,38,SGE002,31.0,2024-09-17,2024-09-16,73.71,91.0,55.0,24.7,7.77,0.02
2024,39,SGE002,16.0,2024-09-24,2024-09-23,82.0,102.0,62.0,16.39,4.43,0.0
2024,40,SGE002,10.0,2024-10-01,2024-09-30,82.0,101.0,62.0,15.02,3.97,0.0
2024,41,SGE002,9.0,2024-10-08,2024-10-07,77.84,96.0,59.0,16.75,4.12,0.0
2024,42,SGE002,3.0,2024-10-16,2024-10-14,67.63,89.0,48.0,35.66,8.2,0.31
2024,43,SGE002,5.0,2024-10-22,2024-10-21,64.43,82.0,48.0,34.79,2.73,0.0
2025,13,SGE002,6.0,2025-03-25,2025-03-24,65.0,87.0,45.0,23.01,6.51,0.0
2025,15,SGE002,1.0,2025-04-08,2025-04-07,69.71,91.0,44.0,14.98,5.59,0.0
2025,16,SGE002,1.0,2025-04-15,2025-04-14,63.29,86.0,39.0,26.38,7.81,0.1
2025,17,SGE002,2.0,2025-04-22,2025-04-21,67.02,84.0,46.0,16.54,9.33,0.0
2025,18,SGE002,5.0,2025-04-30,2025-04-28,67.29,86.0,48.0,30.31,7.6,0.1
2025,20,SGE002,26.0,2025-05-14,2025-05-12,68.43,92.0,51.0,24.01,11.31,0.04
2025,21,SGE002,10.0,2025-05-20,2025-05-19,76.29,97.0,54.0,14.39,7.89,0.0
2025,22,SGE002,12.0,2025-05-28,2025-05-26,83.71,104.0,62.0,13.95,6.5,0.0
2025,23,SGE002,18.0,2025-06-03,2025-06-02,78.84,101.0,59.0,39.72,7.61,1.74
2025,24,SGE002,66.0,2025-06-10,2025-06-09,88.43,105.0,71.0,13.16,8.49,0.0
2025,25,SGE002,48.0,2025-06-17,2025-06-16,86.43,107.0,62.0,8.95,11.21,0.0
2025,26,SGE002,73.0,2025-06-24,2025-06-23,82.86,102.0,64.0,12.5,6.21,0.0
2025,27,SGE002,84.0,2025-07-01,2025-06-30,88.18,106.0,69.0,19.18,9.14,0.01
2025,28,SGE002,98.0,2025-07-08,2025-07-07,91.55,108.0,70.0,13.12,6.7,0.0
2025,29,SGE002,106.0,2025-07-15,2025-07-14,89.86,109.0,73.0,24.03,8.79,0.0
2025,31,SGE002,119.0,2025-07-29,2025-07-28,87.29,104.0,68.0,10.27,7.41,0.0
2025,32,SGE002,61.0,2025-08-05,2025-08-04,90.86,108.0,74.0,10.49,8.59,0.0
2025,33,SGE002,103.0,2025-08-12,2025-08-11,89.0,108.0,70.0,20.38,8.13,0.23
2025,34,SGE002,191.0,2025-08-19,2025-08-18,90.28,107.0,70.0,21.51,6.22,0.02
2025,35,SGE002,612.0,2025-08-26,2025-08-25,78.8,80.0,77.0,47.6,4.8,0.0
2018,3,SGE003,0.0,2018-01-18,2018-01-15,46.86,66.0,31.0,61.84,3.81,0.18
2018,5,SGE003,0.0,2018-02-01,2018-01-29,51.19,70.0,33.0,44.18,1.73,0.0
2018,6,SGE003,0.0,2018-02-08,2018-02-05,51.29,71.0,29.0,34.59,5.16,0.0
2018,9,SGE003,0.0,2018-03-09,2018-03-05,49.29,70.0,28.0,38.03,3.13,0.36
2018,11,SGE003,0.0,2018-03-14,2018-03-12,53.57,74.0,32.0,55.12,8.27,0.08
2018,12,SGE003,5.0,2018-03-22,2018-03-19,56.0,71.0,37.0,42.52,6.66,0.13
2018,13,SGE003,2.0,2018-03-29,2018-03-26,59.2,82.0,38.0,28.12,6.09,0.0
2018,14,SGE003,2.0,2018-04-04,2018-04-02,65.14,86.0,42.0,28.12,7.03,0.21
2018,15,SGE003,79.0,2018-04-11,2018-04-09,63.46,89.0,41.0,20.22,10.2,0.0
2018,16,SGE003,0.0,2018-04-18,2018-04-16,61.57,85.0,40.0,25.9,10.43,0.07
2018,17,SGE003,167.0,2018-04-25,2018-04-23,73.43,93.0,52.0,15.46,8.84,0.0
2018,18,SGE003,120.0,2018-05-04,2018-04-30,65.14,94.0,44.0,40.18,5.51,0.3
2018,19,SGE003,896.0,2018-05-09,2018-05-07,75.57,98.0,53.0,17.85,8.4,0.0
2018,20,SGE003,1076.0,2018-05-16,2018-05-14,73.29,91.0,56.0,18.36,8.04,0.0
2018,21,SGE003,3246.0,2018-05-23,2018-05-21,74.29,93.0,56.0,21.16,8.79,0.02
2018,22,SGE003,1878.0,2018-05-30,2018-05-28,79.71,100.0,59.0,17.46,8.91,0.0
2018,23,SGE003,1406.0,2018-06-06,2018-06-04,83.71,103.0,67.0,11.06,9.74,0.0
2018,24,SGE003,259.0,2018-06-13,2018-06-11,85.0,104.0,66.0,17.22,10.77,0.0
2018,25,SGE003,247.0,2018-06-20,2018-06-18,86.0,106.0,63.0,12.23,7.69,0.0
2018,26,SGE003,381.0,2018-06-27,2018-06-25,87.97,105.0,69.0,10.63,8.06,0.0
2018,27,SGE003,457.0,2018-07-03,2018-07-02,90.71,108.0,73.0,16.33,9.23,0.01
2018,28,SGE003,115.0,2018-07-11,2018-07-09,86.43,105.0,69.0,49.03,7.43,0.04
2018,29,SGE003,263.0,2018-07-18,2018-07-16,89.71,106.0,71.0,39.86,8.12,0.01
2018,30,SGE003,371.0,2018-07-26,2018-07-23,93.43,110.0,76.0,24.21,7.73,0.0
2018,31,SGE003,770.0,2018-08-01,2018-07-30,90.68,107.0,71.0,31.48,7.53,0.3
2018,32,SGE003,276.0,2018-08-08,2018-08-06,88.14,107.0,67.0,26.12,6.96,0.13
2018,33,SGE003,330.0,2018-08-15,2018-08-13,88.28,105.0,70.0,32.05,7.08,0.02
2018,34,SGE003,20.0,2018-08-22,2018-08-20,84.43,105.0,67.0,41.61,9.19,0.81
2018,35,SGE003,146.0,2018-08-29,2018-08-27,82.6,98.0,63.0,20.41,5.97,0.0
2018,36,SGE003,279.0,2018-09-05,2018-09-03,82.29,101.0,66.0,30.0,5.73,0.14
2018,37,SGE003,377.0,2018-09-11,2018-09-10,83.06,99.0,63.0,16.28,8.08,0.0
2018,39,SGE003,434.0,2018-09-25,2018-09-24,78.29,94.0,57.0,18.37,6.69,0.0
2018,40,SGE003,89.0,2018-10-05,2018-10-01,67.43,87.0,50.0,62.01,6.11,0.73
2018,41,SGE003,95.0,2018-10-10,2018-10-08,61.14,77.0,46.0,43.6,8.24,0.01
2018,42,SGE003,7.0,2018-10-16,2018-10-15,59.43,82.0,41.0,38.75,6.56,0.06
2018,43,SGE003,40.0,2018-10-26,2018-10-22,62.57,77.0,45.0,54.6,2.73,0.59
2018,44,SGE003,8.0,2018-11-02,2018-10-29,58.72,79.0,39.0,33.35,5.42,0.0
2018,45,SGE003,17.0,2018-11-06,2018-11-05,51.14,73.0,31.0,27.58,5.91,0.0
2018,46,SGE003,0.0,2018-11-14,2018-11-12,46.29,65.0,28.0,31.27,2.9,0.0
2018,47,SGE003,0.0,2018-11-20,2018-11-19,45.86,62.0,31.0,40.09,3.56,0.01
2018,48,SGE003,0.0,2018-11-27,2018-11-26,44.06,59.0,29.0,59.96,4.46,0.01
2018,50,SGE003,2.0,2018-12-11,2018-12-10,44.43,63.0,28.0,49.71,3.44,0.0
2018,51,SGE003,1.0,2018-12-20,2018-12-17,43.86,58.0,29.0,53.3,1.86,0.0
2019,1,SGE003,0.0,2019-01-10,2019-01-07,43.71,61.0,28.0,65.22,3.67,0.0
2019,4,SGE003,0.0,2019-01-25,2019-01-21,42.29,59.0,26.0,55.16,4.89,0.01
2019,5,SGE003,0.0,2019-01-31,2019-01-28,47.71,63.0,30.0,53.21,4.57,0.02
2019,7,SGE003,0.0,2019-02-13,2019-02-11,41.43,56.0,26.0,69.68,6.01,0.03
2019,8,SGE003,0.0,2019-03-01,2019-02-25,51.29,66.0,31.0,64.2,3.26,0.01
2019,13,SGE003,7.0,2019-03-28,2019-03-25,56.63,74.0,42.0,38.09,5.94,0.0
2019,14,SGE003,4.0,2019-04-02,2019-04-01,59.59,78.0,42.0,43.06,5.64,0.0
2019,15,SGE003,3.0,2019-04-09,2019-04-08,58.23,84.0,38.0,38.62,7.97,0.02
2019,16,SGE003,15.0,2019-04-18,2019-04-15,64.57,86.0,43.0,38.6,7.73,0.01
2019,17,SGE003,43.0,2019-04-24,2019-04-22,71.29,91.0,47.0,33.57,6.59,0.01
2019,18,SGE003,27.0,2019-05-02,2019-04-29,63.71,88.0,45.0,41.02,6.13,0.06
2019,19,SGE003,285.0,2019-05-07,2019-05-06,65.72,84.0,50.0,46.66,6.97,1.03
2019,20,SGE003,825.0,2019-05-14,2019-05-13,66.43,89.0,44.0,37.1,8.59,0.05
2019,21,SGE003,181.0,2019-05-22,2019-05-20,59.86,82.0,46.0,51.86,8.06,0.2
2019,22,SGE003,861.0,2019-05-30,2019-05-27,68.09,91.0,49.0,40.99,6.13,0.14
2019,23,SGE003,113.0,2019-06-04,2019-06-03,79.1,98.0,60.0,22.42,8.93,0.0
2019,24,SGE003,561.0,2019-06-12,2019-06-10,82.74,103.0,61.0,19.82,6.11,0.03
2019,25,SGE003,696.0,2019-06-18,2019-06-17,79.49,99.0,57.0,24.11,8.11,0.01
2019,26,SGE003,182.0,2019-06-25,2019-06-24,83.11,100.0,63.0,15.7,8.24,0.01
2019,27,SGE003,567.0,2019-07-03,2019-07-01,84.14,101.0,66.0,14.45,7.61,0.0
2019,28,SGE003,164.0,2019-07-10,2019-07-08,87.71,106.0,68.0,18.12,7.13,0.01
2019,29,SGE003,176.0,2019-07-16,2019-07-15,88.14,107.0,70.0,14.48,7.39,0.0
2019,30,SGE003,82.0,2019-07-24,2019-07-22,89.64,106.0,70.0,29.3,6.67,0.02
2019,31,SGE003,200.0,2019-07-31,2019-07-29,89.44,107.0,69.0,29.18,6.86,0.03
2019,32,SGE003,34.0,2019-08-07,2019-08-05,88.64,107.0,74.0,29.96,9.1,0.0
2019,33,SGE003,32.0,2019-08-14,2019-08-12,88.17,105.0,69.0,12.19,5.71,0.0
2019,34,SGE003,69.0,2019-08-21,2019-08-19,85.43,104.0,68.0,15.05,5.87,0.0
2019,35,SGE003,485.0,2019-08-27,2019-08-26,87.43,105.0,68.0,21.23,5.8,0.01
2019,36,SGE003,196.0,2019-09-04,2019-09-02,87.71,103.0,72.0,26.15,7.17,0.01
2019,37,SGE003,218.0,2019-09-10,2019-09-09,78.29,98.0,60.0,19.35,7.39,0.0
2019,38,SGE003,139.0,2019-09-17,2019-09-16,74.0,94.0,52.0,18.87,9.07,0.0
2019,39,SGE003,18.0,2019-09-24,2019-09-23,73.57,92.0,55.0,31.41,8.87,0.01
2019,40,SGE003,4.0,2019-10-01,2019-09-30,63.71,85.0,43.0,16.92,5.23,0.0
2019,41,SGE003,3.0,2019-10-08,2019-10-07,60.86,86.0,35.0,13.51,5.99,0.0
2019,42,SGE003,12.0,2019-10-17,2019-10-14,62.24,84.0,42.0,21.21,5.13,0.0
2019,43,SGE003,0.0,2019-10-22,2019-10-21,58.45,78.0,39.0,21.16,5.6,0.0
2019,44,SGE003,0.0,2019-11-01,2019-10-28,45.17,71.0,23.0,16.91,5.3,0.0
2019,45,SGE003,0.0,2019-11-13,2019-11-11,55.86,74.0,38.0,25.25,2.76,0.0
2019,46,SGE003,1.0,2019-11-19,2019-11-18,48.86,70.0,34.0,66.4,3.58,0.01
2020,3,SGE003,0.0,2020-01-16,2020-01-13,40.43,55.0,25.0,53.82,3.44,0.01
2020,4,SGE003,0.0,2020-01-24,2020-01-20,45.86,61.0,30.0,61.3,2.54,0.02
2020,7,SGE003,0.0,2020-02-14,2020-02-10,45.0,64.0,26.0,36.51,6.2,0.0
2020,9,SGE003,0.0,2020-02-28,2020-02-24,48.29,64.0,30.0,45.38,5.6,0.05
2020,10,SGE003,0.0,2020-03-06,2020-03-02,54.77,75.0,37.0,42.86,6.11,0.1
2020,11,SGE003,0.0,2020-03-12,2020-03-09,56.14,71.0,44.0,65.99,6.37,1.72
2020,12,SGE003,0.0,2020-03-17,2020-03-16,50.43,66.0,39.0,67.61,5.83,0.45
2020,13,SGE003,1.0,2020-03-25,2020-03-23,50.86,67.0,34.0,53.26,6.73,0.37
2020,14,SGE003,0.0,2020-04-01,2020-03-30,56.86,74.0,38.0,38.99,6.91,0.0
2020,15,SGE003,1.0,2020-04-07,2020-04-06,57.57,78.0,41.0,51.67,7.39,0.5
2020,16,SGE003,0.0,2020-04-14,2020-04-13,57.57,75.0,38.0,33.84,7.69,0.01
2020,17,SGE003,2.0,2020-04-21,2020-04-20,66.0,86.0,47.0,42.3,5.31,0.21
2020,18,SGE003,5.0,2020-04-28,2020-04-27,74.57,94.0,54.0,23.42,6.04,0.0
2020,19,SGE003,1.0,2020-05-05,2020-05-04,73.86,93.0,52.0,17.28,6.43,0.01
2020,20,SGE003,7.0,2020-05-12,2020-05-11,73.57,93.0,56.0,23.1,9.91,0.0
2020,21,SGE003,24.0,2020-05-19,2020-05-18,67.71,91.0,48.0,21.27,11.93,0.0
2020,22,SGE003,40.0,2020-05-27,2020-05-25,82.57,104.0,56.0,16.38,7.0,0.0
2020,23,SGE003,64.0,2020-06-02,2020-06-01,82.0,103.0,61.0,17.6,9.17,0.01
2020,24,SGE003,14.0,2020-06-10,2020-06-08,76.0,102.0,51.0,14.17,8.66,0.0
2020,25,SGE003,118.0,2020-06-16,2020-06-15,81.29,101.0,63.0,14.2,9.71,0.0
2020,26,SGE003,0.0,2020-06-23,2020-06-22,88.57,105.0,69.0,14.3,9.31,0.0
2020,27,SGE003,35.0,2020-06-30,2020-06-29,81.86,103.0,55.0,17.66,8.37,0.0
2020,28,SGE003,194.0,2020-07-07,2020-07-06,89.14,109.0,67.0,11.29,7.21,0.0
2020,29,SGE003,228.0,2020-07-14,2020-07-13,91.29,109.0,72.0,14.58,7.94,0.0
2020,30,SGE003,171.0,2020-07-21,2020-07-20,88.71,106.0,72.0,23.53,9.24,0.0
2020,31,SGE003,236.0,2020-07-28,2020-07-27,91.2,110.0,69.0,14.51,6.36,0.01
2020,32,SGE003,256.0,2020-08-04,2020-08-03,86.29,104.0,66.0,11.15,7.09,0.0
2020,33,SGE003,111.0,2020-08-11,2020-08-10,87.86,111.0,66.0,13.36,5.31,0.0
2020,34,SGE003,178.0,2020-08-18,2020-08-17,92.43,111.0,70.0,21.14,6.49,0.04
2020,35,SGE003,100.0,2020-08-25,2020-08-24,88.14,105.0,68.0,24.84,6.4,0.0
2020,36,SGE003,265.0,2020-09-01,2020-08-31,86.29,110.0,66.0,13.93,6.01,0.0
2020,37,SGE003,128.0,2020-09-08,2020-09-07,74.57,103.0,54.0,18.03,8.51,0.0
2020,38,SGE003,122.0,2020-09-15,2020-09-14,82.14,100.0,63.0,14.82,5.53,0.0
2020,39,SGE003,169.0,2020-09-22,2020-09-21,79.57,97.0,59.0,20.6,6.17,0.02
2020,40,SGE003,53.0,2020-09-29,2020-09-28,76.0,96.0,55.0,11.26,4.74,0.0
2020,41,SGE003,29.0,2020-10-06,2020-10-05,73.43,94.0,55.0,16.64,4.5,0.0
2020,42,SGE003,22.0,2020-10-13,2020-10-12,69.57,91.0,49.0,17.43,4.46,0.0
2020,43,SGE003,16.0,2020-10-20,2020-10-19,64.33,88.0,41.0,24.37,4.75,0.0
2020,44,SGE003,0.0,2020-10-29,2020-10-26,55.14,78.0,32.0,20.33,6.01,0.0
2020,45,SGE003,3.0,2020-11-05,2020-11-02,61.14,85.0,37.0,38.65,6.41,0.18
2020,47,SGE003,1.0,2020-11-17,2020-11-16,55.0,78.0,34.0,32.42,3.21,0.0
2020,48,SGE003,0.0,2020-11-24,2020-11-23,42.57,58.0,26.0,37.19,4.2,0.01
2021,6,SGE003,0.0,2021-02-03,2021-02-01,48.71,67.0,29.0,44.11,5.11,0.0
2021,7,SGE003,0.0,2021-02-09,2021-02-08,49.29,65.0,29.0,43.5,4.43,0.11
2021,8,SGE003,0.0,2021-02-16,2021-02-15,43.43,59.0,27.0,39.36,6.0,0.03
2021,9,SGE003,0.0,2021-02-23,2021-02-22,45.57,69.0,24.0,26.58,6.63,0.0
2021,10,SGE003,0.0,2021-03-02,2021-03-01,53.14,76.0,27.0,27.05,5.04,0.01
2021,11,SGE003,3.0,2021-03-09,2021-03-08,46.86,76.0,32.0,56.48,7.41,0.89
2021,12,SGE003,0.0,2021-03-18,2021-03-15,52.43,72.0,32.0,54.68,7.34,0.6
2021,13,SGE003,0.0,2021-03-25,2021-03-22,52.86,74.0,34.0,36.09,8.83,0.03
2021,14,SGE003,3.0,2021-03-30,2021-03-29,60.86,86.0,34.0,19.13,5.27,0.0
2021,15,SGE003,4.0,2021-04-06,2021-04-05,64.14,84.0,43.0,14.12,6.69,0.0
2021,16,SGE003,1.0,2021-04-13,2021-04-12,61.57,82.0,44.0,23.05,10.11,0.0
2021,17,SGE003,9.0,2021-04-20,2021-04-19,67.76,83.0,47.0,16.96,11.02,0.0
2021,18,SGE003,3.0,2021-04-29,2021-04-26,66.86,93.0,44.0,32.05,8.74,0.29
2021,19,SGE003,1.0,2021-05-04,2021-05-03,71.57,94.0,52.0,17.44,8.44,0.0
2021,20,SGE003,3.0,2021-05-11,2021-05-10,73.86,93.0,53.0,13.04,8.36,0.0
2021,21,SGE003,5.0,2021-05-19,2021-05-17,68.86,94.0,46.0,18.96,11.83,0.01
2021,22,SGE003,0.0,2021-05-25,2021-05-24,75.71,95.0,52.0,12.2,6.24,0.0
2021,23,SGE003,42.0,2021-06-02,2021-05-31,85.43,105.0,62.0,11.61,7.33,0.0
2021,24,SGE003,20.0,2021-06-08,2021-06-07,80.57,105.0,58.0,10.22,9.06,0.0
2021,25,SGE003,13.0,2021-06-15,2021-06-14,93.57,112.0,74.0,10.62,6.11,0.0
2021,26,SGE003,145.0,2021-06-22,2021-06-21,87.43,106.0,68.0,18.49,9.26,0.01
2021,27,SGE003,174.0,2021-07-01,2021-06-28,87.86,105.0,72.0,22.67,8.24,0.01
2021,28,SGE003,564.0,2021-07-07,2021-07-05,97.0,114.0,77.0,14.18,6.67,0.0
2021,29,SGE003,234.0,2021-07-13,2021-07-12,87.71,109.0,69.0,42.67,8.01,0.01
2021,30,SGE003,28.0,2021-07-20,2021-07-19,87.43,103.0,72.0,48.8,6.99,0.0
2021,31,SGE003,35.0,2021-07-28,2021-07-26,84.43,102.0,70.0,50.97,6.57,0.0
2021,32,SGE003,31.0,2021-08-03,2021-08-02,89.71,109.0,67.0,20.41,6.91,0.0
2021,33,SGE003,109.0,2021-08-10,2021-08-09,89.14,105.0,71.0,30.35,7.0,0.0
2021,34,SGE003,8.0,2021-08-17,2021-08-16,83.57,104.0,63.0,33.14,9.8,0.0
2021,35,SGE003,44.0,2021-08-24,2021-08-23,85.0,105.0,64.0,16.53,5.1,0.0
2021,36,SGE003,83.0,2021-08-31,2021-08-30,82.65,103.0,66.0,39.27,5.46,0.0
2021,37,SGE003,51.0,2021-09-08,2021-09-06,87.43,105.0,70.0,23.57,5.31,0.0
2021,38,SGE003,64.0,2021-09-14,2021-09-13,79.71,100.0,60.0,26.2,5.8,0.01
2021,39,SGE003,57.0,2021-09-21,2021-09-20,76.43,94.0,56.0,21.3,5.19,0.0
2021,40,SGE003,109.0,2021-09-28,2021-09-27,71.0,90.0,50.0,29.84,5.99,0.0
2021,41,SGE003,69.0,2021-10-05,2021-10-04,67.0,88.0,49.0,56.54,5.14,0.01
2021,43,SGE003,2.0,2021-10-20,2021-10-18,58.86,78.0,38.0,41.72,4.79,0.0
2021,45,SGE003,3.0,2021-11-03,2021-11-01,61.0,79.0,43.0,42.68,3.16,0.0
2021,46,SGE003,1.0,2021-11-09,2021-11-08,57.48,73.0,41.0,43.24,2.69,0.0
2021,47,SGE003,0.0,2021-11-16,2021-11-15,53.71,71.0,34.0,36.68,3.89,0.0
2021,48,SGE003,0.0,2021-11-23,2021-11-22,47.57,65.0,29.0,31.8,4.29,0.0
2021,49,SGE003,1.0,2021-11-30,2021-11-29,49.57,69.0,31.0,37.95,1.61,0.0
2021,50,SGE003,0.0,2021-12-07,2021-12-06,44.0,59.0,25.0,57.5,4.19,0.04
2021,51,SGE003,0.0,2021-12-14,2021-12-13,38.86,58.0,24.0,65.95,4.23,0.09
2022,6,SGE003,1.0,2022-02-10,2022-02-07,51.14,72.0,30.0,28.81,5.1,0.0
2022,7,SGE003,0.0,2022-02-15,2022-02-14,48.71,68.0,29.0,30.09,5.57,0.0
2022,9,SGE003,1.0,2022-03-03,2022-02-28,51.86,76.0,30.0,35.76,5.89,0.02
2022,10,SGE003,1.0,2022-03-10,2022-03-07,45.0,67.0,24.0,32.32,6.76,0.01
2022,11,SGE003,4.0,2022-03-16,2022-03-14,55.71,73.0,39.0,29.83,6.0,0.02
2022,12,SGE003,1.0,2022-03-24,2022-03-21,61.0,87.0,40.0,21.16,7.83,0.0
2022,13,SGE003,0.0,2022-03-31,2022-03-28,61.29,80.0,40.0,38.76,6.71,0.01
2022,14,SGE003,0.0,2022-04-05,2022-04-04,63.86,86.0,42.0,16.87,8.36,0.0
2022,15,SGE003,0.0,2022-04-14,2022-04-11,57.43,83.0,33.0,17.82,9.59,0.02
2022,16,SGE003,3.0,2022-04-19,2022-04-18,63.86,88.0,38.0,26.41,10.21,0.09
2022,17,SGE003,2.0,2022-04-26,2022-04-25,67.86,86.0,42.0,14.43,8.16,0.0
2022,18,SGE003,36.0,2022-05-03,2022-05-02,70.86,92.0,49.0,18.29,11.53,0.0
2022,19,SGE003,17.0,2022-05-11,2022-05-09,66.57,98.0,48.0,14.1,7.17,0.0
2022,21,SGE003,16.0,2022-05-24,2022-05-23,77.71,100.0,55.0,13.06,9.49,0.0
2022,22,SGE003,25.0,2022-05-31,2022-05-30,75.14,96.0,52.0,15.4,8.04,0.0
2022,23,SGE003,294.0,2022-06-07,2022-06-06,87.86,106.0,69.0,14.97,8.09,0.0
2022,24,SGE003,304.0,2022-06-14,2022-06-13,81.43,106.0,62.0,11.75,11.51,0.0
2022,25,SGE003,81.0,2022-06-21,2022-06-20,83.14,103.0,57.0,17.12,7.33,0.01
2022,26,SGE003,341.0,2022-06-28,2022-06-27,90.29,104.0,75.0,20.08,10.89,0.01
2022,27,SGE003,210.0,2022-07-06,2022-07-04,87.86,106.0,70.0,13.85,8.8,0.0
2022,28,SGE003,289.0,2022-07-12,2022-07-11,93.71,108.0,77.0,24.37,8.04,0.02
2022,29,SGE003,22.0,2022-07-19,2022-07-18,93.57,110.0,79.0,23.5,8.01,0.03
2022,31,SGE003,19.0,2022-08-02,2022-08-01,87.29,102.0,73.0,42.64,6.47,0.08
2022,32,SGE003,76.0,2022-08-09,2022-08-08,85.43,104.0,73.0,46.98,6.6,0.15
2022,33,SGE003,23.0,2022-08-16,2022-08-15,84.43,99.0,71.0,49.42,6.64,0.04
2022,34,SGE003,9.0,2022-08-23,2022-08-22,85.86,103.0,69.0,37.01,5.5,0.47
2022,35,SGE003,47.0,2022-08-30,2022-08-29,90.71,108.0,71.0,22.05,4.3,0.0
2022,36,SGE003,30.0,2022-09-07,2022-09-05,87.29,111.0,66.0,31.95,6.51,0.01
2022,37,SGE003,9.0,2022-09-13,2022-09-12,75.14,92.0,61.0,56.31,6.79,1.08
2022,38,SGE003,19.0,2022-09-20,2022-09-19,77.57,93.0,59.0,31.61,5.53,0.0
2022,39,SGE003,6.0,2022-09-27,2022-09-26,77.79,95.0,60.0,35.98,4.8,0.44
2022,40,SGE003,23.0,2022-10-04,2022-10-03,73.52,88.0,58.0,36.66,4.44,0.01
2022,41,SGE003,4.0,2022-10-11,2022-10-10,71.14,87.0,55.0,27.73,4.26,0.0
2022,42,SGE003,6.0,2022-10-19,2022-10-17,64.29,85.0,39.0,33.49,6.11,0.34
2022,44,SGE003,0.0,2022-11-01,2022-10-31,51.43,74.0,32.0,42.74,6.04,0.02
2022,45,SGE003,5.0,2022-11-08,2022-11-07,49.14,72.0,31.0,50.81,8.54,0.3
2022,46,SGE003,0.0,2022-11-15,2022-11-14,41.71,54.0,27.0,41.95,5.77,0.0
2022,48,SGE003,0.0,2022-12-01,2022-11-28,45.29,62.0,25.0,46.38,3.03,0.01
2023,4,SGE003,0.0,2023-01-25,2023-01-23,39.29,55.0,27.0,54.32,5.01,0.0
2023,5,SGE003,0.0,2023-02-03,2023-01-30,39.14,62.0,19.0,57.29,3.54,0.15
2023,10,SGE003,0.0,2023-03-08,2023-03-06,50.0,65.0,31.0,57.95,5.07,0.15
2023,13,SGE003,0.0,2023-03-29,2023-03-27,49.57,69.0,30.0,47.78,6.46,0.13
2023,14,SGE003,0.0,2023-04-07,2023-04-03,50.29,80.0,26.0,38.61,6.76,0.02
2023,15,SGE003,2.0,2023-04-11,2023-04-10,64.14,90.0,43.0,27.49,6.81,0.02
2023,16,SGE003,3.0,2023-04-18,2023-04-17,61.14,83.0,38.0,24.14,9.09,0.0
2023,17,SGE003,8.0,2023-04-24,2023-04-24,68.86,92.0,51.0,23.36,6.47,0.01
2023,18,SGE003,23.0,2023-05-02,2023-05-01,65.57,89.0,48.0,27.54,9.24,0.02
2023,19,SGE003,11.0,2023-05-09,2023-05-08,69.71,88.0,48.0,23.51,8.79,0.01
2023,20,SGE003,89.0,2023-05-16,2023-05-15,76.17,91.0,57.0,36.7,7.22,0.17
2023,21,SGE003,121.0,2023-05-23,2023-05-22,76.29,93.0,57.0,22.04,7.76,0.02
2023,22,SGE003,163.0,2023-05-31,2023-05-29,75.71,94.0,57.0,21.94,7.03,0.02
2023,23,SGE003,92.0,2023-06-06,2023-06-05,77.16,97.0,61.0,18.28,8.09,0.01
2023,24,SGE003,34.0,2023-06-13,2023-06-12,75.71,98.0,57.0,37.66,7.94,0.09
2023,25,SGE003,146.0,2023-06-21,2023-06-19,78.43,97.0,57.0,11.78,9.56,0.0
2023,26,SGE003,307.0,2023-06-27,2023-06-26,83.29,107.0,64.0,13.59,6.69,0.0
2023,27,SGE003,164.0,2023-07-04,2023-07-03,87.14,109.0,67.0,9.62,7.04,0.0
2023,28,SGE003,180.0,2023-07-11,2023-07-10,92.29,114.0,73.0,16.33,6.26,0.0
2023,29,SGE003,191.0,2023-07-18,2023-07-17,95.14,112.0,77.0,19.31,8.4,0.0
2023,30,SGE003,194.0,2023-07-26,2023-07-24,92.29,109.0,74.0,24.69,9.04,0.02
2023,31,SGE003,136.0,2023-08-01,2023-07-31,83.14,103.0,67.0,38.68,5.63,0.47
2023,32,SGE003,207.0,2023-08-08,2023-08-07,83.57,103.0,65.0,31.35,7.11,0.2
2023,33,SGE003,246.0,2023-08-15,2023-08-14,82.57,101.0,65.0,50.17,6.24,0.21
2023,34,SGE003,36.0,2023-08-22,2023-08-21,81.57,101.0,66.0,54.79,5.23,1.05
2023,35,SGE003,56.0,2023-08-29,2023-08-28,81.46,106.0,65.0,50.86,6.43,2.76
2023,36,SGE003,36.0,2023-09-06,2023-09-04,77.24,98.0,62.0,44.32,4.47,0.02
2023,37,SGE003,28.0,2023-09-12,2023-09-11,76.86,94.0,61.0,45.56,3.95,0.04
2023,38,SGE003,58.0,2023-09-19,2023-09-18,72.14,92.0,53.0,37.06,5.07,0.05
2023,39,SGE003,58.0,2023-09-26,2023-09-25,71.43,91.0,52.0,33.39,6.0,0.04
2023,40,SGE003,3.0,2023-10-03,2023-10-02,68.07,89.0,48.0,41.49,4.69,0.19
2023,41,SGE003,13.0,2023-10-10,2023-10-09,66.29,88.0,46.0,30.17,5.31,0.0
2023,42,SGE003,12.0,2023-10-17,2023-10-16,70.86,89.0,50.0,26.1,3.17,0.0
2023,43,SGE003,4.0,2023-10-24,2023-10-23,59.86,78.0,41.0,34.92,7.0,0.0
2023,44,SGE003,0.0,2023-10-31,2023-10-30,53.71,74.0,34.0,20.44,2.64,0.0
2023,45,SGE003,5.0,2023-11-07,2023-11-06,52.71,78.0,32.0,30.33,5.2,0.01
2023,46,SGE003,0.0,2023-11-14,2023-11-13,56.0,73.0,36.0,57.82,3.94,0.3
2023,48,SGE003,0.0,2023-11-29,2023-11-27,43.71,58.0,25.0,47.76,3.01,0.02
2023,49,SGE003,0.0,2023-12-06,2023-12-04,45.27,65.0,27.0,41.87,3.6,0.0
2024,10,SGE003,4.0,2024-03-07,2024-03-04,51.14,66.0,35.0,40.28,5.99,0.01
2024,11,SGE003,1.0,2024-03-12,2024-03-11,51.43,67.0,38.0,50.99,7.97,0.25
2024,12,SGE003,4.0,2024-03-19,2024-03-18,57.29,76.0,39.0,44.37,7.51,0.14
2024,13,SGE003,4.0,2024-03-26,2024-03-25,53.0,72.0,35.0,45.25,7.31,0.69
2024,14,SGE003,1.0,2024-04-03,2024-04-01,54.14,77.0,34.0,41.14,8.71,0.01
2024,15,SGE003,1.0,2024-04-09,2024-04-08,62.29,86.0,41.0,24.65,8.41,0.0
2024,16,SGE003,4.0,2024-04-17,2024-04-15,66.86,88.0,45.0,26.3,5.48,0.0
2024,17,SGE003,0.0,2024-04-23,2024-04-22,66.29,89.0,47.0,31.77,8.99,0.02
2024,18,SGE003,7.0,2024-05-01,2024-04-29,66.86,86.0,46.0,22.07,8.71,0.01
2024,19,SGE003,3.0,2024-05-07,2024-05-06,63.0,88.0,39.0,27.17,9.03,0.01
2024,20,SGE003,16.0,2024-05-14,2024-05-13,77.14,94.0,57.0,18.19,8.07,0.0
2024,21,SGE003,14.0,2024-05-21,2024-05-20,73.14,89.0,52.0,17.04,10.24,0.0
2024,22,SGE003,22.0,2024-05-29,2024-05-27,80.86,98.0,61.0,13.38,7.24,0.0
2024,23,SGE003,9.0,2024-06-04,2024-06-03,87.71,108.0,69.0,15.77,7.36,0.0
2024,24,SGE003,14.0,2024-06-11,2024-06-10,87.06,105.0,68.0,11.63,7.06,0.0
2024,25,SGE003,18.0,2024-06-18,2024-06-17,84.86,106.0,63.0,14.44,8.46,0.0
2024,26,SGE003,29.0,2024-06-25,2024-06-24,93.29,108.0,76.0,20.9,10.33,0.0
2024,27,SGE003,26.0,2024-07-02,2024-07-01,91.14,112.0,73.0,9.89,8.01,0.0
2024,28,SGE003,35.0,2024-07-09,2024-07-08,93.9,114.0,75.0,13.82,6.95,0.02
2024,29,SGE003,42.0,2024-07-16,2024-07-15,92.97,108.0,76.0,25.97,8.11,0.11
2024,30,SGE003,25.0,2024-07-23,2024-07-22,92.29,108.0,70.0,23.47,8.79,0.09
2024,31,SGE003,16.0,2024-07-30,2024-07-29,89.29,106.0,69.0,19.72,6.89,0.01
2024,32,SGE003,83.0,2024-08-06,2024-08-05,92.57,109.0,79.0,29.7,9.17,0.03
2024,33,SGE003,125.0,2024-08-13,2024-08-12,87.86,103.0,71.0,30.48,8.99,1.23
2024,34,SGE003,37.0,2024-08-21,2024-08-19,84.71,104.0,68.0,33.33,11.16,0.11
2024,35,SGE003,16.0,2024-08-27,2024-08-26,83.35,102.0,61.0,20.93,5.56,0.01
2024,36,SGE003,82.0,2024-09-03,2024-09-02,87.3,103.0,70.0,19.12,6.56,0.01
2024,37,SGE003,95.0,2024-09-10,2024-09-09,82.19,100.0,61.0,19.17,8.0,0.0
2024,38,SGE003,92.0,2024-09-17,2024-09-16,73.71,91.0,55.0,24.7,7.77,0.02
2024,39,SGE003,89.0,2024-09-24,2024-09-23,82.0,102.0,62.0,16.39,4.43,0.0
2024,40,SGE003,42.0,2024-10-01,2024-09-30,82.0,101.0,62.0,15.02,3.97,0.0
2024,41,SGE003,10.0,2024-10-08,2024-10-07,77.84,96.0,59.0,16.75,4.12,0.0
2024,42,SGE003,57.0,2024-10-16,2024-10-14,67.63,89.0,48.0,35.66,8.2,0.31
2024,43,SGE003,2.0,2024-10-22,2024-10-21,64.43,82.0,48.0,34.79,2.73,0.0
2024,45,SGE003,4.0,2024-11-05,2024-11-04,47.86,65.0,31.0,31.24,6.4,0.0
2024,46,SGE003,3.0,2024-11-12,2024-11-11,48.57,69.0,31.0,38.17,5.39,0.02
2024,47,SGE003,1.0,2024-11-19,2024-11-18,47.43,69.0,30.0,27.16,4.1,0.0
2025,7,SGE003,2.0,2025-02-11,2025-02-10,43.4,60.0,23.0,50.43,4.69,0.25
2025,8,SGE003,4.0,2025-02-19,2025-02-17,51.0,70.0,34.0,39.11,4.4,0.0
2025,9,SGE003,0.0,2025-02-25,2025-02-24,57.11,79.0,37.0,21.18,7.41,0.01
2025,10,SGE003,2.0,2025-03-05,2025-03-03,47.86,67.0,32.0,48.15,7.24,0.16
2025,11,SGE003,6.0,2025-03-11,2025-03-10,50.43,71.0,34.0,50.75,7.23,0.3
2025,12,SGE003,0.0,2025-03-20,2025-03-17,54.65,76.0,34.0,30.1,7.8,0.02
2025,13,SGE003,13.0,2025-03-25,2025-03-24,65.0,87.0,45.0,23.01,6.51,0.0
2025,15,SGE003,6.0,2025-04-08,2025-04-07,69.71,91.0,44.0,14.98,5.59,0.0
2025,16,SGE003,10.0,2025-04-15,2025-04-14,63.29,86.0,39.0,26.38,7.81,0.1
2025,17,SGE003,4.0,2025-04-22,2025-04-21,67.02,84.0,46.0,16.54,9.33,0.0
2025,18,SGE003,2.0,2025-04-30,2025-04-28,67.29,86.0,48.0,30.31,7.6,0.1
2025,19,SGE003,10.0,2025-05-08,2025-05-05,70.43,96.0,47.0,43.9,6.31,0.32
2025,20,SGE003,27.0,2025-05-14,2025-05-12,68.43,92.0,51.0,24.01,11.31,0.04
2025,21,SGE003,22.0,2025-05-20,2025-05-19,76.29,97.0,54.0,14.39,7.89,0.0
2025,22,SGE003,38.0,2025-05-28,2025-05-26,83.71,104.0,62.0,13.95,6.5,0.0
2025,23,SGE003,53.0,2025-06-03,2025-06-02,78.84,101.0,59.0,39.72,7.61,1.74
2025,24,SGE003,68.0,2025-06-10,2025-06-09,88.43,105.0,71.0,13.16,8.49,0.0
2025,25,SGE003,61.0,2025-06-17,2025-06-16,86.43,107.0,62.0,8.95,11.21,0.0
2025,26,SGE003,108.0,2025-06-24,2025-06-23,82.86,102.0,64.0,12.5,6.21,0.0
2025,27,SGE003,116.0,2025-07-01,2025-06-30,88.18,106.0,69.0,19.18,9.14,0.01
2025,28,SGE003,114.0,2025-07-08,2025-07-07,91.55,108.0,70.0,13.12,6.7,0.0
2025,29,SGE003,381.0,2025-07-15,2025-07-14,89.86,109.0,73.0,24.03,8.79,0.0
2025,30,SGE003,83.0,2025-07-22,2025-07-21,84.17,99.0,68.0,14.91,7.65,0.15
2025,31,SGE003,123.0,2025-07-29,2025-07-28,87.29,104.0,68.0,10.27,7.41,0.0
2025,32,SGE003,404.0,2025-08-05,2025-08-04,90.86,108.0,74.0,10.49,8.59,0.0
2025,33,SGE003,571.0,2025-08-12,2025-08-11,89.0,108.0,70.0,20.38,8.13,0.23
2025,34,SGE003,261.0,2025-08-19,2025-08-18,90.28,107.0,70.0,21.51,6.22,0.02
2025,35,SGE003,209.0,2025-08-26,2025-08-25,78.8,80.0,77.0,47.6,4.8,0.0
2023,34,SGE003-2,187.0,2023-08-22,2023-08-21,81.57,101.0,66.0,54.79,5.23,1.05
2025,17,SGE003-2,36.0,2025-04-23,2025-04-21,67.02,84.0,46.0,16.54,9.33,0.0
2025,21,SGE003-2,23.0,2025-05-20,2025-05-19,76.29,97.0,54.0,14.39,7.89,0.0
2025,22,SGE003-2,169.0,2025-05-28,2025-05-26,83.71,104.0,62.0,13.95,6.5,0.0
2025,23,SGE003-2,74.0,2025-06-03,2025-06-02,78.84,101.0,59.0,39.72,7.61,1.74
2025,24,SGE003-2,76.0,2025-06-10,2025-06-09,88.43,105.0,71.0,13.16,8.49,0.0
2025,25,SGE003-2,98.0,2025-06-17,2025-06-16,86.43,107.0,62.0,8.95,11.21,0.0
2025,26,SGE003-2,108.0,2025-06-24,2025-06-23,82.86,102.0,64.0,12.5,6.21,0.0
2025,27,SGE003-2,84.0,2025-07-01,2025-06-30,88.18,106.0,69.0,19.18,9.14,0.01
2025,28,SGE003-2,94.0,2025-07-08,2025-07-07,91.55,108.0,70.0,13.12,6.7,0.0
2025,29,SGE003-2,296.0,2025-07-15,2025-07-14,89.86,109.0,73.0,24.03,8.79,0.0
2025,30,SGE003-2,76.0,2025-07-22,2025-07-21,84.17,99.0,68.0,14.91,7.65,0.15
2025,31,SGE003-2,113.0,2025-07-29,2025-07-28,87.29,104.0,68.0,10.27,7.41,0.0
2025,33,SGE003-2,271.0,2025-08-12,2025-08-11,89.0,108.0,70.0,20.38,8.13,0.23
2025,34,SGE003-2,113.0,2025-08-19,2025-08-18,90.28,107.0,70.0,21.51,6.22,0.02
2025,35,SGE003-2,172.0,2025-08-26,2025-08-25,78.8,80.0,77.0,47.6,4.8,0.0
2023,34,SGE003-3,88.0,2023-08-22,2023-08-21,81.57,101.0,66.0,54.79,5.23,1.05
2018,31,SGE003-DAM,146.0,2018-08-01,2018-07-30,90.68,107.0,71.0,31.48,7.53,0.3
2021,16,SGE003-Extra,2.0,2021-04-13,2021-04-12,61.57,82.0,44.0,23.05,10.11,0.0
2018,31,SGE003-HOR,1130.0,2018-08-01,2018-07-30,90.68,107.0,71.0,31.48,7.53,0.3
2018,9,SGE007,1.0,2018-03-09,2018-03-05,49.29,70.0,28.0,38.03,3.13,0.36
2018,11,SGE007,1.0,2018-03-14,2018-03-12,53.57,74.0,32.0,55.12,8.27,0.08
2018,12,SGE007,0.0,2018-03-22,2018-03-19,56.0,71.0,37.0,42.52,6.66,0.13
2018,13,SGE007,0.0,2018-03-29,2018-03-26,59.2,82.0,38.0,28.12,6.09,0.0
2018,14,SGE007,0.0,2018-04-03,2018-04-02,65.14,86.0,42.0,28.12,7.03,0.21
2018,15,SGE007,0.0,2018-04-10,2018-04-09,63.46,89.0,41.0,20.22,10.2,0.0
2018,16,SGE007,0.0,2018-04-17,2018-04-16,61.57,85.0,40.0,25.9,10.43,0.07
2018,17,SGE007,3.0,2018-04-24,2018-04-23,73.43,93.0,52.0,15.46,8.84,0.0
2018,18,SGE007,4.0,2018-05-01,2018-04-30,65.14,94.0,44.0,40.18,5.51,0.3
2018,19,SGE007,7.0,2018-05-08,2018-05-07,75.57,98.0,53.0,17.85,8.4,0.0
2018,20,SGE007,8.0,2018-05-15,2018-05-14,73.29,91.0,56.0,18.36,8.04,0.0
2018,21,SGE007,12.0,2018-05-22,2018-05-21,74.29,93.0,56.0,21.16,8.79,0.02
2018,22,SGE007,10.0,2018-05-29,2018-05-28,79.71,100.0,59.0,17.46,8.91,0.0
2018,23,SGE007,30.0,2018-06-05,2018-06-04,83.71,103.0,67.0,11.06,9.74,0.0
2018,24,SGE007,10.0,2018-06-12,2018-06-11,85.0,104.0,66.0,17.22,10.77,0.0
2018,25,SGE007,10.0,2018-06-19,2018-06-18,86.0,106.0,63.0,12.23,7.69,0.0
2018,26,SGE007,30.0,2018-06-26,2018-06-25,87.97,105.0,69.0,10.63,8.06,0.0
2018,27,SGE007,32.0,2018-07-02,2018-07-02,90.71,108.0,73.0,16.33,9.23,0.01
2018,28,SGE007,17.0,2018-07-10,2018-07-09,86.43,105.0,69.0,49.03,7.43,0.04
2018,29,SGE007,55.0,2018-07-17,2018-07-16,89.71,106.0,71.0,39.86,8.12,0.01
2018,30,SGE007,114.0,2018-07-23,2018-07-23,93.43,110.0,76.0,24.21,7.73,0.0
2018,31,SGE007,51.0,2018-07-31,2018-07-30,90.68,107.0,71.0,31.48,7.53,0.3
2018,32,SGE007,8.0,2018-08-07,2018-08-06,88.14,107.0,67.0,26.12,6.96,0.13
2018,33,SGE007,26.0,2018-08-14,2018-08-13,88.28,105.0,70.0,32.05,7.08,0.02
2018,34,SGE007,21.0,2018-08-21,2018-08-20,84.43,105.0,67.0,41.61,9.19,0.81
2018,35,SGE007,9.0,2018-08-28,2018-08-27,82.6,98.0,63.0,20.41,5.97,0.0
2018,36,SGE007,1.0,2018-09-05,2018-09-03,82.29,101.0,66.0,30.0,5.73,0.14
2018,37,SGE007,15.0,2018-09-11,2018-09-10,83.06,99.0,63.0,16.28,8.08,0.0
2018,39,SGE007,21.0,2018-09-25,2018-09-24,78.29,94.0,57.0,18.37,6.69,0.0
2018,41,SGE007,10.0,2018-10-10,2018-10-08,61.14,77.0,46.0,43.6,8.24,0.01
2018,42,SGE007,1.0,2018-10-16,2018-10-15,59.43,82.0,41.0,38.75,6.56,0.06
2018,44,SGE007,0.0,2018-11-02,2018-10-29,58.72,79.0,39.0,33.35,5.42,0.0
2018,45,SGE007,3.0,2018-11-06,2018-11-05,51.14,73.0,31.0,27.58,5.91,0.0
2018,46,SGE007,0.0,2018-11-14,2018-11-12,46.29,65.0,28.0,31.27,2.9,0.0
2018,47,SGE007,0.0,2018-11-20,2018-11-19,45.86,62.0,31.0,40.09,3.56,0.01
2018,48,SGE007,0.0,2018-11-27,2018-11-26,44.06,59.0,29.0,59.96,4.46,0.01
2019,13,SGE007,0.0,2019-03-28,2019-03-25,56.63,74.0,42.0,38.09,5.94,0.0
2019,14,SGE007,1.0,2019-04-02,2019-04-01,59.59,78.0,42.0,43.06,5.64,0.0
2019,15,SGE007,1.0,2019-04-09,2019-04-08,58.23,84.0,38.0,38.62,7.97,0.02
2019,17,SGE007,6.0,2019-04-24,2019-04-22,71.29,91.0,47.0,33.57,6.59,0.01
2019,18,SGE007,1.0,2019-05-02,2019-04-29,63.71,88.0,45.0,41.02,6.13,0.06
2019,20,SGE007,3.0,2019-05-14,2019-05-13,66.43,89.0,44.0,37.1,8.59,0.05
2019,21,SGE007,0.0,2019-05-22,2019-05-20,59.86,82.0,46.0,51.86,8.06,0.2
2019,22,SGE007,5.0,2019-05-30,2019-05-27,68.09,91.0,49.0,40.99,6.13,0.14
2019,23,SGE007,1.0,2019-06-04,2019-06-03,79.1,98.0,60.0,22.42,8.93,0.0
2019,24,SGE007,5.0,2019-06-12,2019-06-10,82.74,103.0,61.0,19.82,6.11,0.03
2019,25,SGE007,10.0,2019-06-18,2019-06-17,79.49,99.0,57.0,24.11,8.11,0.01
2019,26,SGE007,4.0,2019-06-25,2019-06-24,83.11,100.0,63.0,15.7,8.24,0.01
2019,27,SGE007,26.0,2019-07-02,2019-07-01,84.14,101.0,66.0,14.45,7.61,0.0
2019,28,SGE007,81.0,2019-07-09,2019-07-08,87.71,106.0,68.0,18.12,7.13,0.01
2019,29,SGE007,62.0,2019-07-16,2019-07-15,88.14,107.0,70.0,14.48,7.39,0.0
2019,30,SGE007,98.0,2019-07-23,2019-07-22,89.64,106.0,70.0,29.3,6.67,0.02
2019,31,SGE007,79.0,2019-07-30,2019-07-29,89.44,107.0,69.0,29.18,6.86,0.03
2019,32,SGE007,84.0,2019-08-06,2019-08-05,88.64,107.0,74.0,29.96,9.1,0.0
2019,33,SGE007,141.0,2019-08-13,2019-08-12,88.17,105.0,69.0,12.19,5.71,0.0
2019,34,SGE007,77.0,2019-08-20,2019-08-19,85.43,104.0,68.0,15.05,5.87,0.0
2019,35,SGE007,218.0,2019-08-27,2019-08-26,87.43,105.0,68.0,21.23,5.8,0.01
2019,36,SGE007,55.0,2019-09-04,2019-09-02,87.71,103.0,72.0,26.15,7.17,0.01
2019,37,SGE007,70.0,2019-09-10,2019-09-09,78.29,98.0,60.0,19.35,7.39,0.0
2019,38,SGE007,125.0,2019-09-17,2019-09-16,74.0,94.0,52.0,18.87,9.07,0.0
2019,39,SGE007,71.0,2019-09-24,2019-09-23,73.57,92.0,55.0,31.41,8.87,0.01
2019,40,SGE007,3.0,2019-10-01,2019-09-30,63.71,85.0,43.0,16.92,5.23,0.0
2019,41,SGE007,24.0,2019-10-08,2019-10-07,60.86,86.0,35.0,13.51,5.99,0.0
2019,42,SGE007,40.0,2019-10-17,2019-10-14,62.24,84.0,42.0,21.21,5.13,0.0
2020,17,SGE007,15.0,2020-04-21,2020-04-20,66.0,86.0,47.0,42.3,5.31,0.21
2020,18,SGE007,12.0,2020-04-28,2020-04-27,74.57,94.0,54.0,23.42,6.04,0.0
2020,19,SGE007,6.0,2020-05-05,2020-05-04,73.86,93.0,52.0,17.28,6.43,0.01
2020,20,SGE007,9.0,2020-05-12,2020-05-11,73.57,93.0,56.0,23.1,9.91,0.0
2020,21,SGE007,26.0,2020-05-19,2020-05-18,67.71,91.0,48.0,21.27,11.93,0.0
2020,22,SGE007,61.0,2020-05-27,2020-05-25,82.57,104.0,56.0,16.38,7.0,0.0
2020,23,SGE007,62.0,2020-06-02,2020-06-01,82.0,103.0,61.0,17.6,9.17,0.01
2020,24,SGE007,31.0,2020-06-10,2020-06-08,76.0,102.0,51.0,14.17,8.66,0.0
2020,25,SGE007,47.0,2020-06-16,2020-06-15,81.29,101.0,63.0,14.2,9.71,0.0
2020,26,SGE007,112.0,2020-06-23,2020-06-22,88.57,105.0,69.0,14.3,9.31,0.0
2020,27,SGE007,22.0,2020-06-30,2020-06-29,81.86,103.0,55.0,17.66,8.37,0.0
2020,28,SGE007,75.0,2020-07-07,2020-07-06,89.14,109.0,67.0,11.29,7.21,0.0
2020,29,SGE007,99.0,2020-07-14,2020-07-13,91.29,109.0,72.0,14.58,7.94,0.0
2020,30,SGE007,73.0,2020-07-21,2020-07-20,88.71,106.0,72.0,23.53,9.24,0.0
2020,31,SGE007,119.0,2020-07-28,2020-07-27,91.2,110.0,69.0,14.51,6.36,0.01
2020,32,SGE007,146.0,2020-08-04,2020-08-03,86.29,104.0,66.0,11.15,7.09,0.0
2020,33,SGE007,121.0,2020-08-11,2020-08-10,87.86,111.0,66.0,13.36,5.31,0.0
2020,34,SGE007,244.0,2020-08-18,2020-08-17,92.43,111.0,70.0,21.14,6.49,0.04
2020,35,SGE007,155.0,2020-08-25,2020-08-24,88.14,105.0,68.0,24.84,6.4,0.0
2020,36,SGE007,3.0,2020-09-01,2020-08-31,86.29,110.0,66.0,13.93,6.01,0.0
2020,37,SGE007,6.0,2020-09-08,2020-09-07,74.57,103.0,54.0,18.03,8.51,0.0
2020,38,SGE007,4.0,2020-09-15,2020-09-14,82.14,100.0,63.0,14.82,5.53,0.0
2020,39,SGE007,17.0,2020-09-22,2020-09-21,79.57,97.0,59.0,20.6,6.17,0.02
2020,40,SGE007,7.0,2020-09-29,2020-09-28,76.0,96.0,55.0,11.26,4.74,0.0
2020,41,SGE007,1.0,2020-10-06,2020-10-05,73.43,94.0,55.0,16.64,4.5,0.0
2020,42,SGE007,13.0,2020-10-13,2020-10-12,69.57,91.0,49.0,17.43,4.46,0.0
2020,43,SGE007,9.0,2020-10-20,2020-10-19,64.33,88.0,41.0,24.37,4.75,0.0
2020,44,SGE007,2.0,2020-10-29,2020-10-26,55.14,78.0,32.0,20.33,6.01,0.0
2020,45,SGE007,9.0,2020-11-05,2020-11-02,61.14,85.0,37.0,38.65,6.41,0.18
2020,47,SGE007,2.0,2020-11-17,2020-11-16,55.0,78.0,34.0,32.42,3.21,0.0
2020,48,SGE007,7.0,2020-11-24,2020-11-23,42.57,58.0,26.0,37.19,4.2,0.01
2021,6,SGE007,0.0,2021-02-03,2021-02-01,48.71,67.0,29.0,44.11,5.11,0.0
2021,7,SGE007,0.0,2021-02-09,2021-02-08,49.29,65.0,29.0,43.5,4.43,0.11
2021,8,SGE007,1.0,2021-02-16,2021-02-15,43.43,59.0,27.0,39.36,6.0,0.03
2021,9,SGE007,0.0,2021-02-23,2021-02-22,45.57,69.0,24.0,26.58,6.63,0.0
2021,10,SGE007,0.0,2021-03-02,2021-03-01,53.14,76.0,27.0,27.05,5.04,0.01
2021,11,SGE007,0.0,2021-03-09,2021-03-08,46.86,76.0,32.0,56.48,7.41,0.89
2021,12,SGE007,0.0,2021-03-18,2021-03-15,52.43,72.0,32.0,54.68,7.34,0.6
2021,13,SGE007,0.0,2021-03-25,2021-03-22,52.86,74.0,34.0,36.09,8.83,0.03
2021,14,SGE007,0.0,2021-03-30,2021-03-29,60.86,86.0,34.0,19.13,5.27,0.0
2021,15,SGE007,5.0,2021-04-06,2021-04-05,64.14,84.0,43.0,14.12,6.69,0.0
2021,16,SGE007,9.0,2021-04-13,2021-04-12,61.57,82.0,44.0,23.05,10.11,0.0
2021,17,SGE007,31.0,2021-04-20,2021-04-19,67.76,83.0,47.0,16.96,11.02,0.0
2021,18,SGE007,36.0,2021-04-29,2021-04-26,66.86,93.0,44.0,32.05,8.74,0.29
2021,19,SGE007,27.0,2021-05-04,2021-05-03,71.57,94.0,52.0,17.44,8.44,0.0
2021,20,SGE007,14.0,2021-05-11,2021-05-10,73.86,93.0,53.0,13.04,8.36,0.0
2021,21,SGE007,20.0,2021-05-19,2021-05-17,68.86,94.0,46.0,18.96,11.83,0.01
2021,22,SGE007,1.0,2021-05-25,2021-05-24,75.71,95.0,52.0,12.2,6.24,0.0
2021,23,SGE007,1.0,2021-06-02,2021-05-31,85.43,105.0,62.0,11.61,7.33,0.0
2021,24,SGE007,5.0,2021-06-08,2021-06-07,80.57,105.0,58.0,10.22,9.06,0.0
2021,25,SGE007,1.0,2021-06-15,2021-06-14,93.57,112.0,74.0,10.62,6.11,0.0
2021,26,SGE007,4.0,2021-06-22,2021-06-21,87.43,106.0,68.0,18.49,9.26,0.01
2021,27,SGE007,1.0,2021-07-01,2021-06-28,87.86,105.0,72.0,22.67,8.24,0.01
2021,28,SGE007,55.0,2021-07-06,2021-07-05,97.0,114.0,77.0,14.18,6.67,0.0
2021,29,SGE007,67.0,2021-07-13,2021-07-12,87.71,109.0,69.0,42.67,8.01,0.01
2021,30,SGE007,57.0,2021-07-20,2021-07-19,87.43,103.0,72.0,48.8,6.99,0.0
2021,31,SGE007,3.0,2021-07-28,2021-07-26,84.43,102.0,70.0,50.97,6.57,0.0
2021,32,SGE007,3.0,2021-08-03,2021-08-02,89.71,109.0,67.0,20.41,6.91,0.0
2021,33,SGE007,29.0,2021-08-10,2021-08-09,89.14,105.0,71.0,30.35,7.0,0.0
2021,34,SGE007,48.0,2021-08-17,2021-08-16,83.57,104.0,63.0,33.14,9.8,0.0
2021,35,SGE007,44.0,2021-08-24,2021-08-23,85.0,105.0,64.0,16.53,5.1,0.0
2021,36,SGE007,104.0,2021-08-31,2021-08-30,82.65,103.0,66.0,39.27,5.46,0.0
2021,37,SGE007,32.0,2021-09-08,2021-09-06,87.43,105.0,70.0,23.57,5.31,0.0
2021,38,SGE007,27.0,2021-09-14,2021-09-13,79.71,100.0,60.0,26.2,5.8,0.01
2021,39,SGE007,1.0,2021-09-21,2021-09-20,76.43,94.0,56.0,21.3,5.19,0.0
2021,40,SGE007,40.0,2021-09-28,2021-09-27,71.0,90.0,50.0,29.84,5.99,0.0
2021,41,SGE007,43.0,2021-10-05,2021-10-04,67.0,88.0,49.0,56.54,5.14,0.01
2021,43,SGE007,6.0,2021-10-20,2021-10-18,58.86,78.0,38.0,41.72,4.79,0.0
2021,45,SGE007,26.0,2021-11-03,2021-11-01,61.0,79.0,43.0,42.68,3.16,0.0
2021,46,SGE007,11.0,2021-11-09,2021-11-08,57.48,73.0,41.0,43.24,2.69,0.0
2021,47,SGE007,0.0,2021-11-16,2021-11-15,53.71,71.0,34.0,36.68,3.89,0.0
2021,48,SGE007,0.0,2021-11-23,2021-11-22,47.57,65.0,29.0,31.8,4.29,0.0
2021,49,SGE007,1.0,2021-11-30,2021-11-29,49.57,69.0,31.0,37.95,1.61,0.0
2021,50,SGE007,1.0,2021-12-07,2021-12-06,44.0,59.0,25.0,57.5,4.19,0.04
2021,51,SGE007,0.0,2021-12-14,2021-12-13,38.86,58.0,24.0,65.95,4.23,0.09
2022,3,SGE007,4.0,2022-01-20,2022-01-17,43.29,57.0,28.0,52.01,5.63,0.02
2022,6,SGE007,3.0,2022-02-10,2022-02-07,51.14,72.0,30.0,28.81,5.1,0.0
2022,7,SGE007,0.0,2022-02-15,2022-02-14,48.71,68.0,29.0,30.09,5.57,0.0
2022,9,SGE007,1.0,2022-03-03,2022-02-28,51.86,76.0,30.0,35.76,5.89,0.02
2022,10,SGE007,1.0,2022-03-10,2022-03-07,45.0,67.0,24.0,32.32,6.76,0.01
2022,11,SGE007,1.0,2022-03-16,2022-03-14,55.71,73.0,39.0,29.83,6.0,0.02
2022,12,SGE007,0.0,2022-03-24,2022-03-21,61.0,87.0,40.0,21.16,7.83,0.0
2022,13,SGE007,2.0,2022-03-31,2022-03-28,61.29,80.0,40.0,38.76,6.71,0.01
2022,14,SGE007,7.0,2022-04-05,2022-04-04,63.86,86.0,42.0,16.87,8.36,0.0
2022,15,SGE007,0.0,2022-04-14,2022-04-11,57.43,83.0,33.0,17.82,9.59,0.02
2022,16,SGE007,12.0,2022-04-19,2022-04-18,63.86,88.0,38.0,26.41,10.21,0.09
2022,17,SGE007,10.0,2022-04-26,2022-04-25,67.86,86.0,42.0,14.43,8.16,0.0
2022,18,SGE007,47.0,2022-05-03,2022-05-02,70.86,92.0,49.0,18.29,11.53,0.0
2022,19,SGE007,19.0,2022-05-11,2022-05-09,66.57,98.0,48.0,14.1,7.17,0.0
2022,21,SGE007,2.0,2022-05-24,2022-05-23,77.71,100.0,55.0,13.06,9.49,0.0
2022,22,SGE007,2.0,2022-05-31,2022-05-30,75.14,96.0,52.0,15.4,8.04,0.0
2022,23,SGE007,12.0,2022-06-07,2022-06-06,87.86,106.0,69.0,14.97,8.09,0.0
2022,24,SGE007,38.0,2022-06-14,2022-06-13,81.43,106.0,62.0,11.75,11.51,0.0
2022,25,SGE007,7.0,2022-06-21,2022-06-20,83.14,103.0,57.0,17.12,7.33,0.01
2022,26,SGE007,22.0,2022-06-28,2022-06-27,90.29,104.0,75.0,20.08,10.89,0.01
2022,27,SGE007,30.0,2022-07-06,2022-07-04,87.86,106.0,70.0,13.85,8.8,0.0
2022,28,SGE007,29.0,2022-07-12,2022-07-11,93.71,108.0,77.0,24.37,8.04,0.02
2022,29,SGE007,69.0,2022-07-19,2022-07-18,93.57,110.0,79.0,23.5,8.01,0.03
2022,31,SGE007,85.0,2022-08-02,2022-08-01,87.29,102.0,73.0,42.64,6.47,0.08
2022,32,SGE007,51.0,2022-08-09,2022-08-08,85.43,104.0,73.0,46.98,6.6,0.15
2022,33,SGE007,0.0,2022-08-16,2022-08-15,84.43,99.0,71.0,49.42,6.64,0.04
2022,34,SGE007,18.0,2022-08-23,2022-08-22,85.86,103.0,69.0,37.01,5.5,0.47
2022,35,SGE007,16.0,2022-08-30,2022-08-29,90.71,108.0,71.0,22.05,4.3,0.0
2022,36,SGE007,24.0,2022-09-07,2022-09-05,87.29,111.0,66.0,31.95,6.51,0.01
2022,37,SGE007,36.0,2022-09-13,2022-09-12,75.14,92.0,61.0,56.31,6.79,1.08
2022,38,SGE007,33.0,2022-09-20,2022-09-19,77.57,93.0,59.0,31.61,5.53,0.0
2022,39,SGE007,46.0,2022-09-27,2022-09-26,77.79,95.0,60.0,35.98,4.8,0.44
2022,40,SGE007,22.0,2022-10-04,2022-10-03,73.52,88.0,58.0,36.66,4.44,0.01
2022,41,SGE007,30.0,2022-10-11,2022-10-10,71.14,87.0,55.0,27.73,4.26,0.0
2022,42,SGE007,17.0,2022-10-19,2022-10-17,64.29,85.0,39.0,33.49,6.11,0.34
2023,20,SGE007,3.0,2023-05-16,2023-05-15,76.17,91.0,57.0,36.7,7.22,0.17
2023,21,SGE007,7.0,2023-05-23,2023-05-22,76.29,93.0,57.0,22.04,7.76,0.02
2023,22,SGE007,5.0,2023-05-31,2023-05-29,75.71,94.0,57.0,21.94,7.03,0.02
2023,23,SGE007,4.0,2023-06-06,2023-06-05,77.16,97.0,61.0,18.28,8.09,0.01
2023,24,SGE007,1.0,2023-06-13,2023-06-12,75.71,98.0,57.0,37.66,7.94,0.09
2023,25,SGE007,4.0,2023-06-21,2023-06-19,78.43,97.0,57.0,11.78,9.56,0.0
2023,26,SGE007,24.0,2023-06-27,2023-06-26,83.29,107.0,64.0,13.59,6.69,0.0
2023,27,SGE007,52.0,2023-07-04,2023-07-03,87.14,109.0,67.0,9.62,7.04,0.0
2023,28,SGE007,64.0,2023-07-11,2023-07-10,92.29,114.0,73.0,16.33,6.26,0.0
2023,29,SGE007,63.0,2023-07-18,2023-07-17,95.14,112.0,77.0,19.31,8.4,0.0
2023,30,SGE007,78.0,2023-07-26,2023-07-24,92.29,109.0,74.0,24.69,9.04,0.02
2023,31,SGE007,50.0,2023-08-01,2023-07-31,83.14,103.0,67.0,38.68,5.63,0.47
2023,32,SGE007,78.0,2023-08-08,2023-08-07,83.57,103.0,65.0,31.35,7.11,0.2
2023,33,SGE007,128.0,2023-08-15,2023-08-14,82.57,101.0,65.0,50.17,6.24,0.21
2023,35,SGE007,72.0,2023-08-29,2023-08-28,81.46,106.0,65.0,50.86,6.43,2.76
2023,36,SGE007,57.0,2023-09-06,2023-09-04,77.24,98.0,62.0,44.32,4.47,0.02
2023,37,SGE007,23.0,2023-09-12,2023-09-11,76.86,94.0,61.0,45.56,3.95,0.04
2023,38,SGE007,21.0,2023-09-19,2023-09-18,72.14,92.0,53.0,37.06,5.07,0.05
2023,39,SGE007,21.0,2023-09-26,2023-09-25,71.43,91.0,52.0,33.39,6.0,0.04
2023,40,SGE007,10.0,2023-10-03,2023-10-02,68.07,89.0,48.0,41.49,4.69,0.19
2023,41,SGE007,160.0,2023-10-10,2023-10-09,66.29,88.0,46.0,30.17,5.31,0.0
2023,42,SGE007,170.0,2023-10-17,2023-10-16,70.86,89.0,50.0,26.1,3.17,0.0
2023,43,SGE007,212.0,2023-10-24,2023-10-23,59.86,78.0,41.0,34.92,7.0,0.0
2023,44,SGE007,2.0,2023-10-31,2023-10-30,53.71,74.0,34.0,20.44,2.64,0.0
2023,45,SGE007,3.0,2023-11-07,2023-11-06,52.71,78.0,32.0,30.33,5.2,0.01
2023,46,SGE007,1.0,2023-11-14,2023-11-13,56.0,73.0,36.0,57.82,3.94,0.3
2023,48,SGE007,0.0,2023-11-29,2023-11-27,43.71,58.0,25.0,47.76,3.01,0.02
2023,49,SGE007,0.0,2023-12-06,2023-12-04,45.27,65.0,27.0,41.87,3.6,0.0
2024,6,SGE007,0.0,2024-02-14,2024-02-12,47.86,65.0,29.0,55.91,3.13,0.0
2024,9,SGE007,0.0,2024-02-29,2024-02-26,54.12,70.0,34.0,37.5,10.34,0.0
2024,11,SGE007,6.0,2024-03-12,2024-03-11,51.43,67.0,38.0,50.99,7.97,0.25
2024,12,SGE007,11.0,2024-03-19,2024-03-18,57.29,76.0,39.0,44.37,7.51,0.14
2024,13,SGE007,25.0,2024-03-26,2024-03-25,53.0,72.0,35.0,45.25,7.31,0.69
2024,14,SGE007,14.0,2024-04-03,2024-04-01,54.14,77.0,34.0,41.14,8.71,0.01
2024,15,SGE007,28.0,2024-04-09,2024-04-08,62.29,86.0,41.0,24.65,8.41,0.0
2024,16,SGE007,22.0,2024-04-17,2024-04-15,66.86,88.0,45.0,26.3,5.48,0.0
2024,17,SGE007,56.0,2024-04-23,2024-04-22,66.29,89.0,47.0,31.77,8.99,0.02
2024,18,SGE007,55.0,2024-05-01,2024-04-29,66.86,86.0,46.0,22.07,8.71,0.01
2024,19,SGE007,22.0,2024-05-07,2024-05-06,63.0,88.0,39.0,27.17,9.03,0.01
2024,20,SGE007,60.0,2024-05-14,2024-05-13,77.14,94.0,57.0,18.19,8.07,0.0
2024,21,SGE007,61.0,2024-05-21,2024-05-20,73.14,89.0,52.0,17.04,10.24,0.0
2024,22,SGE007,38.0,2024-05-29,2024-05-27,80.86,98.0,61.0,13.38,7.24,0.0
2024,23,SGE007,32.0,2024-06-04,2024-06-03,87.71,108.0,69.0,15.77,7.36,0.0
2024,24,SGE007,9.0,2024-06-11,2024-06-10,87.06,105.0,68.0,11.63,7.06,0.0
2024,25,SGE007,23.0,2024-06-18,2024-06-17,84.86,106.0,63.0,14.44,8.46,0.0
2024,26,SGE007,25.0,2024-06-25,2024-06-24,93.29,108.0,76.0,20.9,10.33,0.0
2024,27,SGE007,16.0,2024-07-02,2024-07-01,91.14,112.0,73.0,9.89,8.01,0.0
2024,28,SGE007,15.0,2024-07-09,2024-07-08,93.9,114.0,75.0,13.82,6.95,0.02
2024,29,SGE007,3.0,2024-07-16,2024-07-15,92.97,108.0,76.0,25.97,8.11,0.11
2024,30,SGE007,0.0,2024-07-23,2024-07-22,92.29,108.0,70.0,23.47,8.79,0.09
2024,31,SGE007,2.0,2024-07-30,2024-07-29,89.29,106.0,69.0,19.72,6.89,0.01
2024,32,SGE007,0.0,2024-08-06,2024-08-05,92.57,109.0,79.0,29.7,9.17,0.03
2024,33,SGE007,2.0,2024-08-13,2024-08-12,87.86,103.0,71.0,30.48,8.99,1.23
2024,34,SGE007,0.0,2024-08-20,2024-08-19,84.71,104.0,68.0,33.33,11.16,0.11
2024,35,SGE007,8.0,2024-08-27,2024-08-26,83.35,102.0,61.0,20.93,5.56,0.01
2024,36,SGE007,0.0,2024-09-03,2024-09-02,87.3,103.0,70.0,19.12,6.56,0.01
2024,37,SGE007,11.0,2024-09-10,2024-09-09,82.19,100.0,61.0,19.17,8.0,0.0
2024,38,SGE007,3.0,2024-09-17,2024-09-16,73.71,91.0,55.0,24.7,7.77,0.02
2024,39,SGE007,4.0,2024-09-24,2024-09-23,82.0,102.0,62.0,16.39,4.43,0.0
2024,40,SGE007,8.0,2024-10-01,2024-09-30,82.0,101.0,62.0,15.02,3.97,0.0
2024,41,SGE007,8.0,2024-10-08,2024-10-07,77.84,96.0,59.0,16.75,4.12,0.0
2024,42,SGE007,8.0,2024-10-16,2024-10-14,67.63,89.0,48.0,35.66,8.2,0.31
2024,43,SGE007,3.0,2024-10-22,2024-10-21,64.43,82.0,48.0,34.79,2.73,0.0
2024,45,SGE007,0.0,2024-11-05,2024-11-04,47.86,65.0,31.0,31.24,6.4,0.0
2024,46,SGE007,1.0,2024-11-12,2024-11-11,48.57,69.0,31.0,38.17,5.39,0.02
2024,47,SGE007,0.0,2024-11-19,2024-11-18,47.43,69.0,30.0,27.16,4.1,0.0
2025,4,SGE007,0.0,2025-01-22,2025-01-20,35.86,56.0,16.0,18.99,4.84,0.0
2025,7,SGE007,0.0,2025-02-11,2025-02-10,43.4,60.0,23.0,50.43,4.69,0.25
2025,8,SGE007,0.0,2025-02-19,2025-02-17,51.0,70.0,34.0,39.11,4.4,0.0
2025,9,SGE007,0.0,2025-02-25,2025-02-24,57.11,79.0,37.0,21.18,7.41,0.01
2025,10,SGE007,0.0,2025-03-05,2025-03-03,47.86,67.0,32.0,48.15,7.24,0.16
2025,11,SGE007,0.0,2025-03-11,2025-03-10,50.43,71.0,34.0,50.75,7.23,0.3
2025,12,SGE007,0.0,2025-03-20,2025-03-17,54.65,76.0,34.0,30.1,7.8,0.02
2025,13,SGE007,7.0,2025-03-25,2025-03-24,65.0,87.0,45.0,23.01,6.51,0.0
2025,15,SGE007,25.0,2025-04-08,2025-04-07,69.71,91.0,44.0,14.98,5.59,0.0
2025,16,SGE007,42.0,2025-04-15,2025-04-14,63.29,86.0,39.0,26.38,7.81,0.1
2025,17,SGE007,35.0,2025-04-22,2025-04-21,67.02,84.0,46.0,16.54,9.33,0.0
2025,18,SGE007,12.0,2025-04-30,2025-04-28,67.29,86.0,48.0,30.31,7.6,0.1
2025,20,SGE007,5.0,2025-05-14,2025-05-12,68.43,92.0,51.0,24.01,11.31,0.04
2025,21,SGE007,3.0,2025-05-20,2025-05-19,76.29,97.0,54.0,14.39,7.89,0.0
2025,22,SGE007,4.0,2025-05-28,2025-05-26,83.71,104.0,62.0,13.95,6.5,0.0
2025,23,SGE007,3.0,2025-06-03,2025-06-02,78.84,101.0,59.0,39.72,7.61,1.74
2025,24,SGE007,12.0,2025-06-10,2025-06-09,88.43,105.0,71.0,13.16,8.49,0.0
2025,25,SGE007,14.0,2025-06-17,2025-06-16,86.43,107.0,62.0,8.95,11.21,0.0
2025,26,SGE007,0.0,2025-06-24,2025-06-23,82.86,102.0,64.0,12.5,6.21,0.0
2025,27,SGE007,33.0,2025-07-01,2025-06-30,88.18,106.0,69.0,19.18,9.14,0.01
2025,28,SGE007,18.0,2025-07-08,2025-07-07,91.55,108.0,70.0,13.12,6.7,0.0
2025,29,SGE007,11.0,2025-07-15,2025-07-14,89.86,109.0,73.0,24.03,8.79,0.0
2025,30,SGE007,5.0,2025-07-22,2025-07-21,84.17,99.0,68.0,14.91,7.65,0.15
2025,31,SGE007,7.0,2025-07-29,2025-07-28,87.29,104.0,68.0,10.27,7.41,0.0
2025,32,SGE007,5.0,2025-08-05,2025-08-04,90.86,108.0,74.0,10.49,8.59,0.0
2025,33,SGE007,7.0,2025-08-12,2025-08-11,89.0,108.0,70.0,20.38,8.13,0.23
2025,34,SGE007,11.0,2025-08-19,2025-08-18,90.28,107.0,70.0,21.51,6.22,0.02
2025,35,SGE007,8.0,2025-08-26,2025-08-25,78.8,80.0,77.0,47.6,4.8,0.0
2018,14,SGE008-2,1.0,2018-04-04,2018-04-02,65.14,86.0,42.0,28.12,7.03,0.21
2018,15,SGE008-2,1.0,2018-04-11,2018-04-09,63.46,89.0,41.0,20.22,10.2,0.0
2018,16,SGE008-2,0.0,2018-04-18,2018-04-16,61.57,85.0,40.0,25.9,10.43,0.07
2018,17,SGE008-2,0.0,2018-04-25,2018-04-23,73.43,93.0,52.0,15.46,8.84,0.0
2018,18,SGE008-2,0.0,2018-05-04,2018-04-30,65.14,94.0,44.0,40.18,5.51,0.3
2018,19,SGE008-2,2.0,2018-05-09,2018-05-07,75.57,98.0,53.0,17.85,8.4,0.0
2018,20,SGE008-2,1.0,2018-05-16,2018-05-14,73.29,91.0,56.0,18.36,8.04,0.0
2018,21,SGE008-2,2.0,2018-05-23,2018-05-21,74.29,93.0,56.0,21.16,8.79,0.02
2018,22,SGE008-2,2.0,2018-05-30,2018-05-28,79.71,100.0,59.0,17.46,8.91,0.0
2018,23,SGE008-2,2.0,2018-06-06,2018-06-04,83.71,103.0,67.0,11.06,9.74,0.0
2018,24,SGE008-2,0.0,2018-06-13,2018-06-11,85.0,104.0,66.0,17.22,10.77,0.0
2018,25,SGE008-2,2.0,2018-06-20,2018-06-18,86.0,106.0,63.0,12.23,7.69,0.0
2018,26,SGE008-2,4.0,2018-06-27,2018-06-25,87.97,105.0,69.0,10.63,8.06,0.0
2018,27,SGE008-2,0.0,2018-07-03,2018-07-02,90.71,108.0,73.0,16.33,9.23,0.01
2018,28,SGE008-2,11.0,2018-07-11,2018-07-09,86.43,105.0,69.0,49.03,7.43,0.04
2018,29,SGE008-2,6.0,2018-07-18,2018-07-16,89.71,106.0,71.0,39.86,8.12,0.01
2018,30,SGE008-2,8.0,2018-07-26,2018-07-23,93.43,110.0,76.0,24.21,7.73,0.0
2018,31,SGE008-2,10.0,2018-08-01,2018-07-30,90.68,107.0,71.0,31.48,7.53,0.3
2018,32,SGE008-2,23.0,2018-08-08,2018-08-06,88.14,107.0,67.0,26.12,6.96,0.13
2018,33,SGE008-2,2.0,2018-08-15,2018-08-13,88.28,105.0,70.0,32.05,7.08,0.02
2018,34,SGE008-2,0.0,2018-08-22,2018-08-20,84.43,105.0,67.0,41.61,9.19,0.81
2018,35,SGE008-2,4.0,2018-08-29,2018-08-27,82.6,98.0,63.0,20.41,5.97,0.0
2021,28,SGE008-2,103.0,2021-07-07,2021-07-05,97.0,114.0,77.0,14.18,6.67,0.0
2021,29,SGE008-2,219.0,2021-07-13,2021-07-12,87.71,109.0,69.0,42.67,8.01,0.01
2021,30,SGE008-2,8.0,2021-07-20,2021-07-19,87.43,103.0,72.0,48.8,6.99,0.0
2021,31,SGE008-2,54.0,2021-07-28,2021-07-26,84.43,102.0,70.0,50.97,6.57,0.0
2021,32,SGE008-2,14.0,2021-08-03,2021-08-02,89.71,109.0,67.0,20.41,6.91,0.0
2021,33,SGE008-2,18.0,2021-08-10,2021-08-09,89.14,105.0,71.0,30.35,7.0,0.0
2021,34,SGE008-2,18.0,2021-08-17,2021-08-16,83.57,104.0,63.0,33.14,9.8,0.0
2021,35,SGE008-2,12.0,2021-08-24,2021-08-23,85.0,105.0,64.0,16.53,5.1,0.0
2021,36,SGE008-2,94.0,2021-08-31,2021-08-30,82.65,103.0,66.0,39.27,5.46,0.0
2021,37,SGE008-2,0.0,2021-09-08,2021-09-06,87.43,105.0,70.0,23.57,5.31,0.0
2021,38,SGE008-2,8.0,2021-09-14,2021-09-13,79.71,100.0,60.0,26.2,5.8,0.01
2021,39,SGE008-2,23.0,2021-09-21,2021-09-20,76.43,94.0,56.0,21.3,5.19,0.0
2021,40,SGE008-2,18.0,2021-09-28,2021-09-27,71.0,90.0,50.0,29.84,5.99,0.0
2021,41,SGE008-2,1.0,2021-10-05,2021-10-04,67.0,88.0,49.0,56.54,5.14,0.01
2021,43,SGE008-2,0.0,2021-10-20,2021-10-18,58.86,78.0,38.0,41.72,4.79,0.0
2021,45,SGE008-2,1.0,2021-11-03,2021-11-01,61.0,79.0,43.0,42.68,3.16,0.0
2021,46,SGE008-2,0.0,2021-11-09,2021-11-08,57.48,73.0,41.0,43.24,2.69,0.0
2021,47,SGE008-2,0.0,2021-11-16,2021-11-15,53.71,71.0,34.0,36.68,3.89,0.0
2022,11,SGE008-2,0.0,2022-03-16,2022-03-14,55.71,73.0,39.0,29.83,6.0,0.02
2022,12,SGE008-2,0.0,2022-03-24,2022-03-21,61.0,87.0,40.0,21.16,7.83,0.0
2022,13,SGE008-2,0.0,2022-03-31,2022-03-28,61.29,80.0,40.0,38.76,6.71,0.01
2022,14,SGE008-2,1.0,2022-04-05,2022-04-04,63.86,86.0,42.0,16.87,8.36,0.0
2022,15,SGE008-2,0.0,2022-04-14,2022-04-11,57.43,83.0,33.0,17.82,9.59,0.02
2022,16,SGE008-2,1.0,2022-04-19,2022-04-18,63.86,88.0,38.0,26.41,10.21,0.09
2022,17,SGE008-2,0.0,2022-04-26,2022-04-25,67.86,86.0,42.0,14.43,8.16,0.0
2022,18,SGE008-2,6.0,2022-05-03,2022-05-02,70.86,92.0,49.0,18.29,11.53,0.0
2022,19,SGE008-2,7.0,2022-05-11,2022-05-09,66.57,98.0,48.0,14.1,7.17,0.0
2022,21,SGE008-2,16.0,2022-05-24,2022-05-23,77.71,100.0,55.0,13.06,9.49,0.0
2022,22,SGE008-2,8.0,2022-05-31,2022-05-30,75.14,96.0,52.0,15.4,8.04,0.0
2022,23,SGE008-2,9.0,2022-06-07,2022-06-06,87.86,106.0,69.0,14.97,8.09,0.0
2022,24,SGE008-2,22.0,2022-06-14,2022-06-13,81.43,106.0,62.0,11.75,11.51,0.0
2022,25,SGE008-2,7.0,2022-06-21,2022-06-20,83.14,103.0,57.0,17.12,7.33,0.01
2022,26,SGE008-2,17.0,2022-06-28,2022-06-27,90.29,104.0,75.0,20.08,10.89,0.01
2022,27,SGE008-2,27.0,2022-07-06,2022-07-04,87.86,106.0,70.0,13.85,8.8,0.0
2022,28,SGE008-2,9.0,2022-07-12,2022-07-11,93.71,108.0,77.0,24.37,8.04,0.02
2022,29,SGE008-2,5.0,2022-07-19,2022-07-18,93.57,110.0,79.0,23.5,8.01,0.03
2022,31,SGE008-2,1.0,2022-08-02,2022-08-01,87.29,102.0,73.0,42.64,6.47,0.08
2022,32,SGE008-2,4.0,2022-08-09,2022-08-08,85.43,104.0,73.0,46.98,6.6,0.15
2022,33,SGE008-2,3.0,2022-08-16,2022-08-15,84.43,99.0,71.0,49.42,6.64,0.04
2022,34,SGE008-2,3.0,2022-08-23,2022-08-22,85.86,103.0,69.0,37.01,5.5,0.47
2022,35,SGE008-2,6.0,2022-08-30,2022-08-29,90.71,108.0,71.0,22.05,4.3,0.0
2022,38,SGE008-2,10.0,2022-09-20,2022-09-19,77.57,93.0,59.0,31.61,5.53,0.0
2022,39,SGE008-2,4.0,2022-09-27,2022-09-26,77.79,95.0,60.0,35.98,4.8,0.44
2023,20,SGE008-2,8.0,2023-05-16,2023-05-15,76.17,91.0,57.0,36.7,7.22,0.17
2023,21,SGE008-2,4.0,2023-05-23,2023-05-22,76.29,93.0,57.0,22.04,7.76,0.02
2023,22,SGE008-2,2.0,2023-05-31,2023-05-29,75.71,94.0,57.0,21.94,7.03,0.02
2023,23,SGE008-2,5.0,2023-06-06,2023-06-05,77.16,97.0,61.0,18.28,8.09,0.01
2023,24,SGE008-2,0.0,2023-06-13,2023-06-12,75.71,98.0,57.0,37.66,7.94,0.09
2023,25,SGE008-2,2.0,2023-06-21,2023-06-19,78.43,97.0,57.0,11.78,9.56,0.0
2023,26,SGE008-2,1.0,2023-06-27,2023-06-26,83.29,107.0,64.0,13.59,6.69,0.0
2023,27,SGE008-2,0.0,2023-07-04,2023-07-03,87.14,109.0,67.0,9.62,7.04,0.0
2023,28,SGE008-2,0.0,2023-07-11,2023-07-10,92.29,114.0,73.0,16.33,6.26,0.0
2023,29,SGE008-2,0.0,2023-07-18,2023-07-17,95.14,112.0,77.0,19.31,8.4,0.0
2023,30,SGE008-2,2.0,2023-07-26,2023-07-24,92.29,109.0,74.0,24.69,9.04,0.02
2023,31,SGE008-2,0.0,2023-08-01,2023-07-31,83.14,103.0,67.0,38.68,5.63,0.47
2023,32,SGE008-2,1.0,2023-08-08,2023-08-07,83.57,103.0,65.0,31.35,7.11,0.2
2023,33,SGE008-2,4.0,2023-08-15,2023-08-14,82.57,101.0,65.0,50.17,6.24,0.21
2023,35,SGE008-2,0.0,2023-08-29,2023-08-28,81.46,106.0,65.0,50.86,6.43,2.76
2023,36,SGE008-2,0.0,2023-09-06,2023-09-04,77.24,98.0,62.0,44.32,4.47,0.02
2023,37,SGE008-2,2.0,2023-09-12,2023-09-11,76.86,94.0,61.0,45.56,3.95,0.04
2024,24,SGE008-2,2.0,2024-06-11,2024-06-10,87.06,105.0,68.0,11.63,7.06,0.0
2024,25,SGE008-2,13.0,2024-06-18,2024-06-17,84.86,106.0,63.0,14.44,8.46,0.0
2024,27,SGE008-2,10.0,2024-07-02,2024-07-01,91.14,112.0,73.0,9.89,8.01,0.0
2024,28,SGE008-2,9.0,2024-07-09,2024-07-08,93.9,114.0,75.0,13.82,6.95,0.02
2024,29,SGE008-2,10.0,2024-07-16,2024-07-15,92.97,108.0,76.0,25.97,8.11,0.11
2024,30,SGE008-2,1.0,2024-07-23,2024-07-22,92.29,108.0,70.0,23.47,8.79,0.09
2024,31,SGE008-2,4.0,2024-07-30,2024-07-29,89.29,106.0,69.0,19.72,6.89,0.01
2024,32,SGE008-2,4.0,2024-08-06,2024-08-05,92.57,109.0,79.0,29.7,9.17,0.03
2024,33,SGE008-2,7.0,2024-08-13,2024-08-12,87.86,103.0,71.0,30.48,8.99,1.23
2024,34,SGE008-2,0.0,2024-08-20,2024-08-19,84.71,104.0,68.0,33.33,11.16,0.11
2024,35,SGE008-2,14.0,2024-08-27,2024-08-26,83.35,102.0,61.0,20.93,5.56,0.01
2024,36,SGE008-2,4.0,2024-09-03,2024-09-02,87.3,103.0,70.0,19.12,6.56,0.01
2024,37,SGE008-2,8.0,2024-09-10,2024-09-09,82.19,100.0,61.0,19.17,8.0,0.0
2024,38,SGE008-2,8.0,2024-09-17,2024-09-16,73.71,91.0,55.0,24.7,7.77,0.02
2024,39,SGE008-2,2.0,2024-09-24,2024-09-23,82.0,102.0,62.0,16.39,4.43,0.0
2024,40,SGE008-2,4.0,2024-10-01,2024-09-30,82.0,101.0,62.0,15.02,3.97,0.0
2025,18,SGE008-2,1.0,2025-04-30,2025-04-28,67.29,86.0,48.0,30.31,7.6,0.1
2025,20,SGE008-2,4.0,2025-05-14,2025-05-12,68.43,92.0,51.0,24.01,11.31,0.04
2025,21,SGE008-2,3.0,2025-05-20,2025-05-19,76.29,97.0,54.0,14.39,7.89,0.0
2025,22,SGE008-2,12.0,2025-05-28,2025-05-26,83.71,104.0,62.0,13.95,6.5,0.0
2025,23,SGE008-2,6.0,2025-06-03,2025-06-02,78.84,101.0,59.0,39.72,7.61,1.74
2025,24,SGE008-2,6.0,2025-06-10,2025-06-09,88.43,105.0,71.0,13.16,8.49,0.0
2025,25,SGE008-2,74.0,2025-06-17,2025-06-16,86.43,107.0,62.0,8.95,11.21,0.0
2025,26,SGE008-2,45.0,2025-06-24,2025-06-23,82.86,102.0,64.0,12.5,6.21,0.0
2025,27,SGE008-2,23.0,2025-07-01,2025-06-30,88.18,106.0,69.0,19.18,9.14,0.01
2025,28,SGE008-2,21.0,2025-07-08,2025-07-07,91.55,108.0,70.0,13.12,6.7,0.0
2025,29,SGE008-2,27.0,2025-07-15,2025-07-14,89.86,109.0,73.0,24.03,8.79,0.0
2025,31,SGE008-2,2.0,2025-07-29,2025-07-28,87.29,104.0,68.0,10.27,7.41,0.0
2025,32,SGE008-2,4.0,2025-08-05,2025-08-04,90.86,108.0,74.0,10.49,8.59,0.0
2025,33,SGE008-2,9.0,2025-08-12,2025-08-11,89.0,108.0,70.0,20.38,8.13,0.23
2025,34,SGE008-2,17.0,2025-08-19,2025-08-18,90.28,107.0,70.0,21.51,6.22,0.02
2025,35,SGE008-2,27.0,2025-08-26,2025-08-25,78.8,80.0,77.0,47.6,4.8,0.0
2018,3,SGE009,0.0,2018-01-18,2018-01-15,46.86,66.0,31.0,61.84,3.81,0.18
2018,5,SGE009,0.0,2018-02-01,2018-01-29,51.19,70.0,33.0,44.18,1.73,0.0
2018,6,SGE009,2.0,2018-02-08,2018-02-05,51.29,71.0,29.0,34.59,5.16,0.0
2018,9,SGE009,1.0,2018-03-09,2018-03-05,49.29,70.0,28.0,38.03,3.13,0.36
2018,11,SGE009,7.0,2018-03-14,2018-03-12,53.57,74.0,32.0,55.12,8.27,0.08
2018,12,SGE009,3.0,2018-03-22,2018-03-19,56.0,71.0,37.0,42.52,6.66,0.13
2018,13,SGE009,3.0,2018-03-29,2018-03-26,59.2,82.0,38.0,28.12,6.09,0.0
2018,14,SGE009,7.0,2018-04-04,2018-04-02,65.14,86.0,42.0,28.12,7.03,0.21
2018,15,SGE009,8.0,2018-04-11,2018-04-09,63.46,89.0,41.0,20.22,10.2,0.0
2018,16,SGE009,11.0,2018-04-18,2018-04-16,61.57,85.0,40.0,25.9,10.43,0.07
2018,17,SGE009,22.0,2018-04-25,2018-04-23,73.43,93.0,52.0,15.46,8.84,0.0
2018,18,SGE009,6.0,2018-05-04,2018-04-30,65.14,94.0,44.0,40.18,5.51,0.3
2018,19,SGE009,61.0,2018-05-09,2018-05-07,75.57,98.0,53.0,17.85,8.4,0.0
2018,20,SGE009,8.0,2018-05-16,2018-05-14,73.29,91.0,56.0,18.36,8.04,0.0
2018,21,SGE009,14.0,2018-05-23,2018-05-21,74.29,93.0,56.0,21.16,8.79,0.02
2018,22,SGE009,8.0,2018-05-30,2018-05-28,79.71,100.0,59.0,17.46,8.91,0.0
2018,23,SGE009,15.0,2018-06-06,2018-06-04,83.71,103.0,67.0,11.06,9.74,0.0
2018,24,SGE009,22.0,2018-06-13,2018-06-11,85.0,104.0,66.0,17.22,10.77,0.0
2018,25,SGE009,4.0,2018-06-20,2018-06-18,86.0,106.0,63.0,12.23,7.69,0.0
2018,26,SGE009,3.0,2018-06-27,2018-06-25,87.97,105.0,69.0,10.63,8.06,0.0
2018,27,SGE009,6.0,2018-07-03,2018-07-02,90.71,108.0,73.0,16.33,9.23,0.01
2018,28,SGE009,13.0,2018-07-11,2018-07-09,86.43,105.0,69.0,49.03,7.43,0.04
2018,29,SGE009,0.0,2018-07-18,2018-07-16,89.71,106.0,71.0,39.86,8.12,0.01
2018,30,SGE009,17.0,2018-07-26,2018-07-23,93.43,110.0,76.0,24.21,7.73,0.0
2018,31,SGE009,9.0,2018-08-01,2018-07-30,90.68,107.0,71.0,31.48,7.53,0.3
2018,32,SGE009,37.0,2018-08-08,2018-08-06,88.14,107.0,67.0,26.12,6.96,0.13
2018,33,SGE009,124.0,2018-08-15,2018-08-13,88.28,105.0,70.0,32.05,7.08,0.02
2018,34,SGE009,89.0,2018-08-22,2018-08-20,84.43,105.0,67.0,41.61,9.19,0.81
2018,35,SGE009,97.0,2018-08-29,2018-08-27,82.6,98.0,63.0,20.41,5.97,0.0
2018,36,SGE009,101.0,2018-09-05,2018-09-03,82.29,101.0,66.0,30.0,5.73,0.14
2018,37,SGE009,169.0,2018-09-11,2018-09-10,83.06,99.0,63.0,16.28,8.08,0.0
2018,39,SGE009,96.0,2018-09-25,2018-09-24,78.29,94.0,57.0,18.37,6.69,0.0
2018,40,SGE009,16.0,2018-10-05,2018-10-01,67.43,87.0,50.0,62.01,6.11,0.73
2018,41,SGE009,22.0,2018-10-10,2018-10-08,61.14,77.0,46.0,43.6,8.24,0.01
2018,42,SGE009,1.0,2018-10-16,2018-10-15,59.43,82.0,41.0,38.75,6.56,0.06
2018,43,SGE009,11.0,2018-10-26,2018-10-22,62.57,77.0,45.0,54.6,2.73,0.59
2018,44,SGE009,6.0,2018-11-02,2018-10-29,58.72,79.0,39.0,33.35,5.42,0.0
2018,45,SGE009,3.0,2018-11-06,2018-11-05,51.14,73.0,31.0,27.58,5.91,0.0
2018,46,SGE009,0.0,2018-11-14,2018-11-12,46.29,65.0,28.0,31.27,2.9,0.0
2018,47,SGE009,0.0,2018-11-20,2018-11-19,45.86,62.0,31.0,40.09,3.56,0.01
2018,48,SGE009,0.0,2018-11-27,2018-11-26,44.06,59.0,29.0,59.96,4.46,0.01
2019,13,SGE009,1.0,2019-03-28,2019-03-25,56.63,74.0,42.0,38.09,5.94,0.0
2019,14,SGE009,1.0,2019-04-02,2019-04-01,59.59,78.0,42.0,43.06,5.64,0.0
2019,15,SGE009,1.0,2019-04-09,2019-04-08,58.23,84.0,38.0,38.62,7.97,0.02
2019,17,SGE009,4.0,2019-04-24,2019-04-22,71.29,91.0,47.0,33.57,6.59,0.01
2019,18,SGE009,1.0,2019-05-01,2019-04-29,63.71,88.0,45.0,41.02,6.13,0.06
2019,19,SGE009,16.0,2019-05-07,2019-05-06,65.72,84.0,50.0,46.66,6.97,1.03
2019,20,SGE009,9.0,2019-05-14,2019-05-13,66.43,89.0,44.0,37.1,8.59,0.05
2019,21,SGE009,4.0,2019-05-22,2019-05-20,59.86,82.0,46.0,51.86,8.06,0.2
2019,22,SGE009,14.0,2019-05-30,2019-05-27,68.09,91.0,49.0,40.99,6.13,0.14
2019,23,SGE009,20.0,2019-06-04,2019-06-03,79.1,98.0,60.0,22.42,8.93,0.0
2019,24,SGE009,23.0,2019-06-12,2019-06-10,82.74,103.0,61.0,19.82,6.11,0.03
2019,25,SGE009,16.0,2019-06-18,2019-06-17,79.49,99.0,57.0,24.11,8.11,0.01
2019,26,SGE009,33.0,2019-06-25,2019-06-24,83.11,100.0,63.0,15.7,8.24,0.01
2019,27,SGE009,20.0,2019-07-02,2019-07-01,84.14,101.0,66.0,14.45,7.61,0.0
2019,28,SGE009,15.0,2019-07-09,2019-07-08,87.71,106.0,68.0,18.12,7.13,0.01
2019,29,SGE009,33.0,2019-07-16,2019-07-15,88.14,107.0,70.0,14.48,7.39,0.0
2019,30,SGE009,11.0,2019-07-24,2019-07-22,89.64,106.0,70.0,29.3,6.67,0.02
2019,31,SGE009,3.0,2019-07-31,2019-07-29,89.44,107.0,69.0,29.18,6.86,0.03
2019,32,SGE009,2.0,2019-08-07,2019-08-05,88.64,107.0,74.0,29.96,9.1,0.0
2019,33,SGE009,5.0,2019-08-14,2019-08-12,88.17,105.0,69.0,12.19,5.71,0.0
2019,34,SGE009,1.0,2019-08-21,2019-08-19,85.43,104.0,68.0,15.05,5.87,0.0
2019,35,SGE009,11.0,2019-08-27,2019-08-26,87.43,105.0,68.0,21.23,5.8,0.01
2019,36,SGE009,0.0,2019-09-04,2019-09-02,87.71,103.0,72.0,26.15,7.17,0.01
2019,37,SGE009,25.0,2019-09-10,2019-09-09,78.29,98.0,60.0,19.35,7.39,0.0
2019,38,SGE009,45.0,2019-09-17,2019-09-16,74.0,94.0,52.0,18.87,9.07,0.0
2019,39,SGE009,12.0,2019-09-24,2019-09-23,73.57,92.0,55.0,31.41,8.87,0.01
2019,40,SGE009,13.0,2019-10-01,2019-09-30,63.71,85.0,43.0,16.92,5.23,0.0
2019,41,SGE009,5.0,2019-10-08,2019-10-07,60.86,86.0,35.0,13.51,5.99,0.0
2019,42,SGE009,6.0,2019-10-17,2019-10-14,62.24,84.0,42.0,21.21,5.13,0.0
2019,43,SGE009,0.0,2019-10-22,2019-10-21,58.45,78.0,39.0,21.16,5.6,0.0
2019,44,SGE009,0.0,2019-11-01,2019-10-28,45.17,71.0,23.0,16.91,5.3,0.0
2019,45,SGE009,0.0,2019-11-13,2019-11-11,55.86,74.0,38.0,25.25,2.76,0.0
2019,46,SGE009,1.0,2019-11-19,2019-11-18,48.86,70.0,34.0,66.4,3.58,0.01
2020,3,SGE009,0.0,2020-01-16,2020-01-13,40.43,55.0,25.0,53.82,3.44,0.01
2020,4,SGE009,0.0,2020-01-24,2020-01-20,45.86,61.0,30.0,61.3,2.54,0.02
2020,9,SGE009,0.0,2020-02-28,2020-02-24,48.29,64.0,30.0,45.38,5.6,0.05
2020,10,SGE009,0.0,2020-03-06,2020-03-02,54.77,75.0,37.0,42.86,6.11,0.1
2020,11,SGE009,0.0,2020-03-12,2020-03-09,56.14,71.0,44.0,65.99,6.37,1.72
2020,12,SGE009,3.0,2020-03-17,2020-03-16,50.43,66.0,39.0,67.61,5.83,0.45
2020,13,SGE009,4.0,2020-03-25,2020-03-23,50.86,67.0,34.0,53.26,6.73,0.37
2020,14,SGE009,1.0,2020-04-01,2020-03-30,56.86,74.0,38.0,38.99,6.91,0.0
2020,15,SGE009,2.0,2020-04-07,2020-04-06,57.57,78.0,41.0,51.67,7.39,0.5
2020,16,SGE009,1.0,2020-04-14,2020-04-13,57.57,75.0,38.0,33.84,7.69,0.01
2020,17,SGE009,1.0,2020-04-21,2020-04-20,66.0,86.0,47.0,42.3,5.31,0.21
2020,18,SGE009,1.0,2020-04-28,2020-04-27,74.57,94.0,54.0,23.42,6.04,0.0
2020,19,SGE009,4.0,2020-05-05,2020-05-04,73.86,93.0,52.0,17.28,6.43,0.01
2020,20,SGE009,5.0,2020-05-12,2020-05-11,73.57,93.0,56.0,23.1,9.91,0.0
2020,21,SGE009,9.0,2020-05-19,2020-05-18,67.71,91.0,48.0,21.27,11.93,0.0
2020,22,SGE009,11.0,2020-05-27,2020-05-25,82.57,104.0,56.0,16.38,7.0,0.0
2020,23,SGE009,16.0,2020-06-02,2020-06-01,82.0,103.0,61.0,17.6,9.17,0.01
2020,24,SGE009,26.0,2020-06-10,2020-06-08,76.0,102.0,51.0,14.17,8.66,0.0
2020,25,SGE009,8.0,2020-06-16,2020-06-15,81.29,101.0,63.0,14.2,9.71,0.0
2020,26,SGE009,12.0,2020-06-23,2020-06-22,88.57,105.0,69.0,14.3,9.31,0.0
2020,27,SGE009,9.0,2020-06-30,2020-06-29,81.86,103.0,55.0,17.66,8.37,0.0
2020,28,SGE009,4.0,2020-07-07,2020-07-06,89.14,109.0,67.0,11.29,7.21,0.0
2020,29,SGE009,3.0,2020-07-14,2020-07-13,91.29,109.0,72.0,14.58,7.94,0.0
2020,30,SGE009,7.0,2020-07-21,2020-07-20,88.71,106.0,72.0,23.53,9.24,0.0
2020,31,SGE009,4.0,2020-07-28,2020-07-27,91.2,110.0,69.0,14.51,6.36,0.01
2020,32,SGE009,2.0,2020-08-04,2020-08-03,86.29,104.0,66.0,11.15,7.09,0.0
2020,33,SGE009,6.0,2020-08-11,2020-08-10,87.86,111.0,66.0,13.36,5.31,0.0
2020,34,SGE009,5.0,2020-08-18,2020-08-17,92.43,111.0,70.0,21.14,6.49,0.04
2020,35,SGE009,15.0,2020-08-25,2020-08-24,88.14,105.0,68.0,24.84,6.4,0.0
2020,36,SGE009,15.0,2020-09-01,2020-08-31,86.29,110.0,66.0,13.93,6.01,0.0
2020,37,SGE009,15.0,2020-09-08,2020-09-07,74.57,103.0,54.0,18.03,8.51,0.0
2020,38,SGE009,22.0,2020-09-15,2020-09-14,82.14,100.0,63.0,14.82,5.53,0.0
2020,39,SGE009,52.0,2020-09-22,2020-09-21,79.57,97.0,59.0,20.6,6.17,0.02
2020,40,SGE009,48.0,2020-09-29,2020-09-28,76.0,96.0,55.0,11.26,4.74,0.0
2020,41,SGE009,24.0,2020-10-06,2020-10-05,73.43,94.0,55.0,16.64,4.5,0.0
2020,42,SGE009,16.0,2020-10-13,2020-10-12,69.57,91.0,49.0,17.43,4.46,0.0
2020,43,SGE009,4.0,2020-10-20,2020-10-19,64.33,88.0,41.0,24.37,4.75,0.0
2020,44,SGE009,4.0,2020-10-29,2020-10-26,55.14,78.0,32.0,20.33,6.01,0.0
2020,45,SGE009,4.0,2020-11-05,2020-11-02,61.14,85.0,37.0,38.65,6.41,0.18
2020,47,SGE009,0.0,2020-11-17,2020-11-16,55.0,78.0,34.0,32.42,3.21,0.0
2020,48,SGE009,3.0,2020-11-24,2020-11-23,42.57,58.0,26.0,37.19,4.2,0.01
2021,6,SGE009,0.0,2021-02-03,2021-02-01,48.71,67.0,29.0,44.11,5.11,0.0
2021,7,SGE009,0.0,2021-02-09,2021-02-08,49.29,65.0,29.0,43.5,4.43,0.11
2021,8,SGE009,0.0,2021-02-16,2021-02-15,43.43,59.0,27.0,39.36,6.0,0.03
2021,9,SGE009,0.0,2021-02-23,2021-02-22,45.57,69.0,24.0,26.58,6.63,0.0
2021,10,SGE009,0.0,2021-03-02,2021-03-01,53.14,76.0,27.0,27.05,5.04,0.01
2021,11,SGE009,0.0,2021-03-09,2021-03-08,46.86,76.0,32.0,56.48,7.41,0.89
2021,12,SGE009,0.0,2021-03-18,2021-03-15,52.43,72.0,32.0,54.68,7.34,0.6
2021,13,SGE009,0.0,2021-03-25,2021-03-22,52.86,74.0,34.0,36.09,8.83,0.03
2021,14,SGE009,0.0,2021-03-30,2021-03-29,60.86,86.0,34.0,19.13,5.27,0.0
2021,15,SGE009,1.0,2021-04-06,2021-04-05,64.14,84.0,43.0,14.12,6.69,0.0
2021,16,SGE009,0.0,2021-04-13,2021-04-12,61.57,82.0,44.0,23.05,10.11,0.0
2021,17,SGE009,3.0,2021-04-20,2021-04-19,67.76,83.0,47.0,16.96,11.02,0.0
2021,18,SGE009,2.0,2021-04-29,2021-04-26,66.86,93.0,44.0,32.05,8.74,0.29
2021,19,SGE009,2.0,2021-05-04,2021-05-03,71.57,94.0,52.0,17.44,8.44,0.0
2021,20,SGE009,2.0,2021-05-11,2021-05-10,73.86,93.0,53.0,13.04,8.36,0.0
2021,21,SGE009,3.0,2021-05-19,2021-05-17,68.86,94.0,46.0,18.96,11.83,0.01
2021,22,SGE009,5.0,2021-05-25,2021-05-24,75.71,95.0,52.0,12.2,6.24,0.0
2021,23,SGE009,3.0,2021-06-02,2021-05-31,85.43,105.0,62.0,11.61,7.33,0.0
2021,24,SGE009,3.0,2021-06-08,2021-06-07,80.57,105.0,58.0,10.22,9.06,0.0
2021,25,SGE009,5.0,2021-06-15,2021-06-14,93.57,112.0,74.0,10.62,6.11,0.0
2021,26,SGE009,4.0,2021-06-22,2021-06-21,87.43,106.0,68.0,18.49,9.26,0.01
2021,27,SGE009,7.0,2021-07-01,2021-06-28,87.86,105.0,72.0,22.67,8.24,0.01
2021,28,SGE009,10.0,2021-07-07,2021-07-05,97.0,114.0,77.0,14.18,6.67,0.0
2021,29,SGE009,8.0,2021-07-13,2021-07-12,87.71,109.0,69.0,42.67,8.01,0.01
2021,30,SGE009,77.0,2021-07-20,2021-07-19,87.43,103.0,72.0,48.8,6.99,0.0
2021,31,SGE009,22.0,2021-07-28,2021-07-26,84.43,102.0,70.0,50.97,6.57,0.0
2021,32,SGE009,58.0,2021-08-03,2021-08-02,89.71,109.0,67.0,20.41,6.91,0.0
2021,33,SGE009,33.0,2021-08-10,2021-08-09,89.14,105.0,71.0,30.35,7.0,0.0
2021,34,SGE009,29.0,2021-08-17,2021-08-16,83.57,104.0,63.0,33.14,9.8,0.0
2021,35,SGE009,13.0,2021-08-24,2021-08-23,85.0,105.0,64.0,16.53,5.1,0.0
2021,36,SGE009,68.0,2021-08-31,2021-08-30,82.65,103.0,66.0,39.27,5.46,0.0
2021,37,SGE009,34.0,2021-09-08,2021-09-06,87.43,105.0,70.0,23.57,5.31,0.0
2021,38,SGE009,24.0,2021-09-14,2021-09-13,79.71,100.0,60.0,26.2,5.8,0.01
2021,39,SGE009,59.0,2021-09-21,2021-09-20,76.43,94.0,56.0,21.3,5.19,0.0
2021,40,SGE009,40.0,2021-09-28,2021-09-27,71.0,90.0,50.0,29.84,5.99,0.0
2021,41,SGE009,55.0,2021-10-05,2021-10-04,67.0,88.0,49.0,56.54,5.14,0.01
2021,43,SGE009,0.0,2021-10-20,2021-10-18,58.86,78.0,38.0,41.72,4.79,0.0
2021,45,SGE009,7.0,2021-11-03,2021-11-01,61.0,79.0,43.0,42.68,3.16,0.0
2021,46,SGE009,12.0,2021-11-09,2021-11-08,57.48,73.0,41.0,43.24,2.69,0.0
2021,47,SGE009,1.0,2021-11-16,2021-11-15,53.71,71.0,34.0,36.68,3.89,0.0
2021,48,SGE009,0.0,2021-11-23,2021-11-22,47.57,65.0,29.0,31.8,4.29,0.0
2021,49,SGE009,0.0,2021-11-30,2021-11-29,49.57,69.0,31.0,37.95,1.61,0.0
2021,50,SGE009,2.0,2021-12-07,2021-12-06,44.0,59.0,25.0,57.5,4.19,0.04
2022,9,SGE009,1.0,2022-03-03,2022-02-28,51.86,76.0,30.0,35.76,5.89,0.02
2022,10,SGE009,1.0,2022-03-10,2022-03-07,45.0,67.0,24.0,32.32,6.76,0.01
2022,11,SGE009,4.0,2022-03-16,2022-03-14,55.71,73.0,39.0,29.83,6.0,0.02
2022,12,SGE009,0.0,2022-03-24,2022-03-21,61.0,87.0,40.0,21.16,7.83,0.0
2022,13,SGE009,6.0,2022-03-31,2022-03-28,61.29,80.0,40.0,38.76,6.71,0.01
2022,14,SGE009,2.0,2022-04-05,2022-04-04,63.86,86.0,42.0,16.87,8.36,0.0
2022,15,SGE009,1.0,2022-04-14,2022-04-11,57.43,83.0,33.0,17.82,9.59,0.02
2022,16,SGE009,3.0,2022-04-19,2022-04-18,63.86,88.0,38.0,26.41,10.21,0.09
2022,17,SGE009,4.0,2022-04-26,2022-04-25,67.86,86.0,42.0,14.43,8.16,0.0
2022,18,SGE009,40.0,2022-05-03,2022-05-02,70.86,92.0,49.0,18.29,11.53,0.0
2022,19,SGE009,25.0,2022-05-11,2022-05-09,66.57,98.0,48.0,14.1,7.17,0.0
2022,21,SGE009,20.0,2022-05-24,2022-05-23,77.71,100.0,55.0,13.06,9.49,0.0
2022,22,SGE009,9.0,2022-05-31,2022-05-30,75.14,96.0,52.0,15.4,8.04,0.0
2022,23,SGE009,18.0,2022-06-07,2022-06-06,87.86,106.0,69.0,14.97,8.09,0.0
2022,24,SGE009,4.0,2022-06-14,2022-06-13,81.43,106.0,62.0,11.75,11.51,0.0
2022,25,SGE009,37.0,2022-06-21,2022-06-20,83.14,103.0,57.0,17.12,7.33,0.01
2022,26,SGE009,21.0,2022-06-28,2022-06-27,90.29,104.0,75.0,20.08,10.89,0.01
2022,27,SGE009,43.0,2022-07-06,2022-07-04,87.86,106.0,70.0,13.85,8.8,0.0
2022,28,SGE009,144.0,2022-07-12,2022-07-11,93.71,108.0,77.0,24.37,8.04,0.02
2022,29,SGE009,84.0,2022-07-19,2022-07-18,93.57,110.0,79.0,23.5,8.01,0.03
2022,31,SGE009,115.0,2022-07-29,2022-07-25,83.71,99.0,69.0,61.45,6.04,1.14
2022,32,SGE009,81.0,2022-08-09,2022-08-08,85.43,104.0,73.0,46.98,6.6,0.15
2022,33,SGE009,23.0,2022-08-16,2022-08-15,84.43,99.0,71.0,49.42,6.64,0.04
2022,34,SGE009,20.0,2022-08-23,2022-08-22,85.86,103.0,69.0,37.01,5.5,0.47
2022,35,SGE009,35.0,2022-08-30,2022-08-29,90.71,108.0,71.0,22.05,4.3,0.0
2022,36,SGE009,62.0,2022-09-07,2022-09-05,87.29,111.0,66.0,31.95,6.51,0.01
2022,37,SGE009,29.0,2022-09-13,2022-09-12,75.14,92.0,61.0,56.31,6.79,1.08
2022,38,SGE009,39.0,2022-09-20,2022-09-19,77.57,93.0,59.0,31.61,5.53,0.0
2022,39,SGE009,17.0,2022-09-27,2022-09-26,77.79,95.0,60.0,35.98,4.8,0.44
2022,40,SGE009,44.0,2022-10-04,2022-10-03,73.52,88.0,58.0,36.66,4.44,0.01
2022,41,SGE009,12.0,2022-10-11,2022-10-10,71.14,87.0,55.0,27.73,4.26,0.0
2022,42,SGE009,1.0,2022-10-19,2022-10-17,64.29,85.0,39.0,33.49,6.11,0.34
2022,44,SGE009,1.0,2022-11-01,2022-10-31,51.43,74.0,32.0,42.74,6.04,0.02
2022,45,SGE009,6.0,2022-11-08,2022-11-07,49.14,72.0,31.0,50.81,8.54,0.3
2022,46,SGE009,0.0,2022-11-15,2022-11-14,41.71,54.0,27.0,41.95,5.77,0.0
2022,48,SGE009,0.0,2022-12-01,2022-11-28,45.29,62.0,25.0,46.38,3.03,0.01
2023,4,SGE009,0.0,2023-01-25,2023-01-23,39.29,55.0,27.0,54.32,5.01,0.0
2023,5,SGE009,0.0,2023-02-03,2023-01-30,39.14,62.0,19.0,57.29,3.54,0.15
2023,10,SGE009,0.0,2023-03-08,2023-03-06,50.0,65.0,31.0,57.95,5.07,0.15
2023,13,SGE009,5.0,2023-03-29,2023-03-27,49.57,69.0,30.0,47.78,6.46,0.13
2023,14,SGE009,0.0,2023-04-07,2023-04-03,50.29,80.0,26.0,38.61,6.76,0.02
2023,15,SGE009,1.0,2023-04-11,2023-04-10,64.14,90.0,43.0,27.49,6.81,0.02
2023,16,SGE009,1.0,2023-04-18,2023-04-17,61.14,83.0,38.0,24.14,9.09,0.0
2023,17,SGE009,7.0,2023-04-24,2023-04-24,68.86,92.0,51.0,23.36,6.47,0.01
2023,18,SGE009,0.0,2023-05-02,2023-05-01,65.57,89.0,48.0,27.54,9.24,0.02
2023,19,SGE009,2.0,2023-05-09,2023-05-08,69.71,88.0,48.0,23.51,8.79,0.01
2023,20,SGE009,14.0,2023-05-16,2023-05-15,76.17,91.0,57.0,36.7,7.22,0.17
2023,21,SGE009,9.0,2023-05-23,2023-05-22,76.29,93.0,57.0,22.04,7.76,0.02
2023,22,SGE009,5.0,2023-05-31,2023-05-29,75.71,94.0,57.0,21.94,7.03,0.02
2023,23,SGE009,4.0,2023-06-06,2023-06-05,77.16,97.0,61.0,18.28,8.09,0.01
2023,24,SGE009,2.0,2023-06-13,2023-06-12,75.71,98.0,57.0,37.66,7.94,0.09
2023,25,SGE009,0.0,2023-06-21,2023-06-19,78.43,97.0,57.0,11.78,9.56,0.0
2023,26,SGE009,0.0,2023-06-27,2023-06-26,83.29,107.0,64.0,13.59,6.69,0.0
2023,27,SGE009,1.0,2023-07-04,2023-07-03,87.14,109.0,67.0,9.62,7.04,0.0
2023,28,SGE009,0.0,2023-07-11,2023-07-10,92.29,114.0,73.0,16.33,6.26,0.0
2023,29,SGE009,1.0,2023-07-18,2023-07-17,95.14,112.0,77.0,19.31,8.4,0.0
2023,30,SGE009,3.0,2023-07-26,2023-07-24,92.29,109.0,74.0,24.69,9.04,0.02
2023,31,SGE009,1.0,2023-08-01,2023-07-31,83.14,103.0,67.0,38.68,5.63,0.47
2023,32,SGE009,1.0,2023-08-08,2023-08-07,83.57,103.0,65.0,31.35,7.11,0.2
2023,33,SGE009,11.0,2023-08-15,2023-08-14,82.57,101.0,65.0,50.17,6.24,0.21
2023,35,SGE009,8.0,2023-08-29,2023-08-28,81.46,106.0,65.0,50.86,6.43,2.76
2023,36,SGE009,7.0,2023-09-06,2023-09-04,77.24,98.0,62.0,44.32,4.47,0.02
2023,37,SGE009,13.0,2023-09-12,2023-09-11,76.86,94.0,61.0,45.56,3.95,0.04
2023,38,SGE009,24.0,2023-09-19,2023-09-18,72.14,92.0,53.0,37.06,5.07,0.05
2023,39,SGE009,28.0,2023-09-26,2023-09-25,71.43,91.0,52.0,33.39,6.0,0.04
2023,40,SGE009,3.0,2023-10-03,2023-10-02,68.07,89.0,48.0,41.49,4.69,0.19
2023,41,SGE009,10.0,2023-10-10,2023-10-09,66.29,88.0,46.0,30.17,5.31,0.0
2023,42,SGE009,5.0,2023-10-17,2023-10-16,70.86,89.0,50.0,26.1,3.17,0.0
2023,43,SGE009,1.0,2023-10-24,2023-10-23,59.86,78.0,41.0,34.92,7.0,0.0
2024,23,SGE009,4.0,2024-06-04,2024-06-03,87.71,108.0,69.0,15.77,7.36,0.0
2024,24,SGE009,1.0,2024-06-11,2024-06-10,87.06,105.0,68.0,11.63,7.06,0.0
2025,17,SGE009,8.0,2025-04-23,2025-04-21,67.02,84.0,46.0,16.54,9.33,0.0
2025,18,SGE009,2.0,2025-04-30,2025-04-28,67.29,86.0,48.0,30.31,7.6,0.1
2025,19,SGE009,1.0,2025-05-08,2025-05-05,70.43,96.0,47.0,43.9,6.31,0.32
2025,20,SGE009,1.0,2025-05-14,2025-05-12,68.43,92.0,51.0,24.01,11.31,0.04
2025,21,SGE009,11.0,2025-05-20,2025-05-19,76.29,97.0,54.0,14.39,7.89,0.0
2025,22,SGE009,37.0,2025-05-28,2025-05-26,83.71,104.0,62.0,13.95,6.5,0.0
2025,23,SGE009,6.0,2025-06-03,2025-06-02,78.84,101.0,59.0,39.72,7.61,1.74
2025,24,SGE009,8.0,2025-06-10,2025-06-09,88.43,105.0,71.0,13.16,8.49,0.0
2025,25,SGE009,16.0,2025-06-17,2025-06-16,86.43,107.0,62.0,8.95,11.21,0.0
2025,26,SGE009,10.0,2025-06-24,2025-06-23,82.86,102.0,64.0,12.5,6.21,0.0
2025,27,SGE009,4.0,2025-07-01,2025-06-30,88.18,106.0,69.0,19.18,9.14,0.01
2025,29,SGE009,12.0,2025-07-15,2025-07-14,89.86,109.0,73.0,24.03,8.79,0.0
2025,30,SGE009,27.0,2025-07-22,2025-07-21,84.17,99.0,68.0,14.91,7.65,0.15
2018,14,SGE009-2,1.0,2018-04-04,2018-04-02,65.14,86.0,42.0,28.12,7.03,0.21
2018,15,SGE009-2,5.0,2018-04-11,2018-04-09,63.46,89.0,41.0,20.22,10.2,0.0
2018,16,SGE009-2,0.0,2018-04-18,2018-04-16,61.57,85.0,40.0,25.9,10.43,0.07
2018,17,SGE009-2,2.0,2018-04-25,2018-04-23,73.43,93.0,52.0,15.46,8.84,0.0
2018,18,SGE009-2,1.0,2018-05-04,2018-04-30,65.14,94.0,44.0,40.18,5.51,0.3
2018,19,SGE009-2,4.0,2018-05-09,2018-05-07,75.57,98.0,53.0,17.85,8.4,0.0
2018,20,SGE009-2,6.0,2018-05-16,2018-05-14,73.29,91.0,56.0,18.36,8.04,0.0
2018,21,SGE009-2,12.0,2018-05-23,2018-05-21,74.29,93.0,56.0,21.16,8.79,0.02
2018,22,SGE009-2,20.0,2018-05-30,2018-05-28,79.71,100.0,59.0,17.46,8.91,0.0
2018,23,SGE009-2,10.0,2018-06-06,2018-06-04,83.71,103.0,67.0,11.06,9.74,0.0
2018,24,SGE009-2,4.0,2018-06-13,2018-06-11,85.0,104.0,66.0,17.22,10.77,0.0
2018,25,SGE009-2,6.0,2018-06-20,2018-06-18,86.0,106.0,63.0,12.23,7.69,0.0
2018,26,SGE009-2,10.0,2018-06-27,2018-06-25,87.97,105.0,69.0,10.63,8.06,0.0
2018,27,SGE009-2,18.0,2018-07-03,2018-07-02,90.71,108.0,73.0,16.33,9.23,0.01
2018,28,SGE009-2,10.0,2018-07-11,2018-07-09,86.43,105.0,69.0,49.03,7.43,0.04
2018,29,SGE009-2,9.0,2018-07-18,2018-07-16,89.71,106.0,71.0,39.86,8.12,0.01
2018,30,SGE009-2,9.0,2018-07-26,2018-07-23,93.43,110.0,76.0,24.21,7.73,0.0
2018,31,SGE009-2,20.0,2018-08-01,2018-07-30,90.68,107.0,71.0,31.48,7.53,0.3
2018,32,SGE009-2,21.0,2018-08-08,2018-08-06,88.14,107.0,67.0,26.12,6.96,0.13
2018,33,SGE009-2,45.0,2018-08-15,2018-08-13,88.28,105.0,70.0,32.05,7.08,0.02
2018,34,SGE009-2,8.0,2018-08-22,2018-08-20,84.43,105.0,67.0,41.61,9.19,0.81
2018,35,SGE009-2,25.0,2018-08-29,2018-08-27,82.6,98.0,63.0,20.41,5.97,0.0
2019,18,SGE009-2,1.0,2019-05-01,2019-04-29,63.71,88.0,45.0,41.02,6.13,0.06
2019,19,SGE009-2,8.0,2019-05-07,2019-05-06,65.72,84.0,50.0,46.66,6.97,1.03
2019,20,SGE009-2,0.0,2019-05-14,2019-05-13,66.43,89.0,44.0,37.1,8.59,0.05
2019,21,SGE009-2,5.0,2019-05-22,2019-05-20,59.86,82.0,46.0,51.86,8.06,0.2
2019,22,SGE009-2,12.0,2019-05-30,2019-05-27,68.09,91.0,49.0,40.99,6.13,0.14
2019,23,SGE009-2,19.0,2019-06-04,2019-06-03,79.1,98.0,60.0,22.42,8.93,0.0
2019,24,SGE009-2,16.0,2019-06-12,2019-06-10,82.74,103.0,61.0,19.82,6.11,0.03
2019,25,SGE009-2,12.0,2019-06-18,2019-06-17,79.49,99.0,57.0,24.11,8.11,0.01
2019,26,SGE009-2,26.0,2019-06-25,2019-06-24,83.11,100.0,63.0,15.7,8.24,0.01
2019,27,SGE009-2,9.0,2019-07-02,2019-07-01,84.14,101.0,66.0,14.45,7.61,0.0
2019,28,SGE009-2,40.0,2019-07-09,2019-07-08,87.71,106.0,68.0,18.12,7.13,0.01
2019,29,SGE009-2,31.0,2019-07-16,2019-07-15,88.14,107.0,70.0,14.48,7.39,0.0
2019,30,SGE009-2,11.0,2019-07-24,2019-07-22,89.64,106.0,70.0,29.3,6.67,0.02
2019,31,SGE009-2,17.0,2019-07-31,2019-07-29,89.44,107.0,69.0,29.18,6.86,0.03
2019,32,SGE009-2,92.0,2019-08-07,2019-08-05,88.64,107.0,74.0,29.96,9.1,0.0
2019,33,SGE009-2,15.0,2019-08-14,2019-08-12,88.17,105.0,69.0,12.19,5.71,0.0
2019,34,SGE009-2,16.0,2019-08-21,2019-08-19,85.43,104.0,68.0,15.05,5.87,0.0
2019,35,SGE009-2,6.0,2019-08-27,2019-08-26,87.43,105.0,68.0,21.23,5.8,0.01
2019,36,SGE009-2,11.0,2019-09-04,2019-09-02,87.71,103.0,72.0,26.15,7.17,0.01
2019,37,SGE009-2,12.0,2019-09-10,2019-09-09,78.29,98.0,60.0,19.35,7.39,0.0
2019,38,SGE009-2,28.0,2019-09-17,2019-09-16,74.0,94.0,52.0,18.87,9.07,0.0
2019,39,SGE009-2,32.0,2019-09-24,2019-09-23,73.57,92.0,55.0,31.41,8.87,0.01
2019,40,SGE009-2,26.0,2019-10-01,2019-09-30,63.71,85.0,43.0,16.92,5.23,0.0
2019,41,SGE009-2,2.0,2019-10-08,2019-10-07,60.86,86.0,35.0,13.51,5.99,0.0
2019,42,SGE009-2,5.0,2019-10-17,2019-10-14,62.24,84.0,42.0,21.21,5.13,0.0
2020,7,SGE009-2,0.0,2020-02-14,2020-02-10,45.0,64.0,26.0,36.51,6.2,0.0
2020,17,SGE009-2,0.0,2020-04-21,2020-04-20,66.0,86.0,47.0,42.3,5.31,0.21
2020,18,SGE009-2,1.0,2020-04-28,2020-04-27,74.57,94.0,54.0,23.42,6.04,0.0
2020,19,SGE009-2,6.0,2020-05-05,2020-05-04,73.86,93.0,52.0,17.28,6.43,0.01
2020,20,SGE009-2,2.0,2020-05-12,2020-05-11,73.57,93.0,56.0,23.1,9.91,0.0
2020,21,SGE009-2,6.0,2020-05-19,2020-05-18,67.71,91.0,48.0,21.27,11.93,0.0
2020,22,SGE009-2,10.0,2020-05-27,2020-05-25,82.57,104.0,56.0,16.38,7.0,0.0
2020,23,SGE009-2,7.0,2020-06-02,2020-06-01,82.0,103.0,61.0,17.6,9.17,0.01
2020,24,SGE009-2,16.0,2020-06-10,2020-06-08,76.0,102.0,51.0,14.17,8.66,0.0
2020,25,SGE009-2,15.0,2020-06-16,2020-06-15,81.29,101.0,63.0,14.2,9.71,0.0
2020,26,SGE009-2,2.0,2020-06-23,2020-06-22,88.57,105.0,69.0,14.3,9.31,0.0
2020,27,SGE009-2,11.0,2020-06-30,2020-06-29,81.86,103.0,55.0,17.66,8.37,0.0
2020,28,SGE009-2,4.0,2020-07-07,2020-07-06,89.14,109.0,67.0,11.29,7.21,0.0
2020,29,SGE009-2,7.0,2020-07-14,2020-07-13,91.29,109.0,72.0,14.58,7.94,0.0
2020,30,SGE009-2,0.0,2020-07-21,2020-07-20,88.71,106.0,72.0,23.53,9.24,0.0
2020,31,SGE009-2,11.0,2020-07-28,2020-07-27,91.2,110.0,69.0,14.51,6.36,0.01
2020,32,SGE009-2,7.0,2020-08-04,2020-08-03,86.29,104.0,66.0,11.15,7.09,0.0
2020,33,SGE009-2,3.0,2020-08-11,2020-08-10,87.86,111.0,66.0,13.36,5.31,0.0
2020,34,SGE009-2,6.0,2020-08-18,2020-08-17,92.43,111.0,70.0,21.14,6.49,0.04
2020,35,SGE009-2,20.0,2020-08-25,2020-08-24,88.14,105.0,68.0,24.84,6.4,0.0
2020,36,SGE009-2,23.0,2020-09-01,2020-08-31,86.29,110.0,66.0,13.93,6.01,0.0
2020,37,SGE009-2,15.0,2020-09-08,2020-09-07,74.57,103.0,54.0,18.03,8.51,0.0
2020,38,SGE009-2,55.0,2020-09-15,2020-09-14,82.14,100.0,63.0,14.82,5.53,0.0
2020,39,SGE009-2,84.0,2020-09-22,2020-09-21,79.57,97.0,59.0,20.6,6.17,0.02
2020,40,SGE009-2,79.0,2020-09-29,2020-09-28,76.0,96.0,55.0,11.26,4.74,0.0
2020,41,SGE009-2,11.0,2020-10-06,2020-10-05,73.43,94.0,55.0,16.64,4.5,0.0
2020,42,SGE009-2,27.0,2020-10-13,2020-10-12,69.57,91.0,49.0,17.43,4.46,0.0
2020,43,SGE009-2,6.0,2020-10-20,2020-10-19,64.33,88.0,41.0,24.37,4.75,0.0
2020,44,SGE009-2,2.0,2020-10-29,2020-10-26,55.14,78.0,32.0,20.33,6.01,0.0
2020,45,SGE009-2,2.0,2020-11-05,2020-11-02,61.14,85.0,37.0,38.65,6.41,0.18
2021,20,SGE009-2,4.0,2021-05-11,2021-05-10,73.86,93.0,53.0,13.04,8.36,0.0
2021,21,SGE009-2,3.0,2021-05-19,2021-05-17,68.86,94.0,46.0,18.96,11.83,0.01
2021,22,SGE009-2,5.0,2021-05-25,2021-05-24,75.71,95.0,52.0,12.2,6.24,0.0
2021,23,SGE009-2,4.0,2021-06-02,2021-05-31,85.43,105.0,62.0,11.61,7.33,0.0
2021,24,SGE009-2,3.0,2021-06-08,2021-06-07,80.57,105.0,58.0,10.22,9.06,0.0
2021,25,SGE009-2,7.0,2021-06-15,2021-06-14,93.57,112.0,74.0,10.62,6.11,0.0
2021,26,SGE009-2,5.0,2021-06-22,2021-06-21,87.43,106.0,68.0,18.49,9.26,0.01
2021,27,SGE009-2,43.0,2021-07-01,2021-06-28,87.86,105.0,72.0,22.67,8.24,0.01
2021,28,SGE009-2,29.0,2021-07-07,2021-07-05,97.0,114.0,77.0,14.18,6.67,0.0
2021,29,SGE009-2,15.0,2021-07-13,2021-07-12,87.71,109.0,69.0,42.67,8.01,0.01
2021,30,SGE009-2,60.0,2021-07-20,2021-07-19,87.43,103.0,72.0,48.8,6.99,0.0
2021,31,SGE009-2,28.0,2021-07-28,2021-07-26,84.43,102.0,70.0,50.97,6.57,0.0
2021,32,SGE009-2,66.0,2021-08-03,2021-08-02,89.71,109.0,67.0,20.41,6.91,0.0
2021,33,SGE009-2,39.0,2021-08-10,2021-08-09,89.14,105.0,71.0,30.35,7.0,0.0
2021,34,SGE009-2,3.0,2021-08-17,2021-08-16,83.57,104.0,63.0,33.14,9.8,0.0
2021,35,SGE009-2,18.0,2021-08-24,2021-08-23,85.0,105.0,64.0,16.53,5.1,0.0
2021,36,SGE009-2,2.0,2021-08-31,2021-08-30,82.65,103.0,66.0,39.27,5.46,0.0
2021,37,SGE009-2,0.0,2021-09-08,2021-09-06,87.43,105.0,70.0,23.57,5.31,0.0
2021,38,SGE009-2,11.0,2021-09-14,2021-09-13,79.71,100.0,60.0,26.2,5.8,0.01
2021,39,SGE009-2,19.0,2021-09-21,2021-09-20,76.43,94.0,56.0,21.3,5.19,0.0
2021,40,SGE009-2,23.0,2021-09-28,2021-09-27,71.0,90.0,50.0,29.84,5.99,0.0
2021,41,SGE009-2,31.0,2021-10-05,2021-10-04,67.0,88.0,49.0,56.54,5.14,0.01
2021,43,SGE009-2,0.0,2021-10-20,2021-10-18,58.86,78.0,38.0,41.72,4.79,0.0
2022,18,SGE009-2,18.0,2022-05-03,2022-05-02,70.86,92.0,49.0,18.29,11.53,0.0
2022,19,SGE009-2,75.0,2022-05-11,2022-05-09,66.57,98.0,48.0,14.1,7.17,0.0
2022,21,SGE009-2,22.0,2022-05-24,2022-05-23,77.71,100.0,55.0,13.06,9.49,0.0
2022,22,SGE009-2,5.0,2022-05-31,2022-05-30,75.14,96.0,52.0,15.4,8.04,0.0
2022,23,SGE009-2,11.0,2022-06-07,2022-06-06,87.86,106.0,69.0,14.97,8.09,0.0
2022,24,SGE009-2,0.0,2022-06-14,2022-06-13,81.43,106.0,62.0,11.75,11.51,0.0
2022,25,SGE009-2,22.0,2022-06-21,2022-06-20,83.14,103.0,57.0,17.12,7.33,0.01
2022,26,SGE009-2,12.0,2022-06-28,2022-06-27,90.29,104.0,75.0,20.08,10.89,0.01
2022,27,SGE009-2,13.0,2022-07-06,2022-07-04,87.86,106.0,70.0,13.85,8.8,0.0
2022,28,SGE009-2,57.0,2022-07-12,2022-07-11,93.71,108.0,77.0,24.37,8.04,0.02
2022,29,SGE009-2,36.0,2022-07-19,2022-07-18,93.57,110.0,79.0,23.5,8.01,0.03
2022,31,SGE009-2,27.0,2022-08-02,2022-08-01,87.29,102.0,73.0,42.64,6.47,0.08
2022,32,SGE009-2,25.0,2022-08-09,2022-08-08,85.43,104.0,73.0,46.98,6.6,0.15
2022,33,SGE009-2,64.0,2022-08-16,2022-08-15,84.43,99.0,71.0,49.42,6.64,0.04
2022,34,SGE009-2,53.0,2022-08-23,2022-08-22,85.86,103.0,69.0,37.01,5.5,0.47
2022,35,SGE009-2,96.0,2022-08-30,2022-08-29,90.71,108.0,71.0,22.05,4.3,0.0
2022,36,SGE009-2,44.0,2022-09-07,2022-09-05,87.29,111.0,66.0,31.95,6.51,0.01
2022,37,SGE009-2,26.0,2022-09-13,2022-09-12,75.14,92.0,61.0,56.31,6.79,1.08
2022,38,SGE009-2,43.0,2022-09-20,2022-09-19,77.57,93.0,59.0,31.61,5.53,0.0
2022,39,SGE009-2,70.0,2022-09-27,2022-09-26,77.79,95.0,60.0,35.98,4.8,0.44
2022,40,SGE009-2,58.0,2022-10-04,2022-10-03,73.52,88.0,58.0,36.66,4.44,0.01
2022,41,SGE009-2,17.0,2022-10-11,2022-10-10,71.14,87.0,55.0,27.73,4.26,0.0
2022,42,SGE009-2,25.0,2022-10-19,2022-10-17,64.29,85.0,39.0,33.49,6.11,0.34
2022,44,SGE009-2,2.0,2022-11-01,2022-10-31,51.43,74.0,32.0,42.74,6.04,0.02
2022,45,SGE009-2,0.0,2022-11-08,2022-11-07,49.14,72.0,31.0,50.81,8.54,0.3
2022,46,SGE009-2,0.0,2022-11-15,2022-11-14,41.71,54.0,27.0,41.95,5.77,0.0
2022,48,SGE009-2,0.0,2022-12-01,2022-11-28,45.29,62.0,25.0,46.38,3.03,0.01
2023,4,SGE009-2,0.0,2023-01-25,2023-01-23,39.29,55.0,27.0,54.32,5.01,0.0
2023,5,SGE009-2,0.0,2023-02-03,2023-01-30,39.14,62.0,19.0,57.29,3.54,0.15
2023,10,SGE009-2,0.0,2023-03-08,2023-03-06,50.0,65.0,31.0,57.95,5.07,0.15
2023,13,SGE009-2,12.0,2023-03-29,2023-03-27,49.57,69.0,30.0,47.78,6.46,0.13
2023,14,SGE009-2,0.0,2023-04-07,2023-04-03,50.29,80.0,26.0,38.61,6.76,0.02
2023,15,SGE009-2,1.0,2023-04-11,2023-04-10,64.14,90.0,43.0,27.49,6.81,0.02
2023,16,SGE009-2,6.0,2023-04-18,2023-04-17,61.14,83.0,38.0,24.14,9.09,0.0
2023,17,SGE009-2,5.0,2023-04-24,2023-04-24,68.86,92.0,51.0,23.36,6.47,0.01
2023,18,SGE009-2,1.0,2023-05-02,2023-05-01,65.57,89.0,48.0,27.54,9.24,0.02
2023,19,SGE009-2,1.0,2023-05-09,2023-05-08,69.71,88.0,48.0,23.51,8.79,0.01
2023,20,SGE009-2,30.0,2023-05-16,2023-05-15,76.17,91.0,57.0,36.7,7.22,0.17
2023,21,SGE009-2,8.0,2023-05-23,2023-05-22,76.29,93.0,57.0,22.04,7.76,0.02
2023,22,SGE009-2,7.0,2023-05-31,2023-05-29,75.71,94.0,57.0,21.94,7.03,0.02
2023,23,SGE009-2,3.0,2023-06-06,2023-06-05,77.16,97.0,61.0,18.28,8.09,0.01
2023,24,SGE009-2,3.0,2023-06-13,2023-06-12,75.71,98.0,57.0,37.66,7.94,0.09
2023,25,SGE009-2,3.0,2023-06-21,2023-06-19,78.43,97.0,57.0,11.78,9.56,0.0
2023,26,SGE009-2,4.0,2023-06-27,2023-06-26,83.29,107.0,64.0,13.59,6.69,0.0
2023,27,SGE009-2,0.0,2023-07-04,2023-07-03,87.14,109.0,67.0,9.62,7.04,0.0
2023,28,SGE009-2,4.0,2023-07-11,2023-07-10,92.29,114.0,73.0,16.33,6.26,0.0
2023,29,SGE009-2,6.0,2023-07-18,2023-07-17,95.14,112.0,77.0,19.31,8.4,0.0
2023,30,SGE009-2,5.0,2023-07-26,2023-07-24,92.29,109.0,74.0,24.69,9.04,0.02
2023,31,SGE009-2,5.0,2023-08-01,2023-07-31,83.14,103.0,67.0,38.68,5.63,0.47
2023,32,SGE009-2,5.0,2023-08-08,2023-08-07,83.57,103.0,65.0,31.35,7.11,0.2
2023,33,SGE009-2,9.0,2023-08-15,2023-08-14,82.57,101.0,65.0,50.17,6.24,0.21
2023,35,SGE009-2,5.0,2023-08-29,2023-08-28,81.46,106.0,65.0,50.86,6.43,2.76
2023,36,SGE009-2,2.0,2023-09-06,2023-09-04,77.24,98.0,62.0,44.32,4.47,0.02
2023,37,SGE009-2,26.0,2023-09-12,2023-09-11,76.86,94.0,61.0,45.56,3.95,0.04
2023,38,SGE009-2,9.0,2023-09-19,2023-09-18,72.14,92.0,53.0,37.06,5.07,0.05
2023,39,SGE009-2,5.0,2023-09-26,2023-09-25,71.43,91.0,52.0,33.39,6.0,0.04
2023,40,SGE009-2,0.0,2023-10-03,2023-10-02,68.07,89.0,48.0,41.49,4.69,0.19
2023,41,SGE009-2,1.0,2023-10-10,2023-10-09,66.29,88.0,46.0,30.17,5.31,0.0
2023,44,SGE009-2,0.0,2023-10-31,2023-10-30,53.71,74.0,34.0,20.44,2.64,0.0
2023,45,SGE009-2,4.0,2023-11-07,2023-11-06,52.71,78.0,32.0,30.33,5.2,0.01
2023,46,SGE009-2,0.0,2023-11-14,2023-11-13,56.0,73.0,36.0,57.82,3.94,0.3
2023,48,SGE009-2,0.0,2023-11-29,2023-11-27,43.71,58.0,25.0,47.76,3.01,0.02
2024,16,SGE009-2,0.0,2024-04-17,2024-04-15,66.86,88.0,45.0,26.3,5.48,0.0
2024,17,SGE009-2,2.0,2024-04-23,2024-04-22,66.29,89.0,47.0,31.77,8.99,0.02
2024,18,SGE009-2,5.0,2024-05-01,2024-04-29,66.86,86.0,46.0,22.07,8.71,0.01
2024,19,SGE009-2,33.0,2024-05-07,2024-05-06,63.0,88.0,39.0,27.17,9.03,0.01
2024,20,SGE009-2,12.0,2024-05-14,2024-05-13,77.14,94.0,57.0,18.19,8.07,0.0
2024,21,SGE009-2,4.0,2024-05-21,2024-05-20,73.14,89.0,52.0,17.04,10.24,0.0
2024,22,SGE009-2,2.0,2024-05-29,2024-05-27,80.86,98.0,61.0,13.38,7.24,0.0
2024,23,SGE009-2,5.0,2024-06-04,2024-06-03,87.71,108.0,69.0,15.77,7.36,0.0
2024,24,SGE009-2,2.0,2024-06-11,2024-06-10,87.06,105.0,68.0,11.63,7.06,0.0
2024,25,SGE009-2,2.0,2024-06-18,2024-06-17,84.86,106.0,63.0,14.44,8.46,0.0
2024,26,SGE009-2,8.0,2024-06-25,2024-06-24,93.29,108.0,76.0,20.9,10.33,0.0
2024,27,SGE009-2,3.0,2024-07-02,2024-07-01,91.14,112.0,73.0,9.89,8.01,0.0
2024,28,SGE009-2,6.0,2024-07-09,2024-07-08,93.9,114.0,75.0,13.82,6.95,0.02
2024,29,SGE009-2,13.0,2024-07-16,2024-07-15,92.97,108.0,76.0,25.97,8.11,0.11
2024,30,SGE009-2,10.0,2024-07-23,2024-07-22,92.29,108.0,70.0,23.47,8.79,0.09
2024,31,SGE009-2,2.0,2024-07-30,2024-07-29,89.29,106.0,69.0,19.72,6.89,0.01
2024,32,SGE009-2,2.0,2024-08-06,2024-08-05,92.57,109.0,79.0,29.7,9.17,0.03
2024,33,SGE009-2,2.0,2024-08-13,2024-08-12,87.86,103.0,71.0,30.48,8.99,1.23
2024,34,SGE009-2,1.0,2024-08-21,2024-08-19,84.71,104.0,68.0,33.33,11.16,0.11
2024,35,SGE009-2,5.0,2024-08-27,2024-08-26,83.35,102.0,61.0,20.93,5.56,0.01
2024,36,SGE009-2,19.0,2024-09-03,2024-09-02,87.3,103.0,70.0,19.12,6.56,0.01
2024,37,SGE009-2,8.0,2024-09-10,2024-09-09,82.19,100.0,61.0,19.17,8.0,0.0
2024,38,SGE009-2,6.0,2024-09-17,2024-09-16,73.71,91.0,55.0,24.7,7.77,0.02
2024,39,SGE009-2,8.0,2024-09-24,2024-09-23,82.0,102.0,62.0,16.39,4.43,0.0
2024,40,SGE009-2,9.0,2024-10-01,2024-09-30,82.0,101.0,62.0,15.02,3.97,0.0
2024,41,SGE009-2,12.0,2024-10-08,2024-10-07,77.84,96.0,59.0,16.75,4.12,0.0
2024,42,SGE009-2,40.0,2024-10-16,2024-10-14,67.63,89.0,48.0,35.66,8.2,0.31
2024,43,SGE009-2,7.0,2024-10-22,2024-10-21,64.43,82.0,48.0,34.79,2.73,0.0
2025,13,SGE009-2,2.0,2025-03-25,2025-03-24,65.0,87.0,45.0,23.01,6.51,0.0
2025,15,SGE009-2,0.0,2025-04-08,2025-04-07,69.71,91.0,44.0,14.98,5.59,0.0
2025,16,SGE009-2,0.0,2025-04-15,2025-04-14,63.29,86.0,39.0,26.38,7.81,0.1
2025,17,SGE009-2,0.0,2025-04-23,2025-04-21,67.02,84.0,46.0,16.54,9.33,0.0
2025,19,SGE009-2,0.0,2025-05-08,2025-05-05,70.43,96.0,47.0,43.9,6.31,0.32
2025,20,SGE009-2,0.0,2025-05-14,2025-05-12,68.43,92.0,51.0,24.01,11.31,0.04
2025,21,SGE009-2,7.0,2025-05-20,2025-05-19,76.29,97.0,54.0,14.39,7.89,0.0
2025,22,SGE009-2,2.0,2025-05-28,2025-05-26,83.71,104.0,62.0,13.95,6.5,0.0
2025,23,SGE009-2,6.0,2025-06-03,2025-06-02,78.84,101.0,59.0,39.72,7.61,1.74
2025,24,SGE009-2,1.0,2025-06-10,2025-06-09,88.43,105.0,71.0,13.16,8.49,0.0
2025,25,SGE009-2,13.0,2025-06-17,2025-06-16,86.43,107.0,62.0,8.95,11.21,0.0
2025,26,SGE009-2,10.0,2025-06-24,2025-06-23,82.86,102.0,64.0,12.5,6.21,0.0
2025,27,SGE009-2,22.0,2025-07-01,2025-06-30,88.18,106.0,69.0,19.18,9.14,0.01
2025,28,SGE009-2,23.0,2025-07-08,2025-07-07,91.55,108.0,70.0,13.12,6.7,0.0
2025,29,SGE009-2,1.0,2025-07-15,2025-07-14,89.86,109.0,73.0,24.03,8.79,0.0
2025,31,SGE009-2,41.0,2025-07-29,2025-07-28,87.29,104.0,68.0,10.27,7.41,0.0
2025,32,SGE009-2,9.0,2025-08-05,2025-08-04,90.86,108.0,74.0,10.49,8.59,0.0
2025,33,SGE009-2,18.0,2025-08-12,2025-08-11,89.0,108.0,70.0,20.38,8.13,0.23
2025,34,SGE009-2,16.0,2025-08-19,2025-08-18,90.28,107.0,70.0,21.51,6.22,0.02
2025,35,SGE009-2,8.0,2025-08-26,2025-08-25,78.8,80.0,77.0,47.6,4.8,0.0
2018,19,SGE009-EX,28.0,2018-05-09,2018-05-07,75.57,98.0,53.0,17.85,8.4,0.0
2018,14,SGE010,2.0,2018-04-03,2018-04-02,65.14,86.0,42.0,28.12,7.03,0.21
2018,15,SGE010,1.0,2018-04-10,2018-04-09,63.46,89.0,41.0,20.22,10.2,0.0
2018,16,SGE010,0.0,2018-04-17,2018-04-16,61.57,85.0,40.0,25.9,10.43,0.07
2018,17,SGE010,2.0,2018-04-24,2018-04-23,73.43,93.0,52.0,15.46,8.84,0.0
2018,18,SGE010,0.0,2018-05-01,2018-04-30,65.14,94.0,44.0,40.18,5.51,0.3
2018,19,SGE010,1.0,2018-05-08,2018-05-07,75.57,98.0,53.0,17.85,8.4,0.0
2018,20,SGE010,0.0,2018-05-15,2018-05-14,73.29,91.0,56.0,18.36,8.04,0.0
2018,21,SGE010,0.0,2018-05-22,2018-05-21,74.29,93.0,56.0,21.16,8.79,0.02
2018,22,SGE010,2.0,2018-05-29,2018-05-28,79.71,100.0,59.0,17.46,8.91,0.0
2018,23,SGE010,1.0,2018-06-05,2018-06-04,83.71,103.0,67.0,11.06,9.74,0.0
2018,24,SGE010,2.0,2018-06-12,2018-06-11,85.0,104.0,66.0,17.22,10.77,0.0
2018,25,SGE010,1.0,2018-06-19,2018-06-18,86.0,106.0,63.0,12.23,7.69,0.0
2018,26,SGE010,1.0,2018-06-26,2018-06-25,87.97,105.0,69.0,10.63,8.06,0.0
2018,27,SGE010,0.0,2018-07-02,2018-07-02,90.71,108.0,73.0,16.33,9.23,0.01
2018,28,SGE010,1.0,2018-07-10,2018-07-09,86.43,105.0,69.0,49.03,7.43,0.04
2018,29,SGE010,3.0,2018-07-17,2018-07-16,89.71,106.0,71.0,39.86,8.12,0.01
2018,30,SGE010,14.0,2018-07-23,2018-07-23,93.43,110.0,76.0,24.21,7.73,0.0
2018,31,SGE010,15.0,2018-07-31,2018-07-30,90.68,107.0,71.0,31.48,7.53,0.3
2018,32,SGE010,10.0,2018-08-07,2018-08-06,88.14,107.0,67.0,26.12,6.96,0.13
2018,33,SGE010,11.0,2018-08-14,2018-08-13,88.28,105.0,70.0,32.05,7.08,0.02
2018,34,SGE010,2.0,2018-08-21,2018-08-20,84.43,105.0,67.0,41.61,9.19,0.81
2018,35,SGE010,10.0,2018-08-28,2018-08-27,82.6,98.0,63.0,20.41,5.97,0.0
2019,20,SGE010,2.0,2019-05-14,2019-05-13,66.43,89.0,44.0,37.1,8.59,0.05
2019,22,SGE010,2.0,2019-05-30,2019-05-27,68.09,91.0,49.0,40.99,6.13,0.14
2019,23,SGE010,3.0,2019-06-04,2019-06-03,79.1,98.0,60.0,22.42,8.93,0.0
2019,24,SGE010,8.0,2019-06-12,2019-06-10,82.74,103.0,61.0,19.82,6.11,0.03
2019,25,SGE010,3.0,2019-06-18,2019-06-17,79.49,99.0,57.0,24.11,8.11,0.01
2019,26,SGE010,6.0,2019-06-25,2019-06-24,83.11,100.0,63.0,15.7,8.24,0.01
2019,27,SGE010,9.0,2019-07-02,2019-07-01,84.14,101.0,66.0,14.45,7.61,0.0
2019,28,SGE010,3.0,2019-07-09,2019-07-08,87.71,106.0,68.0,18.12,7.13,0.01
2019,29,SGE010,2.0,2019-07-16,2019-07-15,88.14,107.0,70.0,14.48,7.39,0.0
2019,30,SGE010,17.0,2019-07-23,2019-07-22,89.64,106.0,70.0,29.3,6.67,0.02
2019,31,SGE010,19.0,2019-07-30,2019-07-29,89.44,107.0,69.0,29.18,6.86,0.03
2019,32,SGE010,31.0,2019-08-06,2019-08-05,88.64,107.0,74.0,29.96,9.1,0.0
2019,33,SGE010,2.0,2019-08-13,2019-08-12,88.17,105.0,69.0,12.19,5.71,0.0
2019,34,SGE010,4.0,2019-08-20,2019-08-19,85.43,104.0,68.0,15.05,5.87,0.0
2019,35,SGE010,19.0,2019-08-27,2019-08-26,87.43,105.0,68.0,21.23,5.8,0.01
2019,36,SGE010,9.0,2019-09-04,2019-09-02,87.71,103.0,72.0,26.15,7.17,0.01
2019,37,SGE010,7.0,2019-09-10,2019-09-09,78.29,98.0,60.0,19.35,7.39,0.0
2019,38,SGE010,17.0,2019-09-17,2019-09-16,74.0,94.0,52.0,18.87,9.07,0.0
2019,39,SGE010,37.0,2019-09-24,2019-09-23,73.57,92.0,55.0,31.41,8.87,0.01
2019,40,SGE010,3.0,2019-10-01,2019-09-30,63.71,85.0,43.0,16.92,5.23,0.0
2019,41,SGE010,21.0,2019-10-08,2019-10-07,60.86,86.0,35.0,13.51,5.99,0.0
2019,42,SGE010,16.0,2019-10-17,2019-10-14,62.24,84.0,42.0,21.21,5.13,0.0
2020,17,SGE010,3.0,2020-04-21,2020-04-20,66.0,86.0,47.0,42.3,5.31,0.21
2020,18,SGE010,6.0,2020-04-28,2020-04-27,74.57,94.0,54.0,23.42,6.04,0.0
2020,19,SGE010,3.0,2020-05-05,2020-05-04,73.86,93.0,52.0,17.28,6.43,0.01
2020,20,SGE010,6.0,2020-05-12,2020-05-11,73.57,93.0,56.0,23.1,9.91,0.0
2020,23,SGE010,2.0,2020-06-02,2020-06-01,82.0,103.0,61.0,17.6,9.17,0.01
2020,26,SGE010,2.0,2020-06-23,2020-06-22,88.57,105.0,69.0,14.3,9.31,0.0
2020,27,SGE010,2.0,2020-06-30,2020-06-29,81.86,103.0,55.0,17.66,8.37,0.0
2020,28,SGE010,5.0,2020-07-07,2020-07-06,89.14,109.0,67.0,11.29,7.21,0.0
2020,29,SGE010,5.0,2020-07-14,2020-07-13,91.29,109.0,72.0,14.58,7.94,0.0
2020,30,SGE010,4.0,2020-07-21,2020-07-20,88.71,106.0,72.0,23.53,9.24,0.0
2020,31,SGE010,3.0,2020-07-28,2020-07-27,91.2,110.0,69.0,14.51,6.36,0.01
2020,32,SGE010,7.0,2020-08-04,2020-08-03,86.29,104.0,66.0,11.15,7.09,0.0
2020,33,SGE010,7.0,2020-08-11,2020-08-10,87.86,111.0,66.0,13.36,5.31,0.0
2020,34,SGE010,4.0,2020-08-18,2020-08-17,92.43,111.0,70.0,21.14,6.49,0.04
2020,35,SGE010,2.0,2020-08-25,2020-08-24,88.14,105.0,68.0,24.84,6.4,0.0
2020,36,SGE010,0.0,2020-09-01,2020-08-31,86.29,110.0,66.0,13.93,6.01,0.0
2020,37,SGE010,0.0,2020-09-08,2020-09-07,74.57,103.0,54.0,18.03,8.51,0.0
2020,38,SGE010,0.0,2020-09-15,2020-09-14,82.14,100.0,63.0,14.82,5.53,0.0
2020,39,SGE010,0.0,2020-09-22,2020-09-21,79.57,97.0,59.0,20.6,6.17,0.02
2021,21,SGE010,20.0,2021-05-19,2021-05-17,68.86,94.0,46.0,18.96,11.83,0.01
2021,22,SGE010,21.0,2021-05-25,2021-05-24,75.71,95.0,52.0,12.2,6.24,0.0
2021,23,SGE010,29.0,2021-06-02,2021-05-31,85.43,105.0,62.0,11.61,7.33,0.0
2021,24,SGE010,23.0,2021-06-08,2021-06-07,80.57,105.0,58.0,10.22,9.06,0.0
2021,25,SGE010,3.0,2021-06-15,2021-06-14,93.57,112.0,74.0,10.62,6.11,0.0
2021,26,SGE010,2.0,2021-06-22,2021-06-21,87.43,106.0,68.0,18.49,9.26,0.01
2021,27,SGE010,0.0,2021-06-29,2021-06-28,87.86,105.0,72.0,22.67,8.24,0.01
2021,28,SGE010,9.0,2021-07-07,2021-07-05,97.0,114.0,77.0,14.18,6.67,0.0
2021,29,SGE010,2.0,2021-07-13,2021-07-12,87.71,109.0,69.0,42.67,8.01,0.01
2021,30,SGE010,5.0,2021-07-20,2021-07-19,87.43,103.0,72.0,48.8,6.99,0.0
2021,31,SGE010,6.0,2021-07-28,2021-07-26,84.43,102.0,70.0,50.97,6.57,0.0
2021,32,SGE010,0.0,2021-08-03,2021-08-02,89.71,109.0,67.0,20.41,6.91,0.0
2021,33,SGE010,15.0,2021-08-10,2021-08-09,89.14,105.0,71.0,30.35,7.0,0.0
2021,34,SGE010,1.0,2021-08-17,2021-08-16,83.57,104.0,63.0,33.14,9.8,0.0
2021,35,SGE010,3.0,2021-08-24,2021-08-23,85.0,105.0,64.0,16.53,5.1,0.0
2021,36,SGE010,0.0,2021-08-31,2021-08-30,82.65,103.0,66.0,39.27,5.46,0.0
2021,37,SGE010,0.0,2021-09-08,2021-09-06,87.43,105.0,70.0,23.57,5.31,0.0
2021,38,SGE010,10.0,2021-09-14,2021-09-13,79.71,100.0,60.0,26.2,5.8,0.01
2021,39,SGE010,10.0,2021-09-21,2021-09-20,76.43,94.0,56.0,21.3,5.19,0.0
2021,40,SGE010,11.0,2021-09-28,2021-09-27,71.0,90.0,50.0,29.84,5.99,0.0
2021,41,SGE010,6.0,2021-10-05,2021-10-04,67.0,88.0,49.0,56.54,5.14,0.01
2022,18,SGE010,4.0,2022-05-03,2022-05-02,70.86,92.0,49.0,18.29,11.53,0.0
2022,19,SGE010,1.0,2022-05-11,2022-05-09,66.57,98.0,48.0,14.1,7.17,0.0
2022,21,SGE010,2.0,2022-05-24,2022-05-23,77.71,100.0,55.0,13.06,9.49,0.0
2022,22,SGE010,1.0,2022-05-31,2022-05-30,75.14,96.0,52.0,15.4,8.04,0.0
2022,23,SGE010,5.0,2022-06-07,2022-06-06,87.86,106.0,69.0,14.97,8.09,0.0
2022,24,SGE010,0.0,2022-06-14,2022-06-13,81.43,106.0,62.0,11.75,11.51,0.0
2022,25,SGE010,2.0,2022-06-21,2022-06-20,83.14,103.0,57.0,17.12,7.33,0.01
2022,26,SGE010,8.0,2022-06-28,2022-06-27,90.29,104.0,75.0,20.08,10.89,0.01
2022,27,SGE010,13.0,2022-07-06,2022-07-04,87.86,106.0,70.0,13.85,8.8,0.0
2022,28,SGE010,1.0,2022-07-12,2022-07-11,93.71,108.0,77.0,24.37,8.04,0.02
2022,31,SGE010,2.0,2022-08-02,2022-08-01,87.29,102.0,73.0,42.64,6.47,0.08
2022,32,SGE010,8.0,2022-08-09,2022-08-08,85.43,104.0,73.0,46.98,6.6,0.15
2022,33,SGE010,11.0,2022-08-16,2022-08-15,84.43,99.0,71.0,49.42,6.64,0.04
2022,34,SGE010,13.0,2022-08-23,2022-08-22,85.86,103.0,69.0,37.01,5.5,0.47
2022,35,SGE010,20.0,2022-08-30,2022-08-29,90.71,108.0,71.0,22.05,4.3,0.0
2022,36,SGE010,19.0,2022-09-07,2022-09-05,87.29,111.0,66.0,31.95,6.51,0.01
2022,37,SGE010,0.0,2022-09-13,2022-09-12,75.14,92.0,61.0,56.31,6.79,1.08
2022,38,SGE010,1.0,2022-09-20,2022-09-19,77.57,93.0,59.0,31.61,5.53,0.0
2022,39,SGE010,42.0,2022-09-27,2022-09-26,77.79,95.0,60.0,35.98,4.8,0.44
2022,40,SGE010,41.0,2022-10-04,2022-10-03,73.52,88.0,58.0,36.66,4.44,0.01
2022,41,SGE010,24.0,2022-10-11,2022-10-10,71.14,87.0,55.0,27.73,4.26,0.0
2022,42,SGE010,15.0,2022-10-19,2022-10-17,64.29,85.0,39.0,33.49,6.11,0.34
2023,20,SGE010,2.0,2023-05-16,2023-05-15,76.17,91.0,57.0,36.7,7.22,0.17
2018,14,SGE011,1.0,2018-04-03,2018-04-02,65.14,86.0,42.0,28.12,7.03,0.21
2018,15,SGE011,0.0,2018-04-10,2018-04-09,63.46,89.0,41.0,20.22,10.2,0.0
2018,16,SGE011,0.0,2018-04-17,2018-04-16,61.57,85.0,40.0,25.9,10.43,0.07
2018,17,SGE011,0.0,2018-04-24,2018-04-23,73.43,93.0,52.0,15.46,8.84,0.0
2018,18,SGE011,1.0,2018-05-01,2018-04-30,65.14,94.0,44.0,40.18,5.51,0.3
2018,19,SGE011,1.0,2018-05-08,2018-05-07,75.57,98.0,53.0,17.85,8.4,0.0
2018,20,SGE011,2.0,2018-05-15,2018-05-14,73.29,91.0,56.0,18.36,8.04,0.0
2018,21,SGE011,0.0,2018-05-22,2018-05-21,74.29,93.0,56.0,21.16,8.79,0.02
2018,22,SGE011,27.0,2018-05-29,2018-05-28,79.71,100.0,59.0,17.46,8.91,0.0
2018,23,SGE011,3.0,2018-06-05,2018-06-04,83.71,103.0,67.0,11.06,9.74,0.0
2018,24,SGE011,7.0,2018-06-12,2018-06-11,85.0,104.0,66.0,17.22,10.77,0.0
2018,25,SGE011,5.0,2018-06-19,2018-06-18,86.0,106.0,63.0,12.23,7.69,0.0
2018,26,SGE011,9.0,2018-06-26,2018-06-25,87.97,105.0,69.0,10.63,8.06,0.0
2018,27,SGE011,2.0,2018-07-02,2018-07-02,90.71,108.0,73.0,16.33,9.23,0.01
2018,28,SGE011,1.0,2018-07-10,2018-07-09,86.43,105.0,69.0,49.03,7.43,0.04
2018,29,SGE011,10.0,2018-07-17,2018-07-16,89.71,106.0,71.0,39.86,8.12,0.01
2018,30,SGE011,0.0,2018-07-23,2018-07-23,93.43,110.0,76.0,24.21,7.73,0.0
2018,31,SGE011,0.0,2018-07-31,2018-07-30,90.68,107.0,71.0,31.48,7.53,0.3
2018,32,SGE011,10.0,2018-08-07,2018-08-06,88.14,107.0,67.0,26.12,6.96,0.13
2018,33,SGE011,5.0,2018-08-14,2018-08-13,88.28,105.0,70.0,32.05,7.08,0.02
2018,34,SGE011,9.0,2018-08-21,2018-08-20,84.43,105.0,67.0,41.61,9.19,0.81
2018,35,SGE011,0.0,2018-08-28,2018-08-27,82.6,98.0,63.0,20.41,5.97,0.0
2018,14,SGE012,0.0,2018-04-04,2018-04-02,65.14,86.0,42.0,28.12,7.03,0.21
2018,15,SGE012,0.0,2018-04-11,2018-04-09,63.46,89.0,41.0,20.22,10.2,0.0
2018,16,SGE012,0.0,2018-04-18,2018-04-16,61.57,85.0,40.0,25.9,10.43,0.07
2018,17,SGE012,1.0,2018-04-25,2018-04-23,73.43,93.0,52.0,15.46,8.84,0.0
2018,18,SGE012,0.0,2018-05-04,2018-04-30,65.14,94.0,44.0,40.18,5.51,0.3
2018,19,SGE012,5.0,2018-05-09,2018-05-07,75.57,98.0,53.0,17.85,8.4,0.0
2018,20,SGE012,2.0,2018-05-16,2018-05-14,73.29,91.0,56.0,18.36,8.04,0.0
2018,21,SGE012,4.0,2018-05-23,2018-05-21,74.29,93.0,56.0,21.16,8.79,0.02
2018,22,SGE012,2.0,2018-05-30,2018-05-28,79.71,100.0,59.0,17.46,8.91,0.0
2018,23,SGE012,3.0,2018-06-06,2018-06-04,83.71,103.0,67.0,11.06,9.74,0.0
2018,24,SGE012,2.0,2018-06-13,2018-06-11,85.0,104.0,66.0,17.22,10.77,0.0
2018,25,SGE012,2.0,2018-06-20,2018-06-18,86.0,106.0,63.0,12.23,7.69,0.0
2018,26,SGE012,2.0,2018-06-27,2018-06-25,87.97,105.0,69.0,10.63,8.06,0.0
2018,27,SGE012,1.0,2018-07-03,2018-07-02,90.71,108.0,73.0,16.33,9.23,0.01
2018,28,SGE012,2.0,2018-07-11,2018-07-09,86.43,105.0,69.0,49.03,7.43,0.04
2018,29,SGE012,7.0,2018-07-18,2018-07-16,89.71,106.0,71.0,39.86,8.12,0.01
2018,30,SGE012,21.0,2018-07-26,2018-07-23,93.43,110.0,76.0,24.21,7.73,0.0
2018,31,SGE012,24.0,2018-08-01,2018-07-30,90.68,107.0,71.0,31.48,7.53,0.3
2018,32,SGE012,16.0,2018-08-08,2018-08-06,88.14,107.0,67.0,26.12,6.96,0.13
2018,33,SGE012,11.0,2018-08-15,2018-08-13,88.28,105.0,70.0,32.05,7.08,0.02
2018,34,SGE012,3.0,2018-08-21,2018-08-20,84.43,105.0,67.0,41.61,9.19,0.81
2018,35,SGE012,13.0,2018-08-29,2018-08-27,82.6,98.0,63.0,20.41,5.97,0.0
2018,3,SGE013,0.0,2018-01-18,2018-01-15,46.86,66.0,31.0,61.84,3.81,0.18
2018,5,SGE013,0.0,2018-02-01,2018-01-29,51.19,70.0,33.0,44.18,1.73,0.0
2018,6,SGE013,0.0,2018-02-08,2018-02-05,51.29,71.0,29.0,34.59,5.16,0.0
2018,14,SGE013,0.0,2018-04-03,2018-04-02,65.14,86.0,42.0,28.12,7.03,0.21
2018,15,SGE013,2.0,2018-04-10,2018-04-09,63.46,89.0,41.0,20.22,10.2,0.0
2018,16,SGE013,0.0,2018-04-17,2018-04-16,61.57,85.0,40.0,25.9,10.43,0.07
2018,17,SGE013,0.0,2018-04-24,2018-04-23,73.43,93.0,52.0,15.46,8.84,0.0
2018,18,SGE013,0.0,2018-05-01,2018-04-30,65.14,94.0,44.0,40.18,5.51,0.3
2018,19,SGE013,2.0,2018-05-08,2018-05-07,75.57,98.0,53.0,17.85,8.4,0.0
2018,20,SGE013,1.0,2018-05-15,2018-05-14,73.29,91.0,56.0,18.36,8.04,0.0
2018,21,SGE013,0.0,2018-05-22,2018-05-21,74.29,93.0,56.0,21.16,8.79,0.02
2018,22,SGE013,2.0,2018-05-29,2018-05-28,79.71,100.0,59.0,17.46,8.91,0.0
2018,23,SGE013,1.0,2018-06-05,2018-06-04,83.71,103.0,67.0,11.06,9.74,0.0
2018,24,SGE013,1.0,2018-06-12,2018-06-11,85.0,104.0,66.0,17.22,10.77,0.0
2018,25,SGE013,0.0,2018-06-19,2018-06-18,86.0,106.0,63.0,12.23,7.69,0.0
2018,26,SGE013,1.0,2018-06-26,2018-06-25,87.97,105.0,69.0,10.63,8.06,0.0
2018,27,SGE013,2.0,2018-07-02,2018-07-02,90.71,108.0,73.0,16.33,9.23,0.01
2018,28,SGE013,5.0,2018-07-10,2018-07-09,86.43,105.0,69.0,49.03,7.43,0.04
2018,29,SGE013,8.0,2018-07-17,2018-07-16,89.71,106.0,71.0,39.86,8.12,0.01
2018,30,SGE013,0.0,2018-07-23,2018-07-23,93.43,110.0,76.0,24.21,7.73,0.0
2018,31,SGE013,13.0,2018-07-31,2018-07-30,90.68,107.0,71.0,31.48,7.53,0.3
2018,32,SGE013,1.0,2018-08-07,2018-08-06,88.14,107.0,67.0,26.12,6.96,0.13
2018,33,SGE013,17.0,2018-08-14,2018-08-13,88.28,105.0,70.0,32.05,7.08,0.02
2018,34,SGE013,85.0,2018-08-21,2018-08-20,84.43,105.0,67.0,41.61,9.19,0.81
2018,35,SGE013,2.0,2018-08-28,2018-08-27,82.6,98.0,63.0,20.41,5.97,0.0
2019,20,SGE013,359.0,2019-05-14,2019-05-13,66.43,89.0,44.0,37.1,8.59,0.05
2019,21,SGE013,68.0,2019-05-22,2019-05-20,59.86,82.0,46.0,51.86,8.06,0.2
2019,22,SGE013,196.0,2019-05-30,2019-05-27,68.09,91.0,49.0,40.99,6.13,0.14
2019,23,SGE013,115.0,2019-06-04,2019-06-03,79.1,98.0,60.0,22.42,8.93,0.0
2019,24,SGE013,106.0,2019-06-12,2019-06-10,82.74,103.0,61.0,19.82,6.11,0.03
2019,25,SGE013,89.0,2019-06-18,2019-06-17,79.49,99.0,57.0,24.11,8.11,0.01
2019,26,SGE013,126.0,2019-06-25,2019-06-24,83.11,100.0,63.0,15.7,8.24,0.01
2019,27,SGE013,191.0,2019-07-02,2019-07-01,84.14,101.0,66.0,14.45,7.61,0.0
2019,28,SGE013,115.0,2019-07-09,2019-07-08,87.71,106.0,68.0,18.12,7.13,0.01
2019,29,SGE013,268.0,2019-07-16,2019-07-15,88.14,107.0,70.0,14.48,7.39,0.0
2019,30,SGE013,280.0,2019-07-23,2019-07-22,89.64,106.0,70.0,29.3,6.67,0.02
2019,31,SGE013,104.0,2019-07-30,2019-07-29,89.44,107.0,69.0,29.18,6.86,0.03
2019,32,SGE013,133.0,2019-08-06,2019-08-05,88.64,107.0,74.0,29.96,9.1,0.0
2019,33,SGE013,35.0,2019-08-13,2019-08-12,88.17,105.0,69.0,12.19,5.71,0.0
2019,34,SGE013,43.0,2019-08-20,2019-08-19,85.43,104.0,68.0,15.05,5.87,0.0
2019,35,SGE013,69.0,2019-08-27,2019-08-26,87.43,105.0,68.0,21.23,5.8,0.01
2019,36,SGE013,75.0,2019-09-04,2019-09-02,87.71,103.0,72.0,26.15,7.17,0.01
2019,37,SGE013,57.0,2019-09-10,2019-09-09,78.29,98.0,60.0,19.35,7.39,0.0
2019,38,SGE013,113.0,2019-09-17,2019-09-16,74.0,94.0,52.0,18.87,9.07,0.0
2019,39,SGE013,136.0,2019-09-24,2019-09-23,73.57,92.0,55.0,31.41,8.87,0.01
2019,40,SGE013,11.0,2019-10-01,2019-09-30,63.71,85.0,43.0,16.92,5.23,0.0
2019,41,SGE013,14.0,2019-10-08,2019-10-07,60.86,86.0,35.0,13.51,5.99,0.0
2019,42,SGE013,44.0,2019-10-17,2019-10-14,62.24,84.0,42.0,21.21,5.13,0.0
2019,43,SGE013,6.0,2019-10-22,2019-10-21,58.45,78.0,39.0,21.16,5.6,0.0
2019,44,SGE013,0.0,2019-11-01,2019-10-28,45.17,71.0,23.0,16.91,5.3,0.0
2019,45,SGE013,2.0,2019-11-13,2019-11-11,55.86,74.0,38.0,25.25,2.76,0.0
2019,46,SGE013,10.0,2019-11-19,2019-11-18,48.86,70.0,34.0,66.4,3.58,0.01
2020,4,SGE013,1.0,2020-01-24,2020-01-20,45.86,61.0,30.0,61.3,2.54,0.02
2020,5,SGE013,8.0,2020-01-31,2020-01-27,45.46,69.0,29.0,48.58,4.57,0.01
2020,7,SGE013,1.0,2020-02-14,2020-02-10,45.0,64.0,26.0,36.51,6.2,0.0
2020,9,SGE013,3.0,2020-02-28,2020-02-24,48.29,64.0,30.0,45.38,5.6,0.05
2020,10,SGE013,24.0,2020-03-06,2020-03-02,54.77,75.0,37.0,42.86,6.11,0.1
2020,11,SGE013,47.0,2020-03-12,2020-03-09,56.14,71.0,44.0,65.99,6.37,1.72
2020,12,SGE013,23.0,2020-03-17,2020-03-16,50.43,66.0,39.0,67.61,5.83,0.45
2020,13,SGE013,75.0,2020-03-25,2020-03-23,50.86,67.0,34.0,53.26,6.73,0.37
2020,14,SGE013,72.0,2020-04-01,2020-03-30,56.86,74.0,38.0,38.99,6.91,0.0
2020,15,SGE013,264.0,2020-04-07,2020-04-06,57.57,78.0,41.0,51.67,7.39,0.5
2020,16,SGE013,685.0,2020-04-14,2020-04-13,57.57,75.0,38.0,33.84,7.69,0.01
2020,17,SGE013,34.0,2020-04-21,2020-04-20,66.0,86.0,47.0,42.3,5.31,0.21
2020,18,SGE013,122.0,2020-04-28,2020-04-27,74.57,94.0,54.0,23.42,6.04,0.0
2020,19,SGE013,34.0,2020-05-05,2020-05-04,73.86,93.0,52.0,17.28,6.43,0.01
2020,20,SGE013,75.0,2020-05-12,2020-05-11,73.57,93.0,56.0,23.1,9.91,0.0
2020,21,SGE013,285.0,2020-05-19,2020-05-18,67.71,91.0,48.0,21.27,11.93,0.0
2020,22,SGE013,290.0,2020-05-27,2020-05-25,82.57,104.0,56.0,16.38,7.0,0.0
2020,23,SGE013,230.0,2020-06-02,2020-06-01,82.0,103.0,61.0,17.6,9.17,0.01
2020,24,SGE013,581.0,2020-06-10,2020-06-08,76.0,102.0,51.0,14.17,8.66,0.0
2020,25,SGE013,806.0,2020-06-16,2020-06-15,81.29,101.0,63.0,14.2,9.71,0.0
2020,26,SGE013,2.0,2020-06-23,2020-06-22,88.57,105.0,69.0,14.3,9.31,0.0
2020,27,SGE013,1.0,2020-06-30,2020-06-29,81.86,103.0,55.0,17.66,8.37,0.0
2020,28,SGE013,60.0,2020-07-07,2020-07-06,89.14,109.0,67.0,11.29,7.21,0.0
2020,29,SGE013,341.0,2020-07-14,2020-07-13,91.29,109.0,72.0,14.58,7.94,0.0
2020,30,SGE013,156.0,2020-07-21,2020-07-20,88.71,106.0,72.0,23.53,9.24,0.0
2020,31,SGE013,62.0,2020-07-28,2020-07-27,91.2,110.0,69.0,14.51,6.36,0.01
2020,32,SGE013,38.0,2020-08-04,2020-08-03,86.29,104.0,66.0,11.15,7.09,0.0
2020,33,SGE013,30.0,2020-08-11,2020-08-10,87.86,111.0,66.0,13.36,5.31,0.0
2020,34,SGE013,33.0,2020-08-18,2020-08-17,92.43,111.0,70.0,21.14,6.49,0.04
2020,35,SGE013,36.0,2020-08-25,2020-08-24,88.14,105.0,68.0,24.84,6.4,0.0
2020,36,SGE013,107.0,2020-09-01,2020-08-31,86.29,110.0,66.0,13.93,6.01,0.0
2020,37,SGE013,222.0,2020-09-08,2020-09-07,74.57,103.0,54.0,18.03,8.51,0.0
2020,38,SGE013,4.0,2020-09-15,2020-09-14,82.14,100.0,63.0,14.82,5.53,0.0
2020,39,SGE013,12.0,2020-09-22,2020-09-21,79.57,97.0,59.0,20.6,6.17,0.02
2020,40,SGE013,4.0,2020-09-29,2020-09-28,76.0,96.0,55.0,11.26,4.74,0.0
2020,41,SGE013,6.0,2020-10-06,2020-10-05,73.43,94.0,55.0,16.64,4.5,0.0
2020,42,SGE013,4.0,2020-10-13,2020-10-12,69.57,91.0,49.0,17.43,4.46,0.0
2020,43,SGE013,6.0,2020-10-20,2020-10-19,64.33,88.0,41.0,24.37,4.75,0.0
2020,44,SGE013,0.0,2020-10-29,2020-10-26,55.14,78.0,32.0,20.33,6.01,0.0
2020,45,SGE013,1.0,2020-11-05,2020-11-02,61.14,85.0,37.0,38.65,6.41,0.18
2020,47,SGE013,0.0,2020-11-17,2020-11-16,55.0,78.0,34.0,32.42,3.21,0.0
2020,48,SGE013,0.0,2020-11-24,2020-11-23,42.57,58.0,26.0,37.19,4.2,0.01
2021,6,SGE013,0.0,2021-02-03,2021-02-01,48.71,67.0,29.0,44.11,5.11,0.0
2021,7,SGE013,0.0,2021-02-09,2021-02-08,49.29,65.0,29.0,43.5,4.43,0.11
2021,8,SGE013,1.0,2021-02-16,2021-02-15,43.43,59.0,27.0,39.36,6.0,0.03
2021,9,SGE013,0.0,2021-02-23,2021-02-22,45.57,69.0,24.0,26.58,6.63,0.0
2021,10,SGE013,1.0,2021-03-02,2021-03-01,53.14,76.0,27.0,27.05,5.04,0.01
2021,11,SGE013,6.0,2021-03-09,2021-03-08,46.86,76.0,32.0,56.48,7.41,0.89
2021,12,SGE013,1.0,2021-03-18,2021-03-15,52.43,72.0,32.0,54.68,7.34,0.6
2021,13,SGE013,29.0,2021-03-25,2021-03-22,52.86,74.0,34.0,36.09,8.83,0.03
2021,14,SGE013,122.0,2021-03-30,2021-03-29,60.86,86.0,34.0,19.13,5.27,0.0
2021,15,SGE013,92.0,2021-04-06,2021-04-05,64.14,84.0,43.0,14.12,6.69,0.0
2021,16,SGE013,61.0,2021-04-13,2021-04-12,61.57,82.0,44.0,23.05,10.11,0.0
2021,17,SGE013,94.0,2021-04-20,2021-04-19,67.76,83.0,47.0,16.96,11.02,0.0
2021,18,SGE013,24.0,2021-04-29,2021-04-26,66.86,93.0,44.0,32.05,8.74,0.29
2021,19,SGE013,34.0,2021-05-04,2021-05-03,71.57,94.0,52.0,17.44,8.44,0.0
2021,20,SGE013,31.0,2021-05-11,2021-05-10,73.86,93.0,53.0,13.04,8.36,0.0
2021,21,SGE013,31.0,2021-05-19,2021-05-17,68.86,94.0,46.0,18.96,11.83,0.01
2021,22,SGE013,18.0,2021-05-25,2021-05-24,75.71,95.0,52.0,12.2,6.24,0.0
2021,23,SGE013,96.0,2021-06-02,2021-05-31,85.43,105.0,62.0,11.61,7.33,0.0
2021,24,SGE013,5.0,2021-06-08,2021-06-07,80.57,105.0,58.0,10.22,9.06,0.0
2021,25,SGE013,165.0,2021-06-15,2021-06-14,93.57,112.0,74.0,10.62,6.11,0.0
2021,26,SGE013,61.0,2021-06-22,2021-06-21,87.43,106.0,68.0,18.49,9.26,0.01
2021,27,SGE013,224.0,2021-06-29,2021-06-28,87.86,105.0,72.0,22.67,8.24,0.01
2021,28,SGE013,2.0,2021-07-06,2021-07-05,97.0,114.0,77.0,14.18,6.67,0.0
2021,29,SGE013,2.0,2021-07-13,2021-07-12,87.71,109.0,69.0,42.67,8.01,0.01
2021,30,SGE013,12.0,2021-07-20,2021-07-19,87.43,103.0,72.0,48.8,6.99,0.0
2021,31,SGE013,56.0,2021-07-28,2021-07-26,84.43,102.0,70.0,50.97,6.57,0.0
2021,32,SGE013,44.0,2021-08-03,2021-08-02,89.71,109.0,67.0,20.41,6.91,0.0
2021,33,SGE013,20.0,2021-08-10,2021-08-09,89.14,105.0,71.0,30.35,7.0,0.0
2021,34,SGE013,59.0,2021-08-17,2021-08-16,83.57,104.0,63.0,33.14,9.8,0.0
2021,35,SGE013,85.0,2021-08-24,2021-08-23,85.0,105.0,64.0,16.53,5.1,0.0
2021,36,SGE013,158.0,2021-08-31,2021-08-30,82.65,103.0,66.0,39.27,5.46,0.0
2021,37,SGE013,137.0,2021-09-08,2021-09-06,87.43,105.0,70.0,23.57,5.31,0.0
2021,38,SGE013,192.0,2021-09-14,2021-09-13,79.71,100.0,60.0,26.2,5.8,0.01
2021,39,SGE013,81.0,2021-09-21,2021-09-20,76.43,94.0,56.0,21.3,5.19,0.0
2021,40,SGE013,192.0,2021-09-28,2021-09-27,71.0,90.0,50.0,29.84,5.99,0.0
2021,41,SGE013,134.0,2021-10-05,2021-10-04,67.0,88.0,49.0,56.54,5.14,0.01
2021,43,SGE013,55.0,2021-10-20,2021-10-18,58.86,78.0,38.0,41.72,4.79,0.0
2021,45,SGE013,204.0,2021-11-03,2021-11-01,61.0,79.0,43.0,42.68,3.16,0.0
2021,46,SGE013,136.0,2021-11-09,2021-11-08,57.48,73.0,41.0,43.24,2.69,0.0
2021,47,SGE013,199.0,2021-11-16,2021-11-15,53.71,71.0,34.0,36.68,3.89,0.0
2021,48,SGE013,10.0,2021-11-23,2021-11-22,47.57,65.0,29.0,31.8,4.29,0.0
2021,49,SGE013,21.0,2021-11-30,2021-11-29,49.57,69.0,31.0,37.95,1.61,0.0
2021,50,SGE013,6.0,2021-12-07,2021-12-06,44.0,59.0,25.0,57.5,4.19,0.04
2021,51,SGE013,5.0,2021-12-14,2021-12-13,38.86,58.0,24.0,65.95,4.23,0.09
2022,3,SGE013,0.0,2022-01-20,2022-01-17,43.29,57.0,28.0,52.01,5.63,0.02
2022,6,SGE013,12.0,2022-02-10,2022-02-07,51.14,72.0,30.0,28.81,5.1,0.0
2022,7,SGE013,3.0,2022-02-15,2022-02-14,48.71,68.0,29.0,30.09,5.57,0.0
2022,9,SGE013,35.0,2022-03-03,2022-02-28,51.86,76.0,30.0,35.76,5.89,0.02
2022,10,SGE013,16.0,2022-03-10,2022-03-07,45.0,67.0,24.0,32.32,6.76,0.01
2022,11,SGE013,34.0,2022-03-16,2022-03-14,55.71,73.0,39.0,29.83,6.0,0.02
2022,12,SGE013,21.0,2022-03-24,2022-03-21,61.0,87.0,40.0,21.16,7.83,0.0
2022,13,SGE013,21.0,2022-03-31,2022-03-28,61.29,80.0,40.0,38.76,6.71,0.01
2022,14,SGE013,53.0,2022-04-05,2022-04-04,63.86,86.0,42.0,16.87,8.36,0.0
2022,15,SGE013,0.0,2022-04-14,2022-04-11,57.43,83.0,33.0,17.82,9.59,0.02
2022,16,SGE013,113.0,2022-04-19,2022-04-18,63.86,88.0,38.0,26.41,10.21,0.09
2022,17,SGE013,50.0,2022-04-26,2022-04-25,67.86,86.0,42.0,14.43,8.16,0.0
2022,18,SGE013,141.0,2022-05-03,2022-05-02,70.86,92.0,49.0,18.29,11.53,0.0
2022,19,SGE013,59.0,2022-05-11,2022-05-09,66.57,98.0,48.0,14.1,7.17,0.0
2022,21,SGE013,262.0,2022-05-24,2022-05-23,77.71,100.0,55.0,13.06,9.49,0.0
2022,22,SGE013,116.0,2022-05-31,2022-05-30,75.14,96.0,52.0,15.4,8.04,0.0
2022,23,SGE013,324.0,2022-06-07,2022-06-06,87.86,106.0,69.0,14.97,8.09,0.0
2022,24,SGE013,1.0,2022-06-14,2022-06-13,81.43,106.0,62.0,11.75,11.51,0.0
2022,25,SGE013,5.0,2022-06-21,2022-06-20,83.14,103.0,57.0,17.12,7.33,0.01
2022,26,SGE013,51.0,2022-06-28,2022-06-27,90.29,104.0,75.0,20.08,10.89,0.01
2022,27,SGE013,49.0,2022-07-06,2022-07-04,87.86,106.0,70.0,13.85,8.8,0.0
2022,28,SGE013,135.0,2022-07-12,2022-07-11,93.71,108.0,77.0,24.37,8.04,0.02
2022,29,SGE013,87.0,2022-07-19,2022-07-18,93.57,110.0,79.0,23.5,8.01,0.03
2022,31,SGE013,112.0,2022-08-02,2022-08-01,87.29,102.0,73.0,42.64,6.47,0.08
2022,32,SGE013,472.0,2022-08-09,2022-08-08,85.43,104.0,73.0,46.98,6.6,0.15
2022,33,SGE013,7.0,2022-08-16,2022-08-15,84.43,99.0,71.0,49.42,6.64,0.04
2022,34,SGE013,86.0,2022-08-23,2022-08-22,85.86,103.0,69.0,37.01,5.5,0.47
2022,35,SGE013,101.0,2022-08-30,2022-08-29,90.71,108.0,71.0,22.05,4.3,0.0
2022,36,SGE013,276.0,2022-09-07,2022-09-05,87.29,111.0,66.0,31.95,6.51,0.01
2022,37,SGE013,163.0,2022-09-13,2022-09-12,75.14,92.0,61.0,56.31,6.79,1.08
2022,38,SGE013,145.0,2022-09-20,2022-09-19,77.57,93.0,59.0,31.61,5.53,0.0
2022,39,SGE013,366.0,2022-09-27,2022-09-26,77.79,95.0,60.0,35.98,4.8,0.44
2022,40,SGE013,63.0,2022-10-04,2022-10-03,73.52,88.0,58.0,36.66,4.44,0.01
2022,41,SGE013,168.0,2022-10-11,2022-10-10,71.14,87.0,55.0,27.73,4.26,0.0
2022,42,SGE013,176.0,2022-10-19,2022-10-17,64.29,85.0,39.0,33.49,6.11,0.34
2022,44,SGE013,0.0,2022-11-01,2022-10-31,51.43,74.0,32.0,42.74,6.04,0.02
2022,45,SGE013,5.0,2022-11-08,2022-11-07,49.14,72.0,31.0,50.81,8.54,0.3
2022,46,SGE013,0.0,2022-11-15,2022-11-14,41.71,54.0,27.0,41.95,5.77,0.0
2022,48,SGE013,0.0,2022-12-01,2022-11-28,45.29,62.0,25.0,46.38,3.03,0.01
2023,4,SGE013,0.0,2023-01-25,2023-01-23,39.29,55.0,27.0,54.32,5.01,0.0
2023,5,SGE013,0.0,2023-02-03,2023-01-30,39.14,62.0,19.0,57.29,3.54,0.15
2023,10,SGE013,0.0,2023-03-08,2023-03-06,50.0,65.0,31.0,57.95,5.07,0.15
2023,13,SGE013,2.0,2023-03-29,2023-03-27,49.57,69.0,30.0,47.78,6.46,0.13
2023,14,SGE013,8.0,2023-04-07,2023-04-03,50.29,80.0,26.0,38.61,6.76,0.02
2023,15,SGE013,5.0,2023-04-11,2023-04-10,64.14,90.0,43.0,27.49,6.81,0.02
2023,16,SGE013,9.0,2023-04-18,2023-04-17,61.14,83.0,38.0,24.14,9.09,0.0
2023,17,SGE013,19.0,2023-04-24,2023-04-24,68.86,92.0,51.0,23.36,6.47,0.01
2023,18,SGE013,44.0,2023-05-02,2023-05-01,65.57,89.0,48.0,27.54,9.24,0.02
2023,19,SGE013,36.0,2023-05-09,2023-05-08,69.71,88.0,48.0,23.51,8.79,0.01
2023,20,SGE013,92.0,2023-05-16,2023-05-15,76.17,91.0,57.0,36.7,7.22,0.17
2023,21,SGE013,114.0,2023-05-23,2023-05-22,76.29,93.0,57.0,22.04,7.76,0.02
2023,22,SGE013,279.0,2023-05-31,2023-05-29,75.71,94.0,57.0,21.94,7.03,0.02
2023,23,SGE013,170.0,2023-06-06,2023-06-05,77.16,97.0,61.0,18.28,8.09,0.01
2023,24,SGE013,18.0,2023-06-13,2023-06-12,75.71,98.0,57.0,37.66,7.94,0.09
2023,25,SGE013,348.0,2023-06-21,2023-06-19,78.43,97.0,57.0,11.78,9.56,0.0
2023,26,SGE013,573.0,2023-06-27,2023-06-26,83.29,107.0,64.0,13.59,6.69,0.0
2023,27,SGE013,21.0,2023-07-04,2023-07-03,87.14,109.0,67.0,9.62,7.04,0.0
2023,28,SGE013,124.0,2023-07-11,2023-07-10,92.29,114.0,73.0,16.33,6.26,0.0
2023,29,SGE013,33.0,2023-07-18,2023-07-17,95.14,112.0,77.0,19.31,8.4,0.0
2023,30,SGE013,243.0,2023-07-26,2023-07-24,92.29,109.0,74.0,24.69,9.04,0.02
2023,31,SGE013,25.0,2023-08-01,2023-07-31,83.14,103.0,67.0,38.68,5.63,0.47
2023,32,SGE013,17.0,2023-08-08,2023-08-07,83.57,103.0,65.0,31.35,7.11,0.2
2023,33,SGE013,26.0,2023-08-15,2023-08-14,82.57,101.0,65.0,50.17,6.24,0.21
2023,35,SGE013,93.0,2023-08-29,2023-08-28,81.46,106.0,65.0,50.86,6.43,2.76
2023,36,SGE013,74.0,2023-09-06,2023-09-04,77.24,98.0,62.0,44.32,4.47,0.02
2023,37,SGE013,40.0,2023-09-12,2023-09-11,76.86,94.0,61.0,45.56,3.95,0.04
2023,38,SGE013,143.0,2023-09-19,2023-09-18,72.14,92.0,53.0,37.06,5.07,0.05
2023,39,SGE013,203.0,2023-09-26,2023-09-25,71.43,91.0,52.0,33.39,6.0,0.04
2023,40,SGE013,41.0,2023-10-03,2023-10-02,68.07,89.0,48.0,41.49,4.69,0.19
2023,41,SGE013,203.0,2023-10-10,2023-10-09,66.29,88.0,46.0,30.17,5.31,0.0
2023,42,SGE013,226.0,2023-10-17,2023-10-16,70.86,89.0,50.0,26.1,3.17,0.0
2023,43,SGE013,170.0,2023-10-24,2023-10-23,59.86,78.0,41.0,34.92,7.0,0.0
2023,44,SGE013,2.0,2023-10-31,2023-10-30,53.71,74.0,34.0,20.44,2.64,0.0
2023,45,SGE013,83.0,2023-11-07,2023-11-06,52.71,78.0,32.0,30.33,5.2,0.01
2023,46,SGE013,7.0,2023-11-14,2023-11-13,56.0,73.0,36.0,57.82,3.94,0.3
2023,48,SGE013,0.0,2023-11-29,2023-11-27,43.71,58.0,25.0,47.76,3.01,0.02
2023,49,SGE013,5.0,2023-12-06,2023-12-04,45.27,65.0,27.0,41.87,3.6,0.0
2023,50,SGE013,1.0,2023-12-12,2023-12-11,42.43,57.0,28.0,44.6,2.26,0.0
2024,5,SGE013,33.0,2024-01-30,2024-01-29,49.43,67.0,34.0,71.11,4.56,0.52
2024,6,SGE013,6.0,2024-02-14,2024-02-12,47.86,65.0,29.0,55.91,3.13,0.0
2024,9,SGE013,0.0,2024-02-29,2024-02-26,54.12,70.0,34.0,37.5,10.34,0.0
2024,10,SGE013,2.0,2024-03-07,2024-03-04,51.14,66.0,35.0,40.28,5.99,0.01
2024,11,SGE013,3.0,2024-03-12,2024-03-11,51.43,67.0,38.0,50.99,7.97,0.25
2024,12,SGE013,5.0,2024-03-19,2024-03-18,57.29,76.0,39.0,44.37,7.51,0.14
2024,13,SGE013,4.0,2024-03-26,2024-03-25,53.0,72.0,35.0,45.25,7.31,0.69
2024,14,SGE013,8.0,2024-04-03,2024-04-01,54.14,77.0,34.0,41.14,8.71,0.01
2024,15,SGE013,2.0,2024-04-09,2024-04-08,62.29,86.0,41.0,24.65,8.41,0.0
2024,16,SGE013,23.0,2024-04-17,2024-04-15,66.86,88.0,45.0,26.3,5.48,0.0
2024,17,SGE013,60.0,2024-04-23,2024-04-22,66.29,89.0,47.0,31.77,8.99,0.02
2024,18,SGE013,80.0,2024-05-01,2024-04-29,66.86,86.0,46.0,22.07,8.71,0.01
2024,19,SGE013,42.0,2024-05-07,2024-05-06,63.0,88.0,39.0,27.17,9.03,0.01
2024,20,SGE013,104.0,2024-05-14,2024-05-13,77.14,94.0,57.0,18.19,8.07,0.0
2024,21,SGE013,61.0,2024-05-21,2024-05-20,73.14,89.0,52.0,17.04,10.24,0.0
2024,22,SGE013,51.0,2024-05-29,2024-05-27,80.86,98.0,61.0,13.38,7.24,0.0
2024,23,SGE013,25.0,2024-06-04,2024-06-03,87.71,108.0,69.0,15.77,7.36,0.0
2024,24,SGE013,13.0,2024-06-11,2024-06-10,87.06,105.0,68.0,11.63,7.06,0.0
2024,25,SGE013,7.0,2024-06-18,2024-06-17,84.86,106.0,63.0,14.44,8.46,0.0
2024,26,SGE013,4.0,2024-06-25,2024-06-24,93.29,108.0,76.0,20.9,10.33,0.0
2024,27,SGE013,5.0,2024-07-02,2024-07-01,91.14,112.0,73.0,9.89,8.01,0.0
2024,28,SGE013,2.0,2024-07-09,2024-07-08,93.9,114.0,75.0,13.82,6.95,0.02
2024,29,SGE013,9.0,2024-07-16,2024-07-15,92.97,108.0,76.0,25.97,8.11,0.11
2024,30,SGE013,0.0,2024-07-23,2024-07-22,92.29,108.0,70.0,23.47,8.79,0.09
2024,31,SGE013,4.0,2024-07-30,2024-07-29,89.29,106.0,69.0,19.72,6.89,0.01
2024,32,SGE013,10.0,2024-08-06,2024-08-05,92.57,109.0,79.0,29.7,9.17,0.03
2024,33,SGE013,9.0,2024-08-13,2024-08-12,87.86,103.0,71.0,30.48,8.99,1.23
2024,34,SGE013,19.0,2024-08-20,2024-08-19,84.71,104.0,68.0,33.33,11.16,0.11
2024,35,SGE013,2.0,2024-08-27,2024-08-26,83.35,102.0,61.0,20.93,5.56,0.01
2024,36,SGE013,10.0,2024-09-03,2024-09-02,87.3,103.0,70.0,19.12,6.56,0.01
2024,37,SGE013,12.0,2024-09-10,2024-09-09,82.19,100.0,61.0,19.17,8.0,0.0
2024,38,SGE013,11.0,2024-09-17,2024-09-16,73.71,91.0,55.0,24.7,7.77,0.02
2024,39,SGE013,17.0,2024-09-24,2024-09-23,82.0,102.0,62.0,16.39,4.43,0.0
2024,40,SGE013,13.0,2024-10-01,2024-09-30,82.0,101.0,62.0,15.02,3.97,0.0
2024,41,SGE013,12.0,2024-10-08,2024-10-07,77.84,96.0,59.0,16.75,4.12,0.0
2024,42,SGE013,13.0,2024-10-16,2024-10-14,67.63,89.0,48.0,35.66,8.2,0.31
2024,43,SGE013,3.0,2024-10-22,2024-10-21,64.43,82.0,48.0,34.79,2.73,0.0
2025,13,SGE013,5.0,2025-03-25,2025-03-24,65.0,87.0,45.0,23.01,6.51,0.0
2025,15,SGE013,5.0,2025-04-08,2025-04-07,69.71,91.0,44.0,14.98,5.59,0.0
2025,16,SGE013,10.0,2025-04-15,2025-04-14,63.29,86.0,39.0,26.38,7.81,0.1
2025,17,SGE013,7.0,2025-04-22,2025-04-21,67.02,84.0,46.0,16.54,9.33,0.0
2025,18,SGE013,2.0,2025-04-30,2025-04-28,67.29,86.0,48.0,30.31,7.6,0.1
2025,20,SGE013,10.0,2025-05-14,2025-05-12,68.43,92.0,51.0,24.01,11.31,0.04
2025,21,SGE013,13.0,2025-05-20,2025-05-19,76.29,97.0,54.0,14.39,7.89,0.0
2025,22,SGE013,14.0,2025-05-28,2025-05-26,83.71,104.0,62.0,13.95,6.5,0.0
2025,23,SGE013,25.0,2025-06-03,2025-06-02,78.84,101.0,59.0,39.72,7.61,1.74
2025,24,SGE013,43.0,2025-06-10,2025-06-09,88.43,105.0,71.0,13.16,8.49,0.0
2025,25,SGE013,29.0,2025-06-17,2025-06-16,86.43,107.0,62.0,8.95,11.21,0.0
2025,26,SGE013,28.0,2025-06-24,2025-06-23,82.86,102.0,64.0,12.5,6.21,0.0
2025,27,SGE013,27.0,2025-07-01,2025-06-30,88.18,106.0,69.0,19.18,9.14,0.01
2025,28,SGE013,20.0,2025-07-08,2025-07-07,91.55,108.0,70.0,13.12,6.7,0.0
2025,29,SGE013,45.0,2025-07-15,2025-07-14,89.86,109.0,73.0,24.03,8.79,0.0
2025,30,SGE013,16.0,2025-07-22,2025-07-21,84.17,99.0,68.0,14.91,7.65,0.15
2025,31,SGE013,22.0,2025-07-29,2025-07-28,87.29,104.0,68.0,10.27,7.41,0.0
2025,32,SGE013,16.0,2025-08-05,2025-08-04,90.86,108.0,74.0,10.49,8.59,0.0
2025,33,SGE013,3.0,2025-08-12,2025-08-11,89.0,108.0,70.0,20.38,8.13,0.23
2025,34,SGE013,21.0,2025-08-19,2025-08-18,90.28,107.0,70.0,21.51,6.22,0.02
2025,35,SGE013,3.0,2025-08-26,2025-08-25,78.8,80.0,77.0,47.6,4.8,0.0
2021,16,SGE013-Extra,49.0,2021-04-13,2021-04-12,61.57,82.0,44.0,23.05,10.11,0.0
2018,3,SGE014,0.0,2018-01-18,2018-01-15,46.86,66.0,31.0,61.84,3.81,0.18
2018,5,SGE014,0.0,2018-02-01,2018-01-29,51.19,70.0,33.0,44.18,1.73,0.0
2018,6,SGE014,0.0,2018-02-08,2018-02-05,51.29,71.0,29.0,34.59,5.16,0.0
2018,14,SGE014,2.0,2018-04-03,2018-04-02,65.14,86.0,42.0,28.12,7.03,0.21
2018,15,SGE014,0.0,2018-04-10,2018-04-09,63.46,89.0,41.0,20.22,10.2,0.0
2018,16,SGE014,0.0,2018-04-17,2018-04-16,61.57,85.0,40.0,25.9,10.43,0.07
2018,17,SGE014,6.0,2018-04-24,2018-04-23,73.43,93.0,52.0,15.46,8.84,0.0
2018,18,SGE014,0.0,2018-05-01,2018-04-30,65.14,94.0,44.0,40.18,5.51,0.3
2018,19,SGE014,0.0,2018-05-08,2018-05-07,75.57,98.0,53.0,17.85,8.4,0.0
2018,20,SGE014,43.0,2018-05-15,2018-05-14,73.29,91.0,56.0,18.36,8.04,0.0
2018,21,SGE014,2.0,2018-05-22,2018-05-21,74.29,93.0,56.0,21.16,8.79,0.02
2018,22,SGE014,45.0,2018-05-29,2018-05-28,79.71,100.0,59.0,17.46,8.91,0.0
2018,23,SGE014,52.0,2018-06-05,2018-06-04,83.71,103.0,67.0,11.06,9.74,0.0
2018,24,SGE014,20.0,2018-06-12,2018-06-11,85.0,104.0,66.0,17.22,10.77,0.0
2018,25,SGE014,27.0,2018-06-19,2018-06-18,86.0,106.0,63.0,12.23,7.69,0.0
2018,26,SGE014,47.0,2018-06-26,2018-06-25,87.97,105.0,69.0,10.63,8.06,0.0
2018,27,SGE014,57.0,2018-07-02,2018-07-02,90.71,108.0,73.0,16.33,9.23,0.01
2018,28,SGE014,10.0,2018-07-10,2018-07-09,86.43,105.0,69.0,49.03,7.43,0.04
2018,29,SGE014,22.0,2018-07-17,2018-07-16,89.71,106.0,71.0,39.86,8.12,0.01
2018,30,SGE014,20.0,2018-07-23,2018-07-23,93.43,110.0,76.0,24.21,7.73,0.0
2018,31,SGE014,21.0,2018-07-31,2018-07-30,90.68,107.0,71.0,31.48,7.53,0.3
2018,32,SGE014,40.0,2018-08-07,2018-08-06,88.14,107.0,67.0,26.12,6.96,0.13
2018,33,SGE014,78.0,2018-08-14,2018-08-13,88.28,105.0,70.0,32.05,7.08,0.02
2018,34,SGE014,48.0,2018-08-21,2018-08-20,84.43,105.0,67.0,41.61,9.19,0.81
2018,35,SGE014,16.0,2018-08-28,2018-08-27,82.6,98.0,63.0,20.41,5.97,0.0
2018,36,SGE014,9.0,2018-09-05,2018-09-03,82.29,101.0,66.0,30.0,5.73,0.14
2018,37,SGE014,21.0,2018-09-11,2018-09-10,83.06,99.0,63.0,16.28,8.08,0.0
2018,39,SGE014,10.0,2018-09-25,2018-09-24,78.29,94.0,57.0,18.37,6.69,0.0
2018,41,SGE014,8.0,2018-10-10,2018-10-08,61.14,77.0,46.0,43.6,8.24,0.01
2018,42,SGE014,1.0,2018-10-16,2018-10-15,59.43,82.0,41.0,38.75,6.56,0.06
2018,44,SGE014,0.0,2018-11-02,2018-10-29,58.72,79.0,39.0,33.35,5.42,0.0
2018,45,SGE014,0.0,2018-11-06,2018-11-05,51.14,73.0,31.0,27.58,5.91,0.0
2018,46,SGE014,0.0,2018-11-14,2018-11-12,46.29,65.0,28.0,31.27,2.9,0.0
2018,47,SGE014,0.0,2018-11-20,2018-11-19,45.86,62.0,31.0,40.09,3.56,0.01
2018,48,SGE014,0.0,2018-11-27,2018-11-26,44.06,59.0,29.0,59.96,4.46,0.01
2019,13,SGE014,0.0,2019-03-28,2019-03-25,56.63,74.0,42.0,38.09,5.94,0.0
2019,14,SGE014,3.0,2019-04-02,2019-04-01,59.59,78.0,42.0,43.06,5.64,0.0
2019,15,SGE014,0.0,2019-04-09,2019-04-08,58.23,84.0,38.0,38.62,7.97,0.02
2019,17,SGE014,5.0,2019-04-24,2019-04-22,71.29,91.0,47.0,33.57,6.59,0.01
2019,18,SGE014,1.0,2019-05-02,2019-04-29,63.71,88.0,45.0,41.02,6.13,0.06
2019,19,SGE014,33.0,2019-05-07,2019-05-06,65.72,84.0,50.0,46.66,6.97,1.03
2019,20,SGE014,7.0,2019-05-14,2019-05-13,66.43,89.0,44.0,37.1,8.59,0.05
2019,21,SGE014,3.0,2019-05-22,2019-05-20,59.86,82.0,46.0,51.86,8.06,0.2
2019,22,SGE014,16.0,2019-05-30,2019-05-27,68.09,91.0,49.0,40.99,6.13,0.14
2019,23,SGE014,14.0,2019-06-04,2019-06-03,79.1,98.0,60.0,22.42,8.93,0.0
2019,24,SGE014,15.0,2019-06-12,2019-06-10,82.74,103.0,61.0,19.82,6.11,0.03
2019,25,SGE014,51.0,2019-06-18,2019-06-17,79.49,99.0,57.0,24.11,8.11,0.01
2019,26,SGE014,58.0,2019-06-25,2019-06-24,83.11,100.0,63.0,15.7,8.24,0.01
2019,27,SGE014,37.0,2019-07-02,2019-07-01,84.14,101.0,66.0,14.45,7.61,0.0
2019,28,SGE014,29.0,2019-07-09,2019-07-08,87.71,106.0,68.0,18.12,7.13,0.01
2019,29,SGE014,23.0,2019-07-16,2019-07-15,88.14,107.0,70.0,14.48,7.39,0.0
2019,30,SGE014,83.0,2019-07-23,2019-07-22,89.64,106.0,70.0,29.3,6.67,0.02
2019,31,SGE014,50.0,2019-07-30,2019-07-29,89.44,107.0,69.0,29.18,6.86,0.03
2019,32,SGE014,74.0,2019-08-06,2019-08-05,88.64,107.0,74.0,29.96,9.1,0.0
2019,33,SGE014,105.0,2019-08-13,2019-08-12,88.17,105.0,69.0,12.19,5.71,0.0
2019,34,SGE014,119.0,2019-08-20,2019-08-19,85.43,104.0,68.0,15.05,5.87,0.0
2019,35,SGE014,214.0,2019-08-27,2019-08-26,87.43,105.0,68.0,21.23,5.8,0.01
2019,36,SGE014,120.0,2019-09-04,2019-09-02,87.71,103.0,72.0,26.15,7.17,0.01
2019,37,SGE014,299.0,2019-09-10,2019-09-09,78.29,98.0,60.0,19.35,7.39,0.0
2019,38,SGE014,18.0,2019-09-18,2019-09-16,74.0,94.0,52.0,18.87,9.07,0.0
2019,39,SGE014,36.0,2019-09-24,2019-09-23,73.57,92.0,55.0,31.41,8.87,0.01
2019,40,SGE014,6.0,2019-10-01,2019-09-30,63.71,85.0,43.0,16.92,5.23,0.0
2019,41,SGE014,3.0,2019-10-08,2019-10-07,60.86,86.0,35.0,13.51,5.99,0.0
2019,42,SGE014,2.0,2019-10-17,2019-10-14,62.24,84.0,42.0,21.21,5.13,0.0
2019,43,SGE014,0.0,2019-10-22,2019-10-21,58.45,78.0,39.0,21.16,5.6,0.0
2019,44,SGE014,0.0,2019-11-01,2019-10-28,45.17,71.0,23.0,16.91,5.3,0.0
2019,45,SGE014,0.0,2019-11-13,2019-11-11,55.86,74.0,38.0,25.25,2.76,0.0
2019,46,SGE014,0.0,2019-11-19,2019-11-18,48.86,70.0,34.0,66.4,3.58,0.01
2020,7,SGE014,0.0,2020-02-14,2020-02-10,45.0,64.0,26.0,36.51,6.2,0.0
2020,9,SGE014,0.0,2020-02-28,2020-02-24,48.29,64.0,30.0,45.38,5.6,0.05
2020,10,SGE014,0.0,2020-03-06,2020-03-02,54.77,75.0,37.0,42.86,6.11,0.1
2020,12,SGE014,0.0,2020-03-17,2020-03-16,50.43,66.0,39.0,67.61,5.83,0.45
2020,13,SGE014,1.0,2020-03-25,2020-03-23,50.86,67.0,34.0,53.26,6.73,0.37
2020,14,SGE014,0.0,2020-04-01,2020-03-30,56.86,74.0,38.0,38.99,6.91,0.0
2020,15,SGE014,0.0,2020-04-07,2020-04-06,57.57,78.0,41.0,51.67,7.39,0.5
2020,16,SGE014,1.0,2020-04-14,2020-04-13,57.57,75.0,38.0,33.84,7.69,0.01
2020,17,SGE014,5.0,2020-04-21,2020-04-20,66.0,86.0,47.0,42.3,5.31,0.21
2020,18,SGE014,8.0,2020-04-28,2020-04-27,74.57,94.0,54.0,23.42,6.04,0.0
2020,19,SGE014,8.0,2020-05-05,2020-05-04,73.86,93.0,52.0,17.28,6.43,0.01
2020,20,SGE014,8.0,2020-05-12,2020-05-11,73.57,93.0,56.0,23.1,9.91,0.0
2020,21,SGE014,73.0,2020-05-19,2020-05-18,67.71,91.0,48.0,21.27,11.93,0.0
2020,22,SGE014,77.0,2020-05-27,2020-05-25,82.57,104.0,56.0,16.38,7.0,0.0
2020,23,SGE014,58.0,2020-06-02,2020-06-01,82.0,103.0,61.0,17.6,9.17,0.01
2020,24,SGE014,31.0,2020-06-10,2020-06-08,76.0,102.0,51.0,14.17,8.66,0.0
2020,25,SGE014,55.0,2020-06-16,2020-06-15,81.29,101.0,63.0,14.2,9.71,0.0
2020,26,SGE014,16.0,2020-06-23,2020-06-22,88.57,105.0,69.0,14.3,9.31,0.0
2020,27,SGE014,20.0,2020-06-30,2020-06-29,81.86,103.0,55.0,17.66,8.37,0.0
2020,28,SGE014,41.0,2020-07-07,2020-07-06,89.14,109.0,67.0,11.29,7.21,0.0
2020,29,SGE014,269.0,2020-07-14,2020-07-13,91.29,109.0,72.0,14.58,7.94,0.0
2020,30,SGE014,102.0,2020-07-21,2020-07-20,88.71,106.0,72.0,23.53,9.24,0.0
2020,31,SGE014,28.0,2020-07-28,2020-07-27,91.2,110.0,69.0,14.51,6.36,0.01
2020,32,SGE014,17.0,2020-08-04,2020-08-03,86.29,104.0,66.0,11.15,7.09,0.0
2020,33,SGE014,29.0,2020-08-11,2020-08-10,87.86,111.0,66.0,13.36,5.31,0.0
2020,34,SGE014,19.0,2020-08-18,2020-08-17,92.43,111.0,70.0,21.14,6.49,0.04
2020,35,SGE014,21.0,2020-08-25,2020-08-24,88.14,105.0,68.0,24.84,6.4,0.0
2020,36,SGE014,13.0,2020-09-01,2020-08-31,86.29,110.0,66.0,13.93,6.01,0.0
2020,37,SGE014,20.0,2020-09-08,2020-09-07,74.57,103.0,54.0,18.03,8.51,0.0
2020,38,SGE014,13.0,2020-09-15,2020-09-14,82.14,100.0,63.0,14.82,5.53,0.0
2020,39,SGE014,62.0,2020-09-22,2020-09-21,79.57,97.0,59.0,20.6,6.17,0.02
2020,40,SGE014,5.0,2020-09-29,2020-09-28,76.0,96.0,55.0,11.26,4.74,0.0
2020,41,SGE014,2.0,2020-10-06,2020-10-05,73.43,94.0,55.0,16.64,4.5,0.0
2020,42,SGE014,1.0,2020-10-13,2020-10-12,69.57,91.0,49.0,17.43,4.46,0.0
2020,43,SGE014,0.0,2020-10-20,2020-10-19,64.33,88.0,41.0,24.37,4.75,0.0
2020,44,SGE014,0.0,2020-10-29,2020-10-26,55.14,78.0,32.0,20.33,6.01,0.0
2020,45,SGE014,0.0,2020-11-05,2020-11-02,61.14,85.0,37.0,38.65,6.41,0.18
2020,47,SGE014,0.0,2020-11-17,2020-11-16,55.0,78.0,34.0,32.42,3.21,0.0
2020,48,SGE014,0.0,2020-11-24,2020-11-23,42.57,58.0,26.0,37.19,4.2,0.01
2021,6,SGE014,0.0,2021-02-03,2021-02-01,48.71,67.0,29.0,44.11,5.11,0.0
2021,7,SGE014,0.0,2021-02-09,2021-02-08,49.29,65.0,29.0,43.5,4.43,0.11
2021,8,SGE014,0.0,2021-02-16,2021-02-15,43.43,59.0,27.0,39.36,6.0,0.03
2021,9,SGE014,0.0,2021-02-23,2021-02-22,45.57,69.0,24.0,26.58,6.63,0.0
2021,10,SGE014,0.0,2021-03-02,2021-03-01,53.14,76.0,27.0,27.05,5.04,0.01
2021,11,SGE014,1.0,2021-03-09,2021-03-08,46.86,76.0,32.0,56.48,7.41,0.89
2021,12,SGE014,1.0,2021-03-18,2021-03-15,52.43,72.0,32.0,54.68,7.34,0.6
2021,13,SGE014,1.0,2021-03-25,2021-03-22,52.86,74.0,34.0,36.09,8.83,0.03
2021,14,SGE014,0.0,2021-03-30,2021-03-29,60.86,86.0,34.0,19.13,5.27,0.0
2021,15,SGE014,3.0,2021-04-06,2021-04-05,64.14,84.0,43.0,14.12,6.69,0.0
2021,16,SGE014,1.0,2021-04-13,2021-04-12,61.57,82.0,44.0,23.05,10.11,0.0
2021,17,SGE014,0.0,2021-04-20,2021-04-19,67.76,83.0,47.0,16.96,11.02,0.0
2021,18,SGE014,0.0,2021-04-29,2021-04-26,66.86,93.0,44.0,32.05,8.74,0.29
2021,19,SGE014,0.0,2021-05-04,2021-05-03,71.57,94.0,52.0,17.44,8.44,0.0
2021,20,SGE014,2.0,2021-05-11,2021-05-10,73.86,93.0,53.0,13.04,8.36,0.0
2021,21,SGE014,10.0,2021-05-19,2021-05-17,68.86,94.0,46.0,18.96,11.83,0.01
2021,22,SGE014,6.0,2021-05-25,2021-05-24,75.71,95.0,52.0,12.2,6.24,0.0
2021,23,SGE014,17.0,2021-06-02,2021-05-31,85.43,105.0,62.0,11.61,7.33,0.0
2021,24,SGE014,41.0,2021-06-08,2021-06-07,80.57,105.0,58.0,10.22,9.06,0.0
2021,25,SGE014,40.0,2021-06-15,2021-06-14,93.57,112.0,74.0,10.62,6.11,0.0
2021,26,SGE014,26.0,2021-06-22,2021-06-21,87.43,106.0,68.0,18.49,9.26,0.01
2021,27,SGE014,46.0,2021-06-29,2021-06-28,87.86,105.0,72.0,22.67,8.24,0.01
2021,28,SGE014,93.0,2021-07-07,2021-07-05,97.0,114.0,77.0,14.18,6.67,0.0
2021,29,SGE014,1.0,2021-07-13,2021-07-12,87.71,109.0,69.0,42.67,8.01,0.01
2021,30,SGE014,17.0,2021-07-21,2021-07-19,87.43,103.0,72.0,48.8,6.99,0.0
2021,31,SGE014,11.0,2021-07-28,2021-07-26,84.43,102.0,70.0,50.97,6.57,0.0
2021,32,SGE014,8.0,2021-08-03,2021-08-02,89.71,109.0,67.0,20.41,6.91,0.0
2021,33,SGE014,28.0,2021-08-10,2021-08-09,89.14,105.0,71.0,30.35,7.0,0.0
2021,34,SGE014,3.0,2021-08-10,2021-08-09,89.14,105.0,71.0,30.35,7.0,0.0
2021,35,SGE014,26.0,2021-08-10,2021-08-09,89.14,105.0,71.0,30.35,7.0,0.0
2021,36,SGE014,19.0,2021-08-31,2021-08-30,82.65,103.0,66.0,39.27,5.46,0.0
2021,37,SGE014,25.0,2021-09-08,2021-09-06,87.43,105.0,70.0,23.57,5.31,0.0
2021,38,SGE014,18.0,2021-09-14,2021-09-13,79.71,100.0,60.0,26.2,5.8,0.01
2021,39,SGE014,9.0,2021-09-21,2021-09-20,76.43,94.0,56.0,21.3,5.19,0.0
2021,40,SGE014,20.0,2021-09-28,2021-09-27,71.0,90.0,50.0,29.84,5.99,0.0
2021,41,SGE014,15.0,2021-10-05,2021-10-04,67.0,88.0,49.0,56.54,5.14,0.01
2021,43,SGE014,0.0,2021-10-20,2021-10-18,58.86,78.0,38.0,41.72,4.79,0.0
2021,45,SGE014,1.0,2021-11-03,2021-11-01,61.0,79.0,43.0,42.68,3.16,0.0
2021,46,SGE014,0.0,2021-11-09,2021-11-08,57.48,73.0,41.0,43.24,2.69,0.0
2021,47,SGE014,0.0,2021-11-16,2021-11-15,53.71,71.0,34.0,36.68,3.89,0.0
2021,48,SGE014,0.0,2021-11-23,2021-11-22,47.57,65.0,29.0,31.8,4.29,0.0
2021,49,SGE014,0.0,2021-11-30,2021-11-29,49.57,69.0,31.0,37.95,1.61,0.0
2021,50,SGE014,0.0,2021-12-07,2021-12-06,44.0,59.0,25.0,57.5,4.19,0.04
2022,9,SGE014,1.0,2022-03-03,2022-02-28,51.86,76.0,30.0,35.76,5.89,0.02
2022,10,SGE014,2.0,2022-03-10,2022-03-07,45.0,67.0,24.0,32.32,6.76,0.01
2022,11,SGE014,0.0,2022-03-16,2022-03-14,55.71,73.0,39.0,29.83,6.0,0.02
2022,12,SGE014,2.0,2022-03-24,2022-03-21,61.0,87.0,40.0,21.16,7.83,0.0
2022,13,SGE014,0.0,2022-03-31,2022-03-28,61.29,80.0,40.0,38.76,6.71,0.01
2022,14,SGE014,1.0,2022-04-05,2022-04-04,63.86,86.0,42.0,16.87,8.36,0.0
2022,15,SGE014,0.0,2022-04-14,2022-04-11,57.43,83.0,33.0,17.82,9.59,0.02
2022,16,SGE014,1.0,2022-04-19,2022-04-18,63.86,88.0,38.0,26.41,10.21,0.09
2022,17,SGE014,0.0,2022-04-26,2022-04-25,67.86,86.0,42.0,14.43,8.16,0.0
2022,18,SGE014,7.0,2022-05-03,2022-05-02,70.86,92.0,49.0,18.29,11.53,0.0
2022,19,SGE014,2.0,2022-05-11,2022-05-09,66.57,98.0,48.0,14.1,7.17,0.0
2022,21,SGE014,15.0,2022-05-24,2022-05-23,77.71,100.0,55.0,13.06,9.49,0.0
2022,22,SGE014,2.0,2022-05-31,2022-05-30,75.14,96.0,52.0,15.4,8.04,0.0
2022,23,SGE014,36.0,2022-06-07,2022-06-06,87.86,106.0,69.0,14.97,8.09,0.0
2022,24,SGE014,84.0,2022-06-14,2022-06-13,81.43,106.0,62.0,11.75,11.51,0.0
2022,25,SGE014,13.0,2022-06-21,2022-06-20,83.14,103.0,57.0,17.12,7.33,0.01
2022,26,SGE014,25.0,2022-06-28,2022-06-27,90.29,104.0,75.0,20.08,10.89,0.01
2022,27,SGE014,32.0,2022-07-06,2022-07-04,87.86,106.0,70.0,13.85,8.8,0.0
2022,28,SGE014,46.0,2022-07-12,2022-07-11,93.71,108.0,77.0,24.37,8.04,0.02
2022,29,SGE014,20.0,2022-07-19,2022-07-18,93.57,110.0,79.0,23.5,8.01,0.03
2022,31,SGE014,7.0,2022-08-02,2022-08-01,87.29,102.0,73.0,42.64,6.47,0.08
2022,32,SGE014,21.0,2022-08-09,2022-08-08,85.43,104.0,73.0,46.98,6.6,0.15
2022,33,SGE014,19.0,2022-08-16,2022-08-15,84.43,99.0,71.0,49.42,6.64,0.04
2022,34,SGE014,13.0,2022-08-23,2022-08-22,85.86,103.0,69.0,37.01,5.5,0.47
2022,35,SGE014,0.0,2022-08-30,2022-08-29,90.71,108.0,71.0,22.05,4.3,0.0
2022,36,SGE014,60.0,2022-09-07,2022-09-05,87.29,111.0,66.0,31.95,6.51,0.01
2022,37,SGE014,14.0,2022-09-13,2022-09-12,75.14,92.0,61.0,56.31,6.79,1.08
2022,38,SGE014,3.0,2022-09-20,2022-09-19,77.57,93.0,59.0,31.61,5.53,0.0
2022,39,SGE014,31.0,2022-09-27,2022-09-26,77.79,95.0,60.0,35.98,4.8,0.44
2022,40,SGE014,13.0,2022-10-04,2022-10-03,73.52,88.0,58.0,36.66,4.44,0.01
2022,41,SGE014,3.0,2022-10-11,2022-10-10,71.14,87.0,55.0,27.73,4.26,0.0
2022,42,SGE014,1.0,2022-10-19,2022-10-17,64.29,85.0,39.0,33.49,6.11,0.34
2022,44,SGE014,1.0,2022-11-01,2022-10-31,51.43,74.0,32.0,42.74,6.04,0.02
2022,45,SGE014,5.0,2022-11-08,2022-11-07,49.14,72.0,31.0,50.81,8.54,0.3
2022,46,SGE014,0.0,2022-11-15,2022-11-14,41.71,54.0,27.0,41.95,5.77,0.0
2022,48,SGE014,0.0,2022-12-01,2022-11-28,45.29,62.0,25.0,46.38,3.03,0.01
2023,4,SGE014,0.0,2023-01-25,2023-01-23,39.29,55.0,27.0,54.32,5.01,0.0
2023,5,SGE014,0.0,2023-02-03,2023-01-30,39.14,62.0,19.0,57.29,3.54,0.15
2023,10,SGE014,0.0,2023-03-08,2023-03-06,50.0,65.0,31.0,57.95,5.07,0.15
2023,13,SGE014,1.0,2023-03-29,2023-03-27,49.57,69.0,30.0,47.78,6.46,0.13
2023,14,SGE014,1.0,2023-04-07,2023-04-03,50.29,80.0,26.0,38.61,6.76,0.02
2023,15,SGE014,3.0,2023-04-11,2023-04-10,64.14,90.0,43.0,27.49,6.81,0.02
2023,16,SGE014,0.0,2023-04-18,2023-04-17,61.14,83.0,38.0,24.14,9.09,0.0
2023,17,SGE014,3.0,2023-04-24,2023-04-24,68.86,92.0,51.0,23.36,6.47,0.01
2023,18,SGE014,5.0,2023-05-02,2023-05-01,65.57,89.0,48.0,27.54,9.24,0.02
2023,19,SGE014,0.0,2023-05-09,2023-05-08,69.71,88.0,48.0,23.51,8.79,0.01
2023,20,SGE014,21.0,2023-05-16,2023-05-15,76.17,91.0,57.0,36.7,7.22,0.17
2023,21,SGE014,24.0,2023-05-23,2023-05-22,76.29,93.0,57.0,22.04,7.76,0.02
2023,22,SGE014,29.0,2023-05-31,2023-05-29,75.71,94.0,57.0,21.94,7.03,0.02
2023,23,SGE014,7.0,2023-06-06,2023-06-05,77.16,97.0,61.0,18.28,8.09,0.01
2023,24,SGE014,5.0,2023-06-13,2023-06-12,75.71,98.0,57.0,37.66,7.94,0.09
2023,25,SGE014,26.0,2023-06-21,2023-06-19,78.43,97.0,57.0,11.78,9.56,0.0
2023,26,SGE014,42.0,2023-06-27,2023-06-26,83.29,107.0,64.0,13.59,6.69,0.0
2023,27,SGE014,83.0,2023-07-04,2023-07-03,87.14,109.0,67.0,9.62,7.04,0.0
2023,28,SGE014,78.0,2023-07-11,2023-07-10,92.29,114.0,73.0,16.33,6.26,0.0
2023,29,SGE014,21.0,2023-07-18,2023-07-17,95.14,112.0,77.0,19.31,8.4,0.0
2023,30,SGE014,44.0,2023-07-26,2023-07-24,92.29,109.0,74.0,24.69,9.04,0.02
2023,31,SGE014,7.0,2023-08-01,2023-07-31,83.14,103.0,67.0,38.68,5.63,0.47
2023,32,SGE014,32.0,2023-08-08,2023-08-07,83.57,103.0,65.0,31.35,7.11,0.2
2023,33,SGE014,63.0,2023-08-15,2023-08-14,82.57,101.0,65.0,50.17,6.24,0.21
2023,35,SGE014,36.0,2023-08-29,2023-08-28,81.46,106.0,65.0,50.86,6.43,2.76
2023,36,SGE014,26.0,2023-09-06,2023-09-04,77.24,98.0,62.0,44.32,4.47,0.02
2023,37,SGE014,104.0,2023-09-12,2023-09-11,76.86,94.0,61.0,45.56,3.95,0.04
2023,38,SGE014,63.0,2023-09-19,2023-09-18,72.14,92.0,53.0,37.06,5.07,0.05
2023,39,SGE014,42.0,2023-09-26,2023-09-25,71.43,91.0,52.0,33.39,6.0,0.04
2023,40,SGE014,23.0,2023-10-03,2023-10-02,68.07,89.0,48.0,41.49,4.69,0.19
2023,41,SGE014,23.0,2023-10-10,2023-10-09,66.29,88.0,46.0,30.17,5.31,0.0
2023,42,SGE014,11.0,2023-10-17,2023-10-16,70.86,89.0,50.0,26.1,3.17,0.0
2023,43,SGE014,4.0,2023-10-24,2023-10-23,59.86,78.0,41.0,34.92,7.0,0.0
2023,44,SGE014,0.0,2023-10-31,2023-10-30,53.71,74.0,34.0,20.44,2.64,0.0
2023,45,SGE014,1.0,2023-11-07,2023-11-06,52.71,78.0,32.0,30.33,5.2,0.01
2023,46,SGE014,2.0,2023-11-14,2023-11-13,56.0,73.0,36.0,57.82,3.94,0.3
2023,48,SGE014,0.0,2023-11-29,2023-11-27,43.71,58.0,25.0,47.76,3.01,0.02
2024,10,SGE014,2.0,2024-03-07,2024-03-04,51.14,66.0,35.0,40.28,5.99,0.01
2024,11,SGE014,0.0,2024-03-12,2024-03-11,51.43,67.0,38.0,50.99,7.97,0.25
2024,12,SGE014,2.0,2024-03-19,2024-03-18,57.29,76.0,39.0,44.37,7.51,0.14
2024,13,SGE014,0.0,2024-03-26,2024-03-25,53.0,72.0,35.0,45.25,7.31,0.69
2024,14,SGE014,6.0,2024-04-03,2024-04-01,54.14,77.0,34.0,41.14,8.71,0.01
2024,15,SGE014,0.0,2024-04-09,2024-04-08,62.29,86.0,41.0,24.65,8.41,0.0
2024,16,SGE014,5.0,2024-04-17,2024-04-15,66.86,88.0,45.0,26.3,5.48,0.0
2024,17,SGE014,7.0,2024-04-23,2024-04-22,66.29,89.0,47.0,31.77,8.99,0.02
2024,18,SGE014,11.0,2024-05-01,2024-04-29,66.86,86.0,46.0,22.07,8.71,0.01
2024,19,SGE014,3.0,2024-05-07,2024-05-06,63.0,88.0,39.0,27.17,9.03,0.01
2024,20,SGE014,22.0,2024-05-14,2024-05-13,77.14,94.0,57.0,18.19,8.07,0.0
2024,21,SGE014,38.0,2024-05-21,2024-05-20,73.14,89.0,52.0,17.04,10.24,0.0
2024,22,SGE014,16.0,2024-05-29,2024-05-27,80.86,98.0,61.0,13.38,7.24,0.0
2024,23,SGE014,4.0,2024-06-04,2024-06-03,87.71,108.0,69.0,15.77,7.36,0.0
2024,24,SGE014,30.0,2024-06-11,2024-06-10,87.06,105.0,68.0,11.63,7.06,0.0
2024,25,SGE014,49.0,2024-06-18,2024-06-17,84.86,106.0,63.0,14.44,8.46,0.0
2024,26,SGE014,27.0,2024-06-25,2024-06-24,93.29,108.0,76.0,20.9,10.33,0.0
2024,27,SGE014,21.0,2024-07-02,2024-07-01,91.14,112.0,73.0,9.89,8.01,0.0
2024,28,SGE014,24.0,2024-07-09,2024-07-08,93.9,114.0,75.0,13.82,6.95,0.02
2024,29,SGE014,1.0,2024-07-16,2024-07-15,92.97,108.0,76.0,25.97,8.11,0.11
2024,30,SGE014,0.0,2024-07-23,2024-07-22,92.29,108.0,70.0,23.47,8.79,0.09
2024,31,SGE014,4.0,2024-07-30,2024-07-29,89.29,106.0,69.0,19.72,6.89,0.01
2024,32,SGE014,5.0,2024-08-06,2024-08-05,92.57,109.0,79.0,29.7,9.17,0.03
2024,33,SGE014,5.0,2024-08-13,2024-08-12,87.86,103.0,71.0,30.48,8.99,1.23
2024,34,SGE014,1.0,2024-08-20,2024-08-19,84.71,104.0,68.0,33.33,11.16,0.11
2024,35,SGE014,4.0,2024-08-27,2024-08-26,83.35,102.0,61.0,20.93,5.56,0.01
2024,36,SGE014,9.0,2024-09-03,2024-09-02,87.3,103.0,70.0,19.12,6.56,0.01
2024,37,SGE014,11.0,2024-09-10,2024-09-09,82.19,100.0,61.0,19.17,8.0,0.0
2024,38,SGE014,7.0,2024-09-17,2024-09-16,73.71,91.0,55.0,24.7,7.77,0.02
2024,39,SGE014,14.0,2024-09-24,2024-09-23,82.0,102.0,62.0,16.39,4.43,0.0
2024,40,SGE014,6.0,2024-10-01,2024-09-30,82.0,101.0,62.0,15.02,3.97,0.0
2024,41,SGE014,21.0,2024-10-08,2024-10-07,77.84,96.0,59.0,16.75,4.12,0.0
2024,42,SGE014,10.0,2024-10-16,2024-10-14,67.63,89.0,48.0,35.66,8.2,0.31
2024,43,SGE014,3.0,2024-10-22,2024-10-21,64.43,82.0,48.0,34.79,2.73,0.0
2025,18,SGE014,5.0,2025-04-30,2025-04-28,67.29,86.0,48.0,30.31,7.6,0.1
2025,20,SGE014,14.0,2025-05-14,2025-05-12,68.43,92.0,51.0,24.01,11.31,0.04
2025,21,SGE014,2.0,2025-05-20,2025-05-19,76.29,97.0,54.0,14.39,7.89,0.0
2025,22,SGE014,4.0,2025-05-28,2025-05-26,83.71,104.0,62.0,13.95,6.5,0.0
2025,23,SGE014,3.0,2025-06-03,2025-06-02,78.84,101.0,59.0,39.72,7.61,1.74
2025,24,SGE014,6.0,2025-06-10,2025-06-09,88.43,105.0,71.0,13.16,8.49,0.0
2025,25,SGE014,12.0,2025-06-17,2025-06-16,86.43,107.0,62.0,8.95,11.21,0.0
2025,26,SGE014,7.0,2025-06-24,2025-06-23,82.86,102.0,64.0,12.5,6.21,0.0
2025,27,SGE014,9.0,2025-07-01,2025-06-30,88.18,106.0,69.0,19.18,9.14,0.01
2025,28,SGE014,6.0,2025-07-08,2025-07-07,91.55,108.0,70.0,13.12,6.7,0.0
2025,29,SGE014,5.0,2025-07-15,2025-07-14,89.86,109.0,73.0,24.03,8.79,0.0
2025,31,SGE014,1.0,2025-07-29,2025-07-28,87.29,104.0,68.0,10.27,7.41,0.0
2025,32,SGE014,1.0,2025-08-05,2025-08-04,90.86,108.0,74.0,10.49,8.59,0.0
2025,33,SGE014,3.0,2025-08-12,2025-08-11,89.0,108.0,70.0,20.38,8.13,0.23
2025,34,SGE014,84.0,2025-08-19,2025-08-18,90.28,107.0,70.0,21.51,6.22,0.02
2025,35,SGE014,12.0,2025-08-26,2025-08-25,78.8,80.0,77.0,47.6,4.8,0.0
2019,20,SGE015,20.0,2019-05-14,2019-05-13,66.43,89.0,44.0,37.1,8.59,0.05
2019,22,SGE015,20.0,2019-05-30,2019-05-27,68.09,91.0,49.0,40.99,6.13,0.14
2019,23,SGE015,30.0,2019-06-04,2019-06-03,79.1,98.0,60.0,22.42,8.93,0.0
2019,24,SGE015,44.0,2019-06-12,2019-06-10,82.74,103.0,61.0,19.82,6.11,0.03
2019,25,SGE015,34.0,2019-06-18,2019-06-17,79.49,99.0,57.0,24.11,8.11,0.01
2019,26,SGE015,49.0,2019-06-25,2019-06-24,83.11,100.0,63.0,15.7,8.24,0.01
2019,27,SGE015,30.0,2019-07-02,2019-07-01,84.14,101.0,66.0,14.45,7.61,0.0
2019,28,SGE015,96.0,2019-07-09,2019-07-08,87.71,106.0,68.0,18.12,7.13,0.01
2019,29,SGE015,28.0,2019-07-16,2019-07-15,88.14,107.0,70.0,14.48,7.39,0.0
2019,30,SGE015,82.0,2019-07-24,2019-07-22,89.64,106.0,70.0,29.3,6.67,0.02
2019,31,SGE015,36.0,2019-07-31,2019-07-29,89.44,107.0,69.0,29.18,6.86,0.03
2019,32,SGE015,40.0,2019-08-07,2019-08-05,88.64,107.0,74.0,29.96,9.1,0.0
2019,33,SGE015,5.0,2019-08-14,2019-08-12,88.17,105.0,69.0,12.19,5.71,0.0
2019,34,SGE015,29.0,2019-08-21,2019-08-19,85.43,104.0,68.0,15.05,5.87,0.0
2019,35,SGE015,44.0,2019-08-27,2019-08-26,87.43,105.0,68.0,21.23,5.8,0.01
2019,36,SGE015,6.0,2019-09-04,2019-09-02,87.71,103.0,72.0,26.15,7.17,0.01
2019,37,SGE015,40.0,2019-09-10,2019-09-09,78.29,98.0,60.0,19.35,7.39,0.0
2019,38,SGE015,47.0,2019-09-17,2019-09-16,74.0,94.0,52.0,18.87,9.07,0.0
2019,39,SGE015,47.0,2019-09-24,2019-09-23,73.57,92.0,55.0,31.41,8.87,0.01
2019,40,SGE015,9.0,2019-10-01,2019-09-30,63.71,85.0,43.0,16.92,5.23,0.0
2019,41,SGE015,5.0,2019-10-08,2019-10-07,60.86,86.0,35.0,13.51,5.99,0.0
2019,42,SGE015,4.0,2019-10-17,2019-10-14,62.24,84.0,42.0,21.21,5.13,0.0
2020,17,SGE015,4.0,2020-04-21,2020-04-20,66.0,86.0,47.0,42.3,5.31,0.21
2020,18,SGE015,0.0,2020-04-28,2020-04-27,74.57,94.0,54.0,23.42,6.04,0.0
2020,19,SGE015,5.0,2020-05-05,2020-05-04,73.86,93.0,52.0,17.28,6.43,0.01
2020,20,SGE015,3.0,2020-05-12,2020-05-11,73.57,93.0,56.0,23.1,9.91,0.0
2020,21,SGE015,6.0,2020-05-19,2020-05-18,67.71,91.0,48.0,21.27,11.93,0.0
2020,22,SGE015,13.0,2020-05-27,2020-05-25,82.57,104.0,56.0,16.38,7.0,0.0
2020,23,SGE015,10.0,2020-06-02,2020-06-01,82.0,103.0,61.0,17.6,9.17,0.01
2020,25,SGE015,10.0,2020-06-16,2020-06-15,81.29,101.0,63.0,14.2,9.71,0.0
2020,26,SGE015,41.0,2020-06-23,2020-06-22,88.57,105.0,69.0,14.3,9.31,0.0
2020,27,SGE015,9.0,2020-06-30,2020-06-29,81.86,103.0,55.0,17.66,8.37,0.0
2020,28,SGE015,8.0,2020-07-07,2020-07-06,89.14,109.0,67.0,11.29,7.21,0.0
2020,29,SGE015,10.0,2020-07-14,2020-07-13,91.29,109.0,72.0,14.58,7.94,0.0
2020,30,SGE015,4.0,2020-07-21,2020-07-20,88.71,106.0,72.0,23.53,9.24,0.0
2020,31,SGE015,24.0,2020-07-28,2020-07-27,91.2,110.0,69.0,14.51,6.36,0.01
2020,32,SGE015,6.0,2020-08-04,2020-08-03,86.29,104.0,66.0,11.15,7.09,0.0
2020,33,SGE015,33.0,2020-08-11,2020-08-10,87.86,111.0,66.0,13.36,5.31,0.0
2020,34,SGE015,66.0,2020-08-18,2020-08-17,92.43,111.0,70.0,21.14,6.49,0.04
2020,35,SGE015,22.0,2020-08-25,2020-08-24,88.14,105.0,68.0,24.84,6.4,0.0
2020,36,SGE015,33.0,2020-09-01,2020-08-31,86.29,110.0,66.0,13.93,6.01,0.0
2020,37,SGE015,41.0,2020-09-08,2020-09-07,74.57,103.0,54.0,18.03,8.51,0.0
2020,38,SGE015,77.0,2020-09-15,2020-09-14,82.14,100.0,63.0,14.82,5.53,0.0
2020,39,SGE015,81.0,2020-09-22,2020-09-21,79.57,97.0,59.0,20.6,6.17,0.02
2020,40,SGE015,148.0,2020-09-29,2020-09-28,76.0,96.0,55.0,11.26,4.74,0.0
2020,41,SGE015,30.0,2020-10-06,2020-10-05,73.43,94.0,55.0,16.64,4.5,0.0
2020,42,SGE015,12.0,2020-10-13,2020-10-12,69.57,91.0,49.0,17.43,4.46,0.0
2020,43,SGE015,9.0,2020-10-20,2020-10-19,64.33,88.0,41.0,24.37,4.75,0.0
2020,44,SGE015,1.0,2020-10-29,2020-10-26,55.14,78.0,32.0,20.33,6.01,0.0
2020,45,SGE015,8.0,2020-11-05,2020-11-02,61.14,85.0,37.0,38.65,6.41,0.18
2021,20,SGE015,0.0,2021-05-11,2021-05-10,73.86,93.0,53.0,13.04,8.36,0.0
2021,21,SGE015,0.0,2021-05-19,2021-05-17,68.86,94.0,46.0,18.96,11.83,0.01
2021,22,SGE015,1.0,2021-05-25,2021-05-24,75.71,95.0,52.0,12.2,6.24,0.0
2021,23,SGE015,0.0,2021-06-02,2021-05-31,85.43,105.0,62.0,11.61,7.33,0.0
2021,24,SGE015,2.0,2021-06-08,2021-06-07,80.57,105.0,58.0,10.22,9.06,0.0
2021,25,SGE015,2.0,2021-06-15,2021-06-14,93.57,112.0,74.0,10.62,6.11,0.0
2021,26,SGE015,1.0,2021-06-22,2021-06-21,87.43,106.0,68.0,18.49,9.26,0.01
2021,27,SGE015,7.0,2021-06-29,2021-06-28,87.86,105.0,72.0,22.67,8.24,0.01
2021,28,SGE015,11.0,2021-07-07,2021-07-05,97.0,114.0,77.0,14.18,6.67,0.0
2021,29,SGE015,1.0,2021-07-13,2021-07-12,87.71,109.0,69.0,42.67,8.01,0.01
2021,30,SGE015,10.0,2021-07-20,2021-07-19,87.43,103.0,72.0,48.8,6.99,0.0
2021,31,SGE015,7.0,2021-07-28,2021-07-26,84.43,102.0,70.0,50.97,6.57,0.0
2021,32,SGE015,83.0,2021-08-03,2021-08-02,89.71,109.0,67.0,20.41,6.91,0.0
2021,33,SGE015,38.0,2021-08-10,2021-08-09,89.14,105.0,71.0,30.35,7.0,0.0
2021,34,SGE015,24.0,2021-08-17,2021-08-16,83.57,104.0,63.0,33.14,9.8,0.0
2021,35,SGE015,45.0,2021-08-24,2021-08-23,85.0,105.0,64.0,16.53,5.1,0.0
2021,36,SGE015,70.0,2021-08-25,2021-08-23,85.0,105.0,64.0,16.53,5.1,0.0
2021,37,SGE015,0.0,2021-09-08,2021-09-06,87.43,105.0,70.0,23.57,5.31,0.0
2021,38,SGE015,119.0,2021-09-14,2021-09-13,79.71,100.0,60.0,26.2,5.8,0.01
2021,39,SGE015,85.0,2021-09-21,2021-09-20,76.43,94.0,56.0,21.3,5.19,0.0
2021,40,SGE015,61.0,2021-09-28,2021-09-27,71.0,90.0,50.0,29.84,5.99,0.0
2021,41,SGE015,60.0,2021-10-05,2021-10-04,67.0,88.0,49.0,56.54,5.14,0.01
2021,43,SGE015,4.0,2021-10-20,2021-10-18,58.86,78.0,38.0,41.72,4.79,0.0
2021,45,SGE015,3.0,2021-11-03,2021-11-01,61.0,79.0,43.0,42.68,3.16,0.0
2021,46,SGE015,2.0,2021-11-09,2021-11-08,57.48,73.0,41.0,43.24,2.69,0.0
2021,47,SGE015,1.0,2021-11-16,2021-11-15,53.71,71.0,34.0,36.68,3.89,0.0
2021,48,SGE015,0.0,2021-11-23,2021-11-22,47.57,65.0,29.0,31.8,4.29,0.0
2021,49,SGE015,1.0,2021-11-30,2021-11-29,49.57,69.0,31.0,37.95,1.61,0.0
2021,50,SGE015,0.0,2021-12-07,2021-12-06,44.0,59.0,25.0,57.5,4.19,0.04
2022,19,SGE015,0.0,2022-05-11,2022-05-09,66.57,98.0,48.0,14.1,7.17,0.0
2022,21,SGE015,1.0,2022-05-24,2022-05-23,77.71,100.0,55.0,13.06,9.49,0.0
2022,22,SGE015,3.0,2022-05-31,2022-05-30,75.14,96.0,52.0,15.4,8.04,0.0
2022,23,SGE015,1.0,2022-06-07,2022-06-06,87.86,106.0,69.0,14.97,8.09,0.0
2022,24,SGE015,0.0,2022-06-14,2022-06-13,81.43,106.0,62.0,11.75,11.51,0.0
2022,25,SGE015,7.0,2022-06-21,2022-06-20,83.14,103.0,57.0,17.12,7.33,0.01
2022,26,SGE015,2.0,2022-06-28,2022-06-27,90.29,104.0,75.0,20.08,10.89,0.01
2022,27,SGE015,1.0,2022-07-06,2022-07-04,87.86,106.0,70.0,13.85,8.8,0.0
2022,28,SGE015,4.0,2022-07-12,2022-07-11,93.71,108.0,77.0,24.37,8.04,0.02
2022,29,SGE015,1.0,2022-07-19,2022-07-18,93.57,110.0,79.0,23.5,8.01,0.03
2022,31,SGE015,2.0,2022-08-02,2022-08-01,87.29,102.0,73.0,42.64,6.47,0.08
2022,32,SGE015,18.0,2022-08-09,2022-08-08,85.43,104.0,73.0,46.98,6.6,0.15
2022,33,SGE015,16.0,2022-08-16,2022-08-15,84.43,99.0,71.0,49.42,6.64,0.04
2022,34,SGE015,28.0,2022-08-23,2022-08-22,85.86,103.0,69.0,37.01,5.5,0.47
2022,35,SGE015,27.0,2022-08-30,2022-08-29,90.71,108.0,71.0,22.05,4.3,0.0
2022,36,SGE015,63.0,2022-09-07,2022-09-05,87.29,111.0,66.0,31.95,6.51,0.01
2022,38,SGE015,33.0,2022-09-20,2022-09-19,77.57,93.0,59.0,31.61,5.53,0.0
2022,39,SGE015,18.0,2022-09-27,2022-09-26,77.79,95.0,60.0,35.98,4.8,0.44
2023,20,SGE015,3.0,2023-05-16,2023-05-15,76.17,91.0,57.0,36.7,7.22,0.17
2023,21,SGE015,5.0,2023-05-23,2023-05-22,76.29,93.0,57.0,22.04,7.76,0.02
2023,22,SGE015,7.0,2023-05-31,2023-05-29,75.71,94.0,57.0,21.94,7.03,0.02
2023,23,SGE015,6.0,2023-06-06,2023-06-05,77.16,97.0,61.0,18.28,8.09,0.01
2023,24,SGE015,5.0,2023-06-13,2023-06-12,75.71,98.0,57.0,37.66,7.94,0.09
2023,25,SGE015,29.0,2023-06-21,2023-06-19,78.43,97.0,57.0,11.78,9.56,0.0
2023,26,SGE015,15.0,2023-06-27,2023-06-26,83.29,107.0,64.0,13.59,6.69,0.0
2023,27,SGE015,12.0,2023-07-04,2023-07-03,87.14,109.0,67.0,9.62,7.04,0.0
2023,28,SGE015,19.0,2023-07-11,2023-07-10,92.29,114.0,73.0,16.33,6.26,0.0
2023,29,SGE015,33.0,2023-07-18,2023-07-17,95.14,112.0,77.0,19.31,8.4,0.0
2023,30,SGE015,49.0,2023-07-26,2023-07-24,92.29,109.0,74.0,24.69,9.04,0.02
2023,31,SGE015,15.0,2023-08-01,2023-07-31,83.14,103.0,67.0,38.68,5.63,0.47
2023,32,SGE015,18.0,2023-08-08,2023-08-07,83.57,103.0,65.0,31.35,7.11,0.2
2023,33,SGE015,13.0,2023-08-15,2023-08-14,82.57,101.0,65.0,50.17,6.24,0.21
2023,35,SGE015,8.0,2023-08-29,2023-08-28,81.46,106.0,65.0,50.86,6.43,2.76
2023,36,SGE015,2.0,2023-09-06,2023-09-04,77.24,98.0,62.0,44.32,4.47,0.02
2023,37,SGE015,5.0,2023-09-12,2023-09-11,76.86,94.0,61.0,45.56,3.95,0.04
2023,38,SGE015,46.0,2023-09-19,2023-09-18,72.14,92.0,53.0,37.06,5.07,0.05
2023,39,SGE015,36.0,2023-09-26,2023-09-25,71.43,91.0,52.0,33.39,6.0,0.04
2024,23,SGE015,0.0,2024-06-04,2024-06-03,87.71,108.0,69.0,15.77,7.36,0.0
2024,24,SGE015,5.0,2024-06-11,2024-06-10,87.06,105.0,68.0,11.63,7.06,0.0
2024,26,SGE015,1.0,2024-06-25,2024-06-24,93.29,108.0,76.0,20.9,10.33,0.0
2024,27,SGE015,14.0,2024-07-02,2024-07-01,91.14,112.0,73.0,9.89,8.01,0.0
2024,28,SGE015,28.0,2024-07-09,2024-07-08,93.9,114.0,75.0,13.82,6.95,0.02
2024,29,SGE015,9.0,2024-07-16,2024-07-15,92.97,108.0,76.0,25.97,8.11,0.11
2024,30,SGE015,8.0,2024-07-23,2024-07-22,92.29,108.0,70.0,23.47,8.79,0.09
2024,31,SGE015,6.0,2024-07-30,2024-07-29,89.29,106.0,69.0,19.72,6.89,0.01
2024,32,SGE015,6.0,2024-08-06,2024-08-05,92.57,109.0,79.0,29.7,9.17,0.03
2024,33,SGE015,3.0,2024-08-13,2024-08-12,87.86,103.0,71.0,30.48,8.99,1.23
2024,34,SGE015,2.0,2024-08-20,2024-08-19,84.71,104.0,68.0,33.33,11.16,0.11
2024,35,SGE015,10.0,2024-08-27,2024-08-26,83.35,102.0,61.0,20.93,5.56,0.01
2024,37,SGE015,23.0,2024-09-10,2024-09-09,82.19,100.0,61.0,19.17,8.0,0.0
2024,38,SGE015,0.0,2024-09-17,2024-09-16,73.71,91.0,55.0,24.7,7.77,0.02
2024,39,SGE015,4.0,2024-09-24,2024-09-23,82.0,102.0,62.0,16.39,4.43,0.0
2024,40,SGE015,0.0,2024-10-01,2024-09-30,82.0,101.0,62.0,15.02,3.97,0.0
2025,18,SGE015,2.0,2025-04-30,2025-04-28,67.29,86.0,48.0,30.31,7.6,0.1
2025,20,SGE015,0.0,2025-05-14,2025-05-12,68.43,92.0,51.0,24.01,11.31,0.04
2025,21,SGE015,1.0,2025-05-20,2025-05-19,76.29,97.0,54.0,14.39,7.89,0.0
2025,23,SGE015,12.0,2025-06-03,2025-06-02,78.84,101.0,59.0,39.72,7.61,1.74
2025,24,SGE015,10.0,2025-06-10,2025-06-09,88.43,105.0,71.0,13.16,8.49,0.0
2025,25,SGE015,21.0,2025-06-17,2025-06-16,86.43,107.0,62.0,8.95,11.21,0.0
2025,26,SGE015,13.0,2025-06-24,2025-06-23,82.86,102.0,64.0,12.5,6.21,0.0
2025,27,SGE015,18.0,2025-07-01,2025-06-30,88.18,106.0,69.0,19.18,9.14,0.01
2025,28,SGE015,10.0,2025-07-08,2025-07-07,91.55,108.0,70.0,13.12,6.7,0.0
2025,29,SGE015,6.0,2025-07-15,2025-07-14,89.86,109.0,73.0,24.03,8.79,0.0
2025,30,SGE015,9.0,2025-07-22,2025-07-21,84.17,99.0,68.0,14.91,7.65,0.15
2025,31,SGE015,17.0,2025-07-29,2025-07-28,87.29,104.0,68.0,10.27,7.41,0.0
2025,32,SGE015,7.0,2025-08-05,2025-08-04,90.86,108.0,74.0,10.49,8.59,0.0
2025,33,SGE015,6.0,2025-08-12,2025-08-11,89.0,108.0,70.0,20.38,8.13,0.23
2025,34,SGE015,6.0,2025-08-19,2025-08-18,90.28,107.0,70.0,21.51,6.22,0.02
2025,35,SGE015,13.0,2025-08-26,2025-08-25,78.8,80.0,77.0,47.6,4.8,0.0
2019,29,SGE016,79.0,2019-07-16,2019-07-15,88.14,107.0,70.0,14.48,7.39,0.0
2019,30,SGE016,0.0,2019-07-24,2019-07-22,89.64,106.0,70.0,29.3,6.67,0.02
2019,31,SGE016,53.0,2019-07-31,2019-07-29,89.44,107.0,69.0,29.18,6.86,0.03
2019,32,SGE016,0.0,2019-08-07,2019-08-05,88.64,107.0,74.0,29.96,9.1,0.0
2019,33,SGE016,33.0,2019-08-14,2019-08-12,88.17,105.0,69.0,12.19,5.71,0.0
2019,34,SGE016,9.0,2019-08-21,2019-08-19,85.43,104.0,68.0,15.05,5.87,0.0
2019,35,SGE016,26.0,2019-08-27,2019-08-26,87.43,105.0,68.0,21.23,5.8,0.01
2019,36,SGE016,125.0,2019-09-04,2019-09-02,87.71,103.0,72.0,26.15,7.17,0.01
2019,37,SGE016,25.0,2019-09-10,2019-09-09,78.29,98.0,60.0,19.35,7.39,0.0
2019,38,SGE016,33.0,2019-09-17,2019-09-16,74.0,94.0,52.0,18.87,9.07,0.0
2019,39,SGE016,6.0,2019-09-24,2019-09-23,73.57,92.0,55.0,31.41,8.87,0.01
2019,40,SGE016,9.0,2019-10-01,2019-09-30,63.71,85.0,43.0,16.92,5.23,0.0
2019,41,SGE016,0.0,2019-10-08,2019-10-07,60.86,86.0,35.0,13.51,5.99,0.0
2019,42,SGE016,2.0,2019-10-17,2019-10-14,62.24,84.0,42.0,21.21,5.13,0.0
2020,17,SGE016,1.0,2020-04-21,2020-04-20,66.0,86.0,47.0,42.3,5.31,0.21
2020,18,SGE016,1.0,2020-04-28,2020-04-27,74.57,94.0,54.0,23.42,6.04,0.0
2020,19,SGE016,0.0,2020-05-05,2020-05-04,73.86,93.0,52.0,17.28,6.43,0.01
2020,20,SGE016,0.0,2020-05-12,2020-05-11,73.57,93.0,56.0,23.1,9.91,0.0
2020,21,SGE016,2.0,2020-05-19,2020-05-18,67.71,91.0,48.0,21.27,11.93,0.0
2020,22,SGE016,3.0,2020-05-27,2020-05-25,82.57,104.0,56.0,16.38,7.0,0.0
2020,25,SGE016,11.0,2020-06-16,2020-06-15,81.29,101.0,63.0,14.2,9.71,0.0
2020,26,SGE016,65.0,2020-06-23,2020-06-22,88.57,105.0,69.0,14.3,9.31,0.0
2020,27,SGE016,18.0,2020-06-30,2020-06-29,81.86,103.0,55.0,17.66,8.37,0.0
2020,28,SGE016,11.0,2020-07-07,2020-07-06,89.14,109.0,67.0,11.29,7.21,0.0
2020,29,SGE016,5.0,2020-07-14,2020-07-13,91.29,109.0,72.0,14.58,7.94,0.0
2020,30,SGE016,133.0,2020-07-21,2020-07-20,88.71,106.0,72.0,23.53,9.24,0.0
2020,31,SGE016,100.0,2020-07-28,2020-07-27,91.2,110.0,69.0,14.51,6.36,0.01
2020,32,SGE016,39.0,2020-08-04,2020-08-03,86.29,104.0,66.0,11.15,7.09,0.0
2020,33,SGE016,45.0,2020-08-11,2020-08-10,87.86,111.0,66.0,13.36,5.31,0.0
2020,34,SGE016,35.0,2020-08-18,2020-08-17,92.43,111.0,70.0,21.14,6.49,0.04
2020,35,SGE016,8.0,2020-08-25,2020-08-24,88.14,105.0,68.0,24.84,6.4,0.0
2020,36,SGE016,43.0,2020-09-01,2020-08-31,86.29,110.0,66.0,13.93,6.01,0.0
2020,37,SGE016,27.0,2020-09-08,2020-09-07,74.57,103.0,54.0,18.03,8.51,0.0
2020,38,SGE016,40.0,2020-09-15,2020-09-14,82.14,100.0,63.0,14.82,5.53,0.0
2020,39,SGE016,26.0,2020-09-22,2020-09-21,79.57,97.0,59.0,20.6,6.17,0.02
2020,40,SGE016,21.0,2020-09-29,2020-09-28,76.0,96.0,55.0,11.26,4.74,0.0
2020,41,SGE016,3.0,2020-10-06,2020-10-05,73.43,94.0,55.0,16.64,4.5,0.0
2020,42,SGE016,7.0,2020-10-13,2020-10-12,69.57,91.0,49.0,17.43,4.46,0.0
2020,43,SGE016,6.0,2020-10-20,2020-10-19,64.33,88.0,41.0,24.37,4.75,0.0
2020,44,SGE016,0.0,2020-10-29,2020-10-26,55.14,78.0,32.0,20.33,6.01,0.0
2020,45,SGE016,3.0,2020-11-05,2020-11-02,61.14,85.0,37.0,38.65,6.41,0.18
2021,20,SGE016,1.0,2021-05-11,2021-05-10,73.86,93.0,53.0,13.04,8.36,0.0
2021,21,SGE016,5.0,2021-05-19,2021-05-17,68.86,94.0,46.0,18.96,11.83,0.01
2021,22,SGE016,1.0,2021-05-25,2021-05-24,75.71,95.0,52.0,12.2,6.24,0.0
2021,23,SGE016,2.0,2021-06-02,2021-05-31,85.43,105.0,62.0,11.61,7.33,0.0
2021,24,SGE016,1.0,2021-06-08,2021-06-07,80.57,105.0,58.0,10.22,9.06,0.0
2021,25,SGE016,6.0,2021-06-15,2021-06-14,93.57,112.0,74.0,10.62,6.11,0.0
2021,26,SGE016,2.0,2021-06-22,2021-06-21,87.43,106.0,68.0,18.49,9.26,0.01
2021,27,SGE016,7.0,2021-07-01,2021-06-28,87.86,105.0,72.0,22.67,8.24,0.01
2021,28,SGE016,27.0,2021-07-07,2021-07-05,97.0,114.0,77.0,14.18,6.67,0.0
2021,29,SGE016,15.0,2021-07-13,2021-07-12,87.71,109.0,69.0,42.67,8.01,0.01
2021,30,SGE016,22.0,2021-07-20,2021-07-19,87.43,103.0,72.0,48.8,6.99,0.0
2021,31,SGE016,9.0,2021-07-28,2021-07-26,84.43,102.0,70.0,50.97,6.57,0.0
2021,32,SGE016,37.0,2021-08-03,2021-08-02,89.71,109.0,67.0,20.41,6.91,0.0
2021,33,SGE016,56.0,2021-08-10,2021-08-09,89.14,105.0,71.0,30.35,7.0,0.0
2021,34,SGE016,5.0,2021-08-17,2021-08-16,83.57,104.0,63.0,33.14,9.8,0.0
2021,35,SGE016,22.0,2021-08-24,2021-08-23,85.0,105.0,64.0,16.53,5.1,0.0
2021,36,SGE016,81.0,2021-08-31,2021-08-30,82.65,103.0,66.0,39.27,5.46,0.0
2021,37,SGE016,0.0,2021-09-08,2021-09-06,87.43,105.0,70.0,23.57,5.31,0.0
2021,38,SGE016,24.0,2021-09-14,2021-09-13,79.71,100.0,60.0,26.2,5.8,0.01
2021,39,SGE016,17.0,2021-09-21,2021-09-20,76.43,94.0,56.0,21.3,5.19,0.0
2021,40,SGE016,14.0,2021-09-28,2021-09-27,71.0,90.0,50.0,29.84,5.99,0.0
2021,41,SGE016,10.0,2021-10-05,2021-10-04,67.0,88.0,49.0,56.54,5.14,0.01
2022,18,SGE016,0.0,2022-05-03,2022-05-02,70.86,92.0,49.0,18.29,11.53,0.0
2022,19,SGE016,1.0,2022-05-11,2022-05-09,66.57,98.0,48.0,14.1,7.17,0.0
2022,21,SGE016,1.0,2022-05-24,2022-05-23,77.71,100.0,55.0,13.06,9.49,0.0
2022,22,SGE016,0.0,2022-05-31,2022-05-30,75.14,96.0,52.0,15.4,8.04,0.0
2022,23,SGE016,8.0,2022-06-07,2022-06-06,87.86,106.0,69.0,14.97,8.09,0.0
2022,24,SGE016,10.0,2022-06-14,2022-06-13,81.43,106.0,62.0,11.75,11.51,0.0
2022,25,SGE016,3.0,2022-06-21,2022-06-20,83.14,103.0,57.0,17.12,7.33,0.01
2022,26,SGE016,7.0,2022-06-28,2022-06-27,90.29,104.0,75.0,20.08,10.89,0.01
2022,28,SGE016,11.0,2022-07-12,2022-07-11,93.71,108.0,77.0,24.37,8.04,0.02
2022,29,SGE016,8.0,2022-07-19,2022-07-18,93.57,110.0,79.0,23.5,8.01,0.03
2022,31,SGE016,16.0,2022-08-02,2022-08-01,87.29,102.0,73.0,42.64,6.47,0.08
2022,32,SGE016,20.0,2022-08-09,2022-08-08,85.43,104.0,73.0,46.98,6.6,0.15
2022,33,SGE016,19.0,2022-08-16,2022-08-15,84.43,99.0,71.0,49.42,6.64,0.04
2022,34,SGE016,4.0,2022-08-23,2022-08-22,85.86,103.0,69.0,37.01,5.5,0.47
2022,35,SGE016,32.0,2022-08-30,2022-08-29,90.71,108.0,71.0,22.05,4.3,0.0
2022,36,SGE016,39.0,2022-09-07,2022-09-05,87.29,111.0,66.0,31.95,6.51,0.01
2022,37,SGE016,22.0,2022-09-13,2022-09-12,75.14,92.0,61.0,56.31,6.79,1.08
2022,38,SGE016,13.0,2022-09-20,2022-09-19,77.57,93.0,59.0,31.61,5.53,0.0
2022,39,SGE016,23.0,2022-09-27,2022-09-26,77.79,95.0,60.0,35.98,4.8,0.44
2022,40,SGE016,23.0,2022-10-04,2022-10-03,73.52,88.0,58.0,36.66,4.44,0.01
2022,41,SGE016,10.0,2022-10-11,2022-10-10,71.14,87.0,55.0,27.73,4.26,0.0
2023,20,SGE016,14.0,2023-05-16,2023-05-15,76.17,91.0,57.0,36.7,7.22,0.17
2023,21,SGE016,28.0,2023-05-23,2023-05-22,76.29,93.0,57.0,22.04,7.76,0.02
2023,22,SGE016,10.0,2023-05-31,2023-05-29,75.71,94.0,57.0,21.94,7.03,0.02
2023,23,SGE016,32.0,2023-06-06,2023-06-05,77.16,97.0,61.0,18.28,8.09,0.01
2023,24,SGE016,5.0,2023-06-13,2023-06-12,75.71,98.0,57.0,37.66,7.94,0.09
2023,25,SGE016,21.0,2023-06-21,2023-06-19,78.43,97.0,57.0,11.78,9.56,0.0
2023,26,SGE016,34.0,2023-06-27,2023-06-26,83.29,107.0,64.0,13.59,6.69,0.0
2023,27,SGE016,54.0,2023-07-04,2023-07-03,87.14,109.0,67.0,9.62,7.04,0.0
2023,28,SGE016,59.0,2023-07-11,2023-07-10,92.29,114.0,73.0,16.33,6.26,0.0
2023,29,SGE016,66.0,2023-07-18,2023-07-17,95.14,112.0,77.0,19.31,8.4,0.0
2023,30,SGE016,44.0,2023-07-26,2023-07-24,92.29,109.0,74.0,24.69,9.04,0.02
2023,31,SGE016,19.0,2023-08-01,2023-07-31,83.14,103.0,67.0,38.68,5.63,0.47
2023,32,SGE016,49.0,2023-08-08,2023-08-07,83.57,103.0,65.0,31.35,7.11,0.2
2023,33,SGE016,84.0,2023-08-15,2023-08-14,82.57,101.0,65.0,50.17,6.24,0.21
2023,35,SGE016,18.0,2023-08-29,2023-08-28,81.46,106.0,65.0,50.86,6.43,2.76
2023,36,SGE016,14.0,2023-09-06,2023-09-04,77.24,98.0,62.0,44.32,4.47,0.02
2023,37,SGE016,15.0,2023-09-12,2023-09-11,76.86,94.0,61.0,45.56,3.95,0.04
2023,38,SGE016,20.0,2023-09-19,2023-09-18,72.14,92.0,53.0,37.06,5.07,0.05
2023,39,SGE016,16.0,2023-09-26,2023-09-25,71.43,91.0,52.0,33.39,6.0,0.04
2024,23,SGE016,11.0,2024-06-04,2024-06-03,87.71,108.0,69.0,15.77,7.36,0.0
2024,24,SGE016,13.0,2024-06-11,2024-06-10,87.06,105.0,68.0,11.63,7.06,0.0
2024,25,SGE016,14.0,2024-06-18,2024-06-17,84.86,106.0,63.0,14.44,8.46,0.0
2024,26,SGE016,6.0,2024-06-25,2024-06-24,93.29,108.0,76.0,20.9,10.33,0.0
2024,27,SGE016,7.0,2024-07-02,2024-07-01,91.14,112.0,73.0,9.89,8.01,0.0
2024,28,SGE016,19.0,2024-07-09,2024-07-08,93.9,114.0,75.0,13.82,6.95,0.02
2024,29,SGE016,18.0,2024-07-16,2024-07-15,92.97,108.0,76.0,25.97,8.11,0.11
2024,30,SGE016,17.0,2024-07-23,2024-07-22,92.29,108.0,70.0,23.47,8.79,0.09
2024,31,SGE016,15.0,2024-07-30,2024-07-29,89.29,106.0,69.0,19.72,6.89,0.01
2024,32,SGE016,20.0,2024-08-06,2024-08-05,92.57,109.0,79.0,29.7,9.17,0.03
2024,33,SGE016,15.0,2024-08-13,2024-08-12,87.86,103.0,71.0,30.48,8.99,1.23
2024,34,SGE016,15.0,2024-08-20,2024-08-19,84.71,104.0,68.0,33.33,11.16,0.11
2024,35,SGE016,3.0,2024-08-27,2024-08-26,83.35,102.0,61.0,20.93,5.56,0.01
2024,36,SGE016,9.0,2024-09-03,2024-09-02,87.3,103.0,70.0,19.12,6.56,0.01
2024,37,SGE016,16.0,2024-09-10,2024-09-09,82.19,100.0,61.0,19.17,8.0,0.0
2024,38,SGE016,3.0,2024-09-17,2024-09-16,73.71,91.0,55.0,24.7,7.77,0.02
2024,39,SGE016,15.0,2024-09-24,2024-09-23,82.0,102.0,62.0,16.39,4.43,0.0
2024,40,SGE016,10.0,2024-10-01,2024-09-30,82.0,101.0,62.0,15.02,3.97,0.0
2024,41,SGE016,11.0,2024-10-08,2024-10-07,77.84,96.0,59.0,16.75,4.12,0.0
2024,42,SGE016,10.0,2024-10-16,2024-10-14,67.63,89.0,48.0,35.66,8.2,0.31
2024,43,SGE016,4.0,2024-10-22,2024-10-21,64.43,82.0,48.0,34.79,2.73,0.0
2025,18,SGE016,0.0,2025-04-30,2025-04-28,67.29,86.0,48.0,30.31,7.6,0.1
2025,20,SGE016,4.0,2025-05-14,2025-05-12,68.43,92.0,51.0,24.01,11.31,0.04
2025,21,SGE016,5.0,2025-05-20,2025-05-19,76.29,97.0,54.0,14.39,7.89,0.0
2025,22,SGE016,7.0,2025-05-28,2025-05-26,83.71,104.0,62.0,13.95,6.5,0.0
2025,23,SGE016,3.0,2025-06-03,2025-06-02,78.84,101.0,59.0,39.72,7.61,1.74
2025,24,SGE016,2.0,2025-06-10,2025-06-09,88.43,105.0,71.0,13.16,8.49,0.0
2025,25,SGE016,15.0,2025-06-17,2025-06-16,86.43,107.0,62.0,8.95,11.21,0.0
2025,26,SGE016,14.0,2025-06-24,2025-06-23,82.86,102.0,64.0,12.5,6.21,0.0
2025,27,SGE016,4.0,2025-07-01,2025-06-30,88.18,106.0,69.0,19.18,9.14,0.01
2025,28,SGE016,8.0,2025-07-08,2025-07-07,91.55,108.0,70.0,13.12,6.7,0.0
2025,29,SGE016,8.0,2025-07-15,2025-07-14,89.86,109.0,73.0,24.03,8.79,0.0
2025,31,SGE016,13.0,2025-07-29,2025-07-28,87.29,104.0,68.0,10.27,7.41,0.0
2025,32,SGE016,7.0,2025-08-05,2025-08-04,90.86,108.0,74.0,10.49,8.59,0.0
2025,33,SGE016,8.0,2025-08-12,2025-08-11,89.0,108.0,70.0,20.38,8.13,0.23
2025,34,SGE016,1.0,2025-08-19,2025-08-18,90.28,107.0,70.0,21.51,6.22,0.02
2019,37,SGE016-2,12.0,2019-09-10,2019-09-09,78.29,98.0,60.0,19.35,7.39,0.0
2019,38,SGE016-2,12.0,2019-09-17,2019-09-16,74.0,94.0,52.0,18.87,9.07,0.0
2019,39,SGE016-2,5.0,2019-09-24,2019-09-23,73.57,92.0,55.0,31.41,8.87,0.01
2019,40,SGE016-2,3.0,2019-10-01,2019-09-30,63.71,85.0,43.0,16.92,5.23,0.0
2020,29,SGE017,1.0,2020-07-14,2020-07-13,91.29,109.0,72.0,14.58,7.94,0.0
2020,37,SGE017,163.0,2020-09-08,2020-09-07,74.57,103.0,54.0,18.03,8.51,0.0
2020,38,SGE017,94.0,2020-09-15,2020-09-14,82.14,100.0,63.0,14.82,5.53,0.0
2020,39,SGE017,23.0,2020-09-22,2020-09-21,79.57,97.0,59.0,20.6,6.17,0.02
2020,40,SGE017,18.0,2020-09-29,2020-09-28,76.0,96.0,55.0,11.26,4.74,0.0
2020,41,SGE017,4.0,2020-10-06,2020-10-05,73.43,94.0,55.0,16.64,4.5,0.0
2020,42,SGE017,10.0,2020-10-13,2020-10-12,69.57,91.0,49.0,17.43,4.46,0.0
2020,43,SGE017,2.0,2020-10-20,2020-10-19,64.33,88.0,41.0,24.37,4.75,0.0
2020,44,SGE017,1.0,2020-10-29,2020-10-26,55.14,78.0,32.0,20.33,6.01,0.0
2020,45,SGE017,7.0,2020-11-05,2020-11-02,61.14,85.0,37.0,38.65,6.41,0.18
2020,47,SGE017,0.0,2020-11-17,2020-11-16,55.0,78.0,34.0,32.42,3.21,0.0
2021,15,SGE017,68.0,2021-04-06,2021-04-05,64.14,84.0,43.0,14.12,6.69,0.0
2021,16,SGE017,104.0,2021-04-13,2021-04-12,61.57,82.0,44.0,23.05,10.11,0.0
2021,17,SGE017,505.0,2021-04-20,2021-04-19,67.76,83.0,47.0,16.96,11.02,0.0
2021,18,SGE017,493.0,2021-04-29,2021-04-26,66.86,93.0,44.0,32.05,8.74,0.29
2021,19,SGE017,473.0,2021-05-04,2021-05-03,71.57,94.0,52.0,17.44,8.44,0.0
2021,20,SGE017,298.0,2021-05-11,2021-05-10,73.86,93.0,53.0,13.04,8.36,0.0
2021,21,SGE017,1516.0,2021-05-19,2021-05-17,68.86,94.0,46.0,18.96,11.83,0.01
2021,22,SGE017,404.0,2021-05-25,2021-05-24,75.71,95.0,52.0,12.2,6.24,0.0
2021,23,SGE017,781.0,2021-06-02,2021-05-31,85.43,105.0,62.0,11.61,7.33,0.0
2021,24,SGE017,202.0,2021-06-08,2021-06-07,80.57,105.0,58.0,10.22,9.06,0.0
2021,25,SGE017,550.0,2021-06-15,2021-06-14,93.57,112.0,74.0,10.62,6.11,0.0
2021,26,SGE017,507.0,2021-06-22,2021-06-21,87.43,106.0,68.0,18.49,9.26,0.01
2021,27,SGE017,70.0,2021-07-01,2021-06-28,87.86,105.0,72.0,22.67,8.24,0.01
2021,28,SGE017,62.0,2021-07-07,2021-07-05,97.0,114.0,77.0,14.18,6.67,0.0
2021,29,SGE017,216.0,2021-07-13,2021-07-12,87.71,109.0,69.0,42.67,8.01,0.01
2021,30,SGE017,710.0,2021-07-20,2021-07-19,87.43,103.0,72.0,48.8,6.99,0.0
2021,31,SGE017,318.0,2021-07-28,2021-07-26,84.43,102.0,70.0,50.97,6.57,0.0
2021,32,SGE017,434.0,2021-08-03,2021-08-02,89.71,109.0,67.0,20.41,6.91,0.0
2021,33,SGE017,25.0,2021-08-10,2021-08-09,89.14,105.0,71.0,30.35,7.0,0.0
2021,34,SGE017,27.0,2021-08-17,2021-08-16,83.57,104.0,63.0,33.14,9.8,0.0
2021,35,SGE017,60.0,2021-08-24,2021-08-23,85.0,105.0,64.0,16.53,5.1,0.0
2021,36,SGE017,230.0,2021-08-31,2021-08-30,82.65,103.0,66.0,39.27,5.46,0.0
2021,37,SGE017,18.0,2021-09-08,2021-09-06,87.43,105.0,70.0,23.57,5.31,0.0
2021,38,SGE017,161.0,2021-09-14,2021-09-13,79.71,100.0,60.0,26.2,5.8,0.01
2021,39,SGE017,63.0,2021-09-21,2021-09-20,76.43,94.0,56.0,21.3,5.19,0.0
2021,40,SGE017,59.0,2021-09-28,2021-09-27,71.0,90.0,50.0,29.84,5.99,0.0
2021,41,SGE017,112.0,2021-10-05,2021-10-04,67.0,88.0,49.0,56.54,5.14,0.01
2021,43,SGE017,2.0,2021-10-20,2021-10-18,58.86,78.0,38.0,41.72,4.79,0.0
2021,45,SGE017,37.0,2021-11-03,2021-11-01,61.0,79.0,43.0,42.68,3.16,0.0
2021,46,SGE017,59.0,2021-11-09,2021-11-08,57.48,73.0,41.0,43.24,2.69,0.0
2021,47,SGE017,47.0,2021-11-16,2021-11-15,53.71,71.0,34.0,36.68,3.89,0.0
2021,48,SGE017,5.0,2021-11-23,2021-11-22,47.57,65.0,29.0,31.8,4.29,0.0
2021,49,SGE017,1.0,2021-11-30,2021-11-29,49.57,69.0,31.0,37.95,1.61,0.0
2021,50,SGE017,3.0,2021-12-07,2021-12-06,44.0,59.0,25.0,57.5,4.19,0.04
2021,51,SGE017,13.0,2021-12-14,2021-12-13,38.86,58.0,24.0,65.95,4.23,0.09
2022,3,SGE017,3.0,2022-01-20,2022-01-17,43.29,57.0,28.0,52.01,5.63,0.02
2022,6,SGE017,9.0,2022-02-10,2022-02-07,51.14,72.0,30.0,28.81,5.1,0.0
2022,7,SGE017,11.0,2022-02-15,2022-02-14,48.71,68.0,29.0,30.09,5.57,0.0
2022,9,SGE017,17.0,2022-03-03,2022-02-28,51.86,76.0,30.0,35.76,5.89,0.02
2022,10,SGE017,32.0,2022-03-10,2022-03-07,45.0,67.0,24.0,32.32,6.76,0.01
2022,11,SGE017,215.0,2022-03-16,2022-03-14,55.71,73.0,39.0,29.83,6.0,0.02
2022,12,SGE017,142.0,2022-03-24,2022-03-21,61.0,87.0,40.0,21.16,7.83,0.0
2022,13,SGE017,157.0,2022-03-31,2022-03-28,61.29,80.0,40.0,38.76,6.71,0.01
2022,14,SGE017,71.0,2022-04-05,2022-04-04,63.86,86.0,42.0,16.87,8.36,0.0
2022,15,SGE017,10.0,2022-04-14,2022-04-11,57.43,83.0,33.0,17.82,9.59,0.02
2022,16,SGE017,53.0,2022-04-19,2022-04-18,63.86,88.0,38.0,26.41,10.21,0.09
2022,17,SGE017,30.0,2022-04-26,2022-04-25,67.86,86.0,42.0,14.43,8.16,0.0
2022,18,SGE017,76.0,2022-05-03,2022-05-02,70.86,92.0,49.0,18.29,11.53,0.0
2022,19,SGE017,41.0,2022-05-11,2022-05-09,66.57,98.0,48.0,14.1,7.17,0.0
2022,21,SGE017,97.0,2022-05-24,2022-05-23,77.71,100.0,55.0,13.06,9.49,0.0
2022,22,SGE017,246.0,2022-05-31,2022-05-30,75.14,96.0,52.0,15.4,8.04,0.0
2022,23,SGE017,107.0,2022-06-07,2022-06-06,87.86,106.0,69.0,14.97,8.09,0.0
2022,24,SGE017,15.0,2022-06-14,2022-06-13,81.43,106.0,62.0,11.75,11.51,0.0
2022,25,SGE017,79.0,2022-06-21,2022-06-20,83.14,103.0,57.0,17.12,7.33,0.01
2022,26,SGE017,276.0,2022-06-28,2022-06-27,90.29,104.0,75.0,20.08,10.89,0.01
2022,27,SGE017,661.0,2022-07-06,2022-07-04,87.86,106.0,70.0,13.85,8.8,0.0
2022,28,SGE017,62.0,2022-07-12,2022-07-11,93.71,108.0,77.0,24.37,8.04,0.02
2022,29,SGE017,508.0,2022-07-19,2022-07-18,93.57,110.0,79.0,23.5,8.01,0.03
2022,31,SGE017,2100.0,2022-08-02,2022-08-01,87.29,102.0,73.0,42.64,6.47,0.08
2022,32,SGE017,3.0,2022-08-09,2022-08-08,85.43,104.0,73.0,46.98,6.6,0.15
2022,33,SGE017,281.0,2022-08-16,2022-08-15,84.43,99.0,71.0,49.42,6.64,0.04
2022,34,SGE017,56.0,2022-08-23,2022-08-22,85.86,103.0,69.0,37.01,5.5,0.47
2022,35,SGE017,185.0,2022-08-30,2022-08-29,90.71,108.0,71.0,22.05,4.3,0.0
2022,36,SGE017,72.0,2022-09-07,2022-09-05,87.29,111.0,66.0,31.95,6.51,0.01
2022,37,SGE017,89.0,2022-09-13,2022-09-12,75.14,92.0,61.0,56.31,6.79,1.08
2022,38,SGE017,146.0,2022-09-20,2022-09-19,77.57,93.0,59.0,31.61,5.53,0.0
2022,39,SGE017,209.0,2022-09-27,2022-09-26,77.79,95.0,60.0,35.98,4.8,0.44
2022,40,SGE017,11.0,2022-10-04,2022-10-03,73.52,88.0,58.0,36.66,4.44,0.01
2022,41,SGE017,10.0,2022-10-11,2022-10-10,71.14,87.0,55.0,27.73,4.26,0.0
2022,42,SGE017,6.0,2022-10-19,2022-10-17,64.29,85.0,39.0,33.49,6.11,0.34
2022,44,SGE017,2.0,2022-11-01,2022-10-31,51.43,74.0,32.0,42.74,6.04,0.02
2022,45,SGE017,14.0,2022-11-08,2022-11-07,49.14,72.0,31.0,50.81,8.54,0.3
2022,46,SGE017,0.0,2022-11-15,2022-11-14,41.71,54.0,27.0,41.95,5.77,0.0
2022,48,SGE017,0.0,2022-12-01,2022-11-28,45.29,62.0,25.0,46.38,3.03,0.01
2023,4,SGE017,1.0,2023-01-25,2023-01-23,39.29,55.0,27.0,54.32,5.01,0.0
2023,5,SGE017,0.0,2023-02-03,2023-01-30,39.14,62.0,19.0,57.29,3.54,0.15
2023,10,SGE017,3.0,2023-03-08,2023-03-06,50.0,65.0,31.0,57.95,5.07,0.15
2023,13,SGE017,18.0,2023-03-29,2023-03-27,49.57,69.0,30.0,47.78,6.46,0.13
2023,14,SGE017,8.0,2023-04-07,2023-04-03,50.29,80.0,26.0,38.61,6.76,0.02
2023,15,SGE017,29.0,2023-04-11,2023-04-10,64.14,90.0,43.0,27.49,6.81,0.02
2023,16,SGE017,117.0,2023-04-18,2023-04-17,61.14,83.0,38.0,24.14,9.09,0.0
2023,17,SGE017,59.0,2023-04-24,2023-04-24,68.86,92.0,51.0,23.36,6.47,0.01
2023,18,SGE017,13.0,2023-05-02,2023-05-01,65.57,89.0,48.0,27.54,9.24,0.02
2023,19,SGE017,16.0,2023-05-09,2023-05-08,69.71,88.0,48.0,23.51,8.79,0.01
2023,20,SGE017,45.0,2023-05-16,2023-05-15,76.17,91.0,57.0,36.7,7.22,0.17
2023,21,SGE017,175.0,2023-05-23,2023-05-22,76.29,93.0,57.0,22.04,7.76,0.02
2023,22,SGE017,276.0,2023-05-31,2023-05-29,75.71,94.0,57.0,21.94,7.03,0.02
2023,23,SGE017,373.0,2023-06-06,2023-06-05,77.16,97.0,61.0,18.28,8.09,0.01
2023,24,SGE017,20.0,2023-06-13,2023-06-12,75.71,98.0,57.0,37.66,7.94,0.09
2023,25,SGE017,127.0,2023-06-21,2023-06-19,78.43,97.0,57.0,11.78,9.56,0.0
2023,26,SGE017,141.0,2023-06-27,2023-06-26,83.29,107.0,64.0,13.59,6.69,0.0
2023,27,SGE017,101.0,2023-07-04,2023-07-03,87.14,109.0,67.0,9.62,7.04,0.0
2023,28,SGE017,109.0,2023-07-11,2023-07-10,92.29,114.0,73.0,16.33,6.26,0.0
2023,29,SGE017,504.0,2023-07-18,2023-07-17,95.14,112.0,77.0,19.31,8.4,0.0
2023,30,SGE017,234.0,2023-07-26,2023-07-24,92.29,109.0,74.0,24.69,9.04,0.02
2023,31,SGE017,297.0,2023-08-01,2023-07-31,83.14,103.0,67.0,38.68,5.63,0.47
2023,32,SGE017,122.0,2023-08-08,2023-08-07,83.57,103.0,65.0,31.35,7.11,0.2
2023,33,SGE017,286.0,2023-08-15,2023-08-14,82.57,101.0,65.0,50.17,6.24,0.21
2023,34,SGE017,30.0,2023-08-22,2023-08-21,81.57,101.0,66.0,54.79,5.23,1.05
2023,35,SGE017,289.0,2023-08-29,2023-08-28,81.46,106.0,65.0,50.86,6.43,2.76
2023,36,SGE017,194.0,2023-09-06,2023-09-04,77.24,98.0,62.0,44.32,4.47,0.02
2023,37,SGE017,269.0,2023-09-12,2023-09-11,76.86,94.0,61.0,45.56,3.95,0.04
2023,38,SGE017,485.0,2023-09-19,2023-09-18,72.14,92.0,53.0,37.06,5.07,0.05
2023,39,SGE017,190.0,2023-09-26,2023-09-25,71.43,91.0,52.0,33.39,6.0,0.04
2023,40,SGE017,192.0,2023-10-03,2023-10-02,68.07,89.0,48.0,41.49,4.69,0.19
2023,41,SGE017,80.0,2023-10-10,2023-10-09,66.29,88.0,46.0,30.17,5.31,0.0
2023,42,SGE017,105.0,2023-10-17,2023-10-16,70.86,89.0,50.0,26.1,3.17,0.0
2023,43,SGE017,22.0,2023-10-24,2023-10-23,59.86,78.0,41.0,34.92,7.0,0.0
2023,44,SGE017,2.0,2023-10-31,2023-10-30,53.71,74.0,34.0,20.44,2.64,0.0
2023,45,SGE017,45.0,2023-11-07,2023-11-06,52.71,78.0,32.0,30.33,5.2,0.01
2023,46,SGE017,15.0,2023-11-14,2023-11-13,56.0,73.0,36.0,57.82,3.94,0.3
2023,48,SGE017,0.0,2023-11-29,2023-11-27,43.71,58.0,25.0,47.76,3.01,0.02
2023,49,SGE017,0.0,2023-12-06,2023-12-04,45.27,65.0,27.0,41.87,3.6,0.0
2023,50,SGE017,0.0,2023-12-12,2023-12-11,42.43,57.0,28.0,44.6,2.26,0.0
2024,5,SGE017,6.0,2024-01-30,2024-01-29,49.43,67.0,34.0,71.11,4.56,0.52
2024,6,SGE017,9.0,2024-02-14,2024-02-12,47.86,65.0,29.0,55.91,3.13,0.0
2024,9,SGE017,33.0,2024-02-29,2024-02-26,54.12,70.0,34.0,37.5,10.34,0.0
2024,10,SGE017,308.0,2024-03-07,2024-03-04,51.14,66.0,35.0,40.28,5.99,0.01
2024,11,SGE017,144.0,2024-03-12,2024-03-11,51.43,67.0,38.0,50.99,7.97,0.25
2024,12,SGE017,463.0,2024-03-19,2024-03-18,57.29,76.0,39.0,44.37,7.51,0.14
2024,13,SGE017,160.0,2024-03-26,2024-03-25,53.0,72.0,35.0,45.25,7.31,0.69
2024,14,SGE017,413.0,2024-04-03,2024-04-01,54.14,77.0,34.0,41.14,8.71,0.01
2024,15,SGE017,111.0,2024-04-09,2024-04-08,62.29,86.0,41.0,24.65,8.41,0.0
2024,16,SGE017,929.0,2024-04-17,2024-04-15,66.86,88.0,45.0,26.3,5.48,0.0
2024,17,SGE017,535.0,2024-04-23,2024-04-22,66.29,89.0,47.0,31.77,8.99,0.02
2024,18,SGE017,261.0,2024-05-01,2024-04-29,66.86,86.0,46.0,22.07,8.71,0.01
2024,19,SGE017,483.0,2024-05-07,2024-05-06,63.0,88.0,39.0,27.17,9.03,0.01
2024,20,SGE017,685.0,2024-05-14,2024-05-13,77.14,94.0,57.0,18.19,8.07,0.0
2024,21,SGE017,575.0,2024-05-21,2024-05-20,73.14,89.0,52.0,17.04,10.24,0.0
2024,22,SGE017,195.0,2024-05-29,2024-05-27,80.86,98.0,61.0,13.38,7.24,0.0
2024,23,SGE017,236.0,2024-06-04,2024-06-03,87.71,108.0,69.0,15.77,7.36,0.0
2024,24,SGE017,89.0,2024-06-11,2024-06-10,87.06,105.0,68.0,11.63,7.06,0.0
2024,25,SGE017,79.0,2024-06-18,2024-06-17,84.86,106.0,63.0,14.44,8.46,0.0
2024,26,SGE017,144.0,2024-06-25,2024-06-24,93.29,108.0,76.0,20.9,10.33,0.0
2024,27,SGE017,275.0,2024-07-02,2024-07-01,91.14,112.0,73.0,9.89,8.01,0.0
2024,28,SGE017,324.0,2024-07-09,2024-07-08,93.9,114.0,75.0,13.82,6.95,0.02
2024,29,SGE017,54.0,2024-07-16,2024-07-15,92.97,108.0,76.0,25.97,8.11,0.11
2024,30,SGE017,66.0,2024-07-23,2024-07-22,92.29,108.0,70.0,23.47,8.79,0.09
2024,31,SGE017,117.0,2024-07-30,2024-07-29,89.29,106.0,69.0,19.72,6.89,0.01
2024,32,SGE017,55.0,2024-08-06,2024-08-05,92.57,109.0,79.0,29.7,9.17,0.03
2024,33,SGE017,157.0,2024-08-13,2024-08-12,87.86,103.0,71.0,30.48,8.99,1.23
2024,34,SGE017,78.0,2024-08-21,2024-08-19,84.71,104.0,68.0,33.33,11.16,0.11
2024,35,SGE017,324.0,2024-08-27,2024-08-26,83.35,102.0,61.0,20.93,5.56,0.01
2024,36,SGE017,60.0,2024-09-03,2024-09-02,87.3,103.0,70.0,19.12,6.56,0.01
2024,37,SGE017,126.0,2024-09-10,2024-09-09,82.19,100.0,61.0,19.17,8.0,0.0
2024,38,SGE017,135.0,2024-09-17,2024-09-16,73.71,91.0,55.0,24.7,7.77,0.02
2024,39,SGE017,85.0,2024-09-24,2024-09-23,82.0,102.0,62.0,16.39,4.43,0.0
2024,40,SGE017,1.0,2024-10-01,2024-09-30,82.0,101.0,62.0,15.02,3.97,0.0
2024,41,SGE017,20.0,2024-10-08,2024-10-07,77.84,96.0,59.0,16.75,4.12,0.0
2024,42,SGE017,48.0,2024-10-16,2024-10-14,67.63,89.0,48.0,35.66,8.2,0.31
2024,43,SGE017,30.0,2024-10-22,2024-10-21,64.43,82.0,48.0,34.79,2.73,0.0
2024,45,SGE017,5.0,2024-11-05,2024-11-04,47.86,65.0,31.0,31.24,6.4,0.0
2024,46,SGE017,9.0,2024-11-12,2024-11-11,48.57,69.0,31.0,38.17,5.39,0.02
2024,47,SGE017,0.0,2024-11-19,2024-11-18,47.43,69.0,30.0,27.16,4.1,0.0
2025,4,SGE017,0.0,2025-01-22,2025-01-20,35.86,56.0,16.0,18.99,4.84,0.0
2025,7,SGE017,0.0,2025-02-11,2025-02-10,43.4,60.0,23.0,50.43,4.69,0.25
2025,8,SGE017,5.0,2025-02-19,2025-02-17,51.0,70.0,34.0,39.11,4.4,0.0
2025,9,SGE017,11.0,2025-02-25,2025-02-24,57.11,79.0,37.0,21.18,7.41,0.01
2025,10,SGE017,6.0,2025-03-05,2025-03-03,47.86,67.0,32.0,48.15,7.24,0.16
2025,11,SGE017,8.0,2025-03-11,2025-03-10,50.43,71.0,34.0,50.75,7.23,0.3
2025,12,SGE017,61.0,2025-03-20,2025-03-17,54.65,76.0,34.0,30.1,7.8,0.02
2025,13,SGE017,103.0,2025-03-25,2025-03-24,65.0,87.0,45.0,23.01,6.51,0.0
2025,15,SGE017,49.0,2025-04-08,2025-04-07,69.71,91.0,44.0,14.98,5.59,0.0
2025,16,SGE017,28.0,2025-04-15,2025-04-14,63.29,86.0,39.0,26.38,7.81,0.1
2025,17,SGE017,7.0,2025-04-23,2025-04-21,67.02,84.0,46.0,16.54,9.33,0.0
2025,18,SGE017,19.0,2025-04-30,2025-04-28,67.29,86.0,48.0,30.31,7.6,0.1
2025,19,SGE017,63.0,2025-05-08,2025-05-05,70.43,96.0,47.0,43.9,6.31,0.32
2025,20,SGE017,40.0,2025-05-14,2025-05-12,68.43,92.0,51.0,24.01,11.31,0.04
2025,21,SGE017,25.0,2025-05-20,2025-05-19,76.29,97.0,54.0,14.39,7.89,0.0
2025,22,SGE017,154.0,2025-05-28,2025-05-26,83.71,104.0,62.0,13.95,6.5,0.0
2025,23,SGE017,64.0,2025-06-03,2025-06-02,78.84,101.0,59.0,39.72,7.61,1.74
2025,24,SGE017,97.0,2025-06-10,2025-06-09,88.43,105.0,71.0,13.16,8.49,0.0
2025,25,SGE017,246.0,2025-06-17,2025-06-16,86.43,107.0,62.0,8.95,11.21,0.0
2025,26,SGE017,341.0,2025-06-24,2025-06-23,82.86,102.0,64.0,12.5,6.21,0.0
2025,27,SGE017,76.0,2025-07-01,2025-06-30,88.18,106.0,69.0,19.18,9.14,0.01
2025,28,SGE017,104.0,2025-07-08,2025-07-07,91.55,108.0,70.0,13.12,6.7,0.0
2025,29,SGE017,205.0,2025-07-15,2025-07-14,89.86,109.0,73.0,24.03,8.79,0.0
2025,30,SGE017,132.0,2025-07-22,2025-07-21,84.17,99.0,68.0,14.91,7.65,0.15
2025,31,SGE017,86.0,2025-07-29,2025-07-28,87.29,104.0,68.0,10.27,7.41,0.0
2025,32,SGE017,15.0,2025-08-05,2025-08-04,90.86,108.0,74.0,10.49,8.59,0.0
2025,33,SGE017,35.0,2025-08-12,2025-08-11,89.0,108.0,70.0,20.38,8.13,0.23
2025,34,SGE017,94.0,2025-08-19,2025-08-18,90.28,107.0,70.0,21.51,6.22,0.02
2025,35,SGE017,143.0,2025-08-26,2025-08-25,78.8,80.0,77.0,47.6,4.8,0.0
2022,12,SGE017 Ex 1,11.0,2022-03-24,2022-03-21,61.0,87.0,40.0,21.16,7.83,0.0
2022,13,SGE017 Ex 1,41.0,2022-03-31,2022-03-28,61.29,80.0,40.0,38.76,6.71,0.01
2022,12,SGE017 Ex 2,526.0,2022-03-24,2022-03-21,61.0,87.0,40.0,21.16,7.83,0.0
2021,19,SGE017-EX,158.0,2021-05-07,2021-05-03,71.57,94.0,52.0,17.44,8.44,0.0
2021,20,SGE017-EX,788.0,2021-05-14,2021-05-10,73.86,93.0,53.0,13.04,8.36,0.0
2023,15,SGE017-EX,89.0,2023-04-12,2023-04-10,64.14,90.0,43.0,27.49,6.81,0.02
2024,19,SGE017-EX,208.0,2024-05-07,2024-05-06,63.0,88.0,39.0,27.17,9.03,0.01
2024,22,SGE017-EX,958.0,2024-05-30,2024-05-27,80.86,98.0,61.0,13.38,7.24,0.0
2025,13,SGE017-EX,170.0,2025-03-26,2025-03-24,65.0,87.0,45.0,23.01,6.51,0.0
2020,29,SGE018,11.0,2020-07-14,2020-07-13,91.29,109.0,72.0,14.58,7.94,0.0
2023,21,SGE018,36.0,2023-05-23,2023-05-22,76.29,93.0,57.0,22.04,7.76,0.02
2023,22,SGE018,20.0,2023-05-31,2023-05-29,75.71,94.0,57.0,21.94,7.03,0.02
2023,23,SGE018,33.0,2023-06-06,2023-06-05,77.16,97.0,61.0,18.28,8.09,0.01
2023,24,SGE018,18.0,2023-06-13,2023-06-12,75.71,98.0,57.0,37.66,7.94,0.09
2023,25,SGE018,23.0,2023-06-21,2023-06-19,78.43,97.0,57.0,11.78,9.56,0.0
2023,26,SGE018,29.0,2023-06-27,2023-06-26,83.29,107.0,64.0,13.59,6.69,0.0
2023,27,SGE018,17.0,2023-07-04,2023-07-03,87.14,109.0,67.0,9.62,7.04,0.0
2023,28,SGE018,60.0,2023-07-11,2023-07-10,92.29,114.0,73.0,16.33,6.26,0.0
2023,29,SGE018,39.0,2023-07-18,2023-07-17,95.14,112.0,77.0,19.31,8.4,0.0
2023,30,SGE018,46.0,2023-07-26,2023-07-24,92.29,109.0,74.0,24.69,9.04,0.02
2023,31,SGE018,1.0,2023-08-01,2023-07-31,83.14,103.0,67.0,38.68,5.63,0.47
2023,32,SGE018,10.0,2023-08-08,2023-08-07,83.57,103.0,65.0,31.35,7.11,0.2
2023,33,SGE018,14.0,2023-08-15,2023-08-14,82.57,101.0,65.0,50.17,6.24,0.21
2023,35,SGE018,5.0,2023-08-29,2023-08-28,81.46,106.0,65.0,50.86,6.43,2.76
2023,36,SGE018,8.0,2023-09-06,2023-09-04,77.24,98.0,62.0,44.32,4.47,0.02
2023,37,SGE018,33.0,2023-09-12,2023-09-11,76.86,94.0,61.0,45.56,3.95,0.04
2023,38,SGE018,54.0,2023-09-19,2023-09-18,72.14,92.0,53.0,37.06,5.07,0.05
2023,39,SGE018,32.0,2023-09-26,2023-09-25,71.43,91.0,52.0,33.39,6.0,0.04
2023,40,SGE018,9.0,2023-10-03,2023-10-02,68.07,89.0,48.0,41.49,4.69,0.19
2023,41,SGE018,28.0,2023-10-10,2023-10-09,66.29,88.0,46.0,30.17,5.31,0.0
2023,43,SGE018,4.0,2023-10-24,2023-10-23,59.86,78.0,41.0,34.92,7.0,0.0
2023,44,SGE018,0.0,2023-10-31,2023-10-30,53.71,74.0,34.0,20.44,2.64,0.0
2023,45,SGE018,1.0,2023-11-07,2023-11-06,52.71,78.0,32.0,30.33,5.2,0.01
2023,46,SGE018,0.0,2023-11-14,2023-11-13,56.0,73.0,36.0,57.82,3.94,0.3
2023,48,SGE018,0.0,2023-11-29,2023-11-27,43.71,58.0,25.0,47.76,3.01,0.02
2024,23,SGE018,9.0,2024-06-04,2024-06-03,87.71,108.0,69.0,15.77,7.36,0.0
2024,24,SGE018,19.0,2024-06-11,2024-06-10,87.06,105.0,68.0,11.63,7.06,0.0
2024,25,SGE018,15.0,2024-06-18,2024-06-17,84.86,106.0,63.0,14.44,8.46,0.0
2024,26,SGE018,172.0,2024-06-25,2024-06-24,93.29,108.0,76.0,20.9,10.33,0.0
2024,27,SGE018,139.0,2024-07-02,2024-07-01,91.14,112.0,73.0,9.89,8.01,0.0
2024,28,SGE018,60.0,2024-07-09,2024-07-08,93.9,114.0,75.0,13.82,6.95,0.02
2024,29,SGE018,245.0,2024-07-16,2024-07-15,92.97,108.0,76.0,25.97,8.11,0.11
2024,30,SGE018,28.0,2024-07-23,2024-07-22,92.29,108.0,70.0,23.47,8.79,0.09
2024,31,SGE018,9.0,2024-07-30,2024-07-29,89.29,106.0,69.0,19.72,6.89,0.01
2024,32,SGE018,51.0,2024-08-06,2024-08-05,92.57,109.0,79.0,29.7,9.17,0.03
2024,33,SGE018,12.0,2024-08-13,2024-08-12,87.86,103.0,71.0,30.48,8.99,1.23
2024,34,SGE018,4.0,2024-08-20,2024-08-19,84.71,104.0,68.0,33.33,11.16,0.11
2024,35,SGE018,5.0,2024-08-27,2024-08-26,83.35,102.0,61.0,20.93,5.56,0.01
2024,36,SGE018,32.0,2024-09-03,2024-09-02,87.3,103.0,70.0,19.12,6.56,0.01
2024,37,SGE018,36.0,2024-09-10,2024-09-09,82.19,100.0,61.0,19.17,8.0,0.0
2024,38,SGE018,14.0,2024-09-17,2024-09-16,73.71,91.0,55.0,24.7,7.77,0.02
2024,39,SGE018,35.0,2024-09-24,2024-09-23,82.0,102.0,62.0,16.39,4.43,0.0
2024,40,SGE018,3.0,2024-10-01,2024-09-30,82.0,101.0,62.0,15.02,3.97,0.0
2025,18,SGE018,6.0,2025-04-30,2025-04-28,67.29,86.0,48.0,30.31,7.6,0.1
2025,20,SGE018,7.0,2025-05-14,2025-05-12,68.43,92.0,51.0,24.01,11.31,0.04
2025,21,SGE018,9.0,2025-05-20,2025-05-19,76.29,97.0,54.0,14.39,7.89,0.0
2025,22,SGE018,7.0,2025-05-28,2025-05-26,83.71,104.0,62.0,13.95,6.5,0.0
2025,23,SGE018,0.0,2025-06-03,2025-06-02,78.84,101.0,59.0,39.72,7.61,1.74
2025,24,SGE018,2.0,2025-06-10,2025-06-09,88.43,105.0,71.0,13.16,8.49,0.0
2025,25,SGE018,1.0,2025-06-17,2025-06-16,86.43,107.0,62.0,8.95,11.21,0.0
2025,26,SGE018,0.0,2025-06-24,2025-06-23,82.86,102.0,64.0,12.5,6.21,0.0
2025,27,SGE018,0.0,2025-07-01,2025-06-30,88.18,106.0,69.0,19.18,9.14,0.01
2025,28,SGE018,1.0,2025-07-08,2025-07-07,91.55,108.0,70.0,13.12,6.7,0.0
2025,29,SGE018,1.0,2025-07-15,2025-07-14,89.86,109.0,73.0,24.03,8.79,0.0
2025,31,SGE018,6.0,2025-07-29,2025-07-28,87.29,104.0,68.0,10.27,7.41,0.0
2025,32,SGE018,0.0,2025-08-05,2025-08-04,90.86,108.0,74.0,10.49,8.59,0.0
2025,33,SGE018,2.0,2025-08-12,2025-08-11,89.0,108.0,70.0,20.38,8.13,0.23
2025,34,SGE018,0.0,2025-08-19,2025-08-18,90.28,107.0,70.0,21.51,6.22,0.02
2025,35,SGE018,7.0,2025-08-26,2025-08-25,78.8,80.0,77.0,47.6,4.8,0.0
2019,30,SPENDLOVE FARM,37.0,2019-07-24,2019-07-22,89.64,106.0,70.0,29.3,6.67,0.02
2020,23,SPR-SR,10.0,2020-06-03,2020-06-01,82.0,103.0,61.0,17.6,9.17,0.01
2018,17,SPR002,0.0,2018-04-26,2018-04-23,73.43,93.0,52.0,15.46,8.84,0.0
2018,19,SPR002,1.0,2018-05-10,2018-05-07,75.57,98.0,53.0,17.85,8.4,0.0
2018,20,SPR002,3.0,2018-05-17,2018-05-14,73.29,91.0,56.0,18.36,8.04,0.0
2018,21,SPR002,3.0,2018-05-23,2018-05-21,74.29,93.0,56.0,21.16,8.79,0.02
2018,22,SPR002,1.0,2018-05-30,2018-05-28,79.71,100.0,59.0,17.46,8.91,0.0
2018,23,SPR002,0.0,2018-06-08,2018-06-04,83.71,103.0,67.0,11.06,9.74,0.0
2018,24,SPR002,4.0,2018-06-13,2018-06-11,85.0,104.0,66.0,17.22,10.77,0.0
2018,25,SPR002,7.0,2018-06-20,2018-06-18,86.0,106.0,63.0,12.23,7.69,0.0
2018,26,SPR002,11.0,2018-06-27,2018-06-25,87.97,105.0,69.0,10.63,8.06,0.0
2018,27,SPR002,9.0,2018-07-05,2018-07-02,90.71,108.0,73.0,16.33,9.23,0.01
2018,28,SPR002,7.0,2018-07-11,2018-07-09,86.43,105.0,69.0,49.03,7.43,0.04
2018,29,SPR002,7.0,2018-07-18,2018-07-16,89.71,106.0,71.0,39.86,8.12,0.01
2018,30,SPR002,17.0,2018-07-25,2018-07-23,93.43,110.0,76.0,24.21,7.73,0.0
2018,31,SPR002,3.0,2018-08-01,2018-07-30,90.68,107.0,71.0,31.48,7.53,0.3
2018,32,SPR002,7.0,2018-08-08,2018-08-06,88.14,107.0,67.0,26.12,6.96,0.13
2018,33,SPR002,21.0,2018-08-15,2018-08-13,88.28,105.0,70.0,32.05,7.08,0.02
2018,35,SPR002,3.0,2018-08-30,2018-08-27,82.6,98.0,63.0,20.41,5.97,0.0
2018,37,SPR002,8.0,2018-09-12,2018-09-10,83.06,99.0,63.0,16.28,8.08,0.0
2018,39,SPR002,3.0,2018-09-26,2018-09-24,78.29,94.0,57.0,18.37,6.69,0.0
2019,23,SPR002,7.0,2019-06-05,2019-06-03,79.1,98.0,60.0,22.42,8.93,0.0
2019,24,SPR002,9.0,2019-06-12,2019-06-10,82.74,103.0,61.0,19.82,6.11,0.03
2019,25,SPR002,9.0,2019-06-19,2019-06-17,79.49,99.0,57.0,24.11,8.11,0.01
2019,26,SPR002,16.0,2019-06-26,2019-06-24,83.11,100.0,63.0,15.7,8.24,0.01
2019,27,SPR002,67.0,2019-07-03,2019-07-01,84.14,101.0,66.0,14.45,7.61,0.0
2019,28,SPR002,17.0,2019-07-10,2019-07-08,87.71,106.0,68.0,18.12,7.13,0.01
2019,29,SPR002,27.0,2019-07-17,2019-07-15,88.14,107.0,70.0,14.48,7.39,0.0
2019,30,SPR002,26.0,2019-07-24,2019-07-22,89.64,106.0,70.0,29.3,6.67,0.02
2019,31,SPR002,50.0,2019-07-31,2019-07-29,89.44,107.0,69.0,29.18,6.86,0.03
2019,32,SPR002,35.0,2019-08-07,2019-08-05,88.64,107.0,74.0,29.96,9.1,0.0
2019,33,SPR002,0.0,2019-08-14,2019-08-12,88.17,105.0,69.0,12.19,5.71,0.0
2019,34,SPR002,53.0,2019-08-21,2019-08-19,85.43,104.0,68.0,15.05,5.87,0.0
2019,35,SPR002,33.0,2019-08-28,2019-08-26,87.43,105.0,68.0,21.23,5.8,0.01
2019,36,SPR002,0.0,2019-09-04,2019-09-02,87.71,103.0,72.0,26.15,7.17,0.01
2019,37,SPR002,51.0,2019-09-11,2019-09-09,78.29,98.0,60.0,19.35,7.39,0.0
2019,38,SPR002,46.0,2019-09-18,2019-09-16,74.0,94.0,52.0,18.87,9.07,0.0
2019,39,SPR002,40.0,2019-09-25,2019-09-23,73.57,92.0,55.0,31.41,8.87,0.01
2019,40,SPR002,21.0,2019-09-25,2019-09-23,73.57,92.0,55.0,31.41,8.87,0.01
2020,21,SPR002,0.0,2020-05-20,2020-05-18,67.71,91.0,48.0,21.27,11.93,0.0
2020,24,SPR002,0.0,2020-06-11,2020-06-08,76.0,102.0,51.0,14.17,8.66,0.0
2020,25,SPR002,32.0,2020-06-17,2020-06-15,81.29,101.0,63.0,14.2,9.71,0.0
2020,26,SPR002,2.0,2020-06-23,2020-06-22,88.57,105.0,69.0,14.3,9.31,0.0
2020,27,SPR002,7.0,2020-07-01,2020-06-29,81.86,103.0,55.0,17.66,8.37,0.0
2020,28,SPR002,48.0,2020-07-08,2020-07-06,89.14,109.0,67.0,11.29,7.21,0.0
2020,29,SPR002,75.0,2020-07-15,2020-07-13,91.29,109.0,72.0,14.58,7.94,0.0
2020,30,SPR002,14.0,2020-07-22,2020-07-20,88.71,106.0,72.0,23.53,9.24,0.0
2020,31,SPR002,22.0,2020-07-29,2020-07-27,91.2,110.0,69.0,14.51,6.36,0.01
2020,32,SPR002,37.0,2020-08-05,2020-08-03,86.29,104.0,66.0,11.15,7.09,0.0
2020,33,SPR002,90.0,2020-08-12,2020-08-10,87.86,111.0,66.0,13.36,5.31,0.0
2020,34,SPR002,64.0,2020-08-19,2020-08-17,92.43,111.0,70.0,21.14,6.49,0.04
2020,35,SPR002,45.0,2020-08-26,2020-08-24,88.14,105.0,68.0,24.84,6.4,0.0
2020,36,SPR002,17.0,2020-09-03,2020-08-31,86.29,110.0,66.0,13.93,6.01,0.0
2020,38,SPR002,30.0,2020-09-17,2020-09-14,82.14,100.0,63.0,14.82,5.53,0.0
2020,39,SPR002,13.0,2020-09-23,2020-09-21,79.57,97.0,59.0,20.6,6.17,0.02
2020,40,SPR002,10.0,2020-09-30,2020-09-28,76.0,96.0,55.0,11.26,4.74,0.0
2020,41,SPR002,13.0,2020-10-07,2020-10-05,73.43,94.0,55.0,16.64,4.5,0.0
2021,16,SPR002,2.0,2021-04-13,2021-04-12,61.57,82.0,44.0,23.05,10.11,0.0
2021,17,SPR002,1.0,2021-04-20,2021-04-19,67.76,83.0,47.0,16.96,11.02,0.0
2021,19,SPR002,0.0,2021-05-04,2021-05-03,71.57,94.0,52.0,17.44,8.44,0.0
2021,20,SPR002,0.0,2021-05-11,2021-05-10,73.86,93.0,53.0,13.04,8.36,0.0
2021,21,SPR002,1.0,2021-05-19,2021-05-17,68.86,94.0,46.0,18.96,11.83,0.01
2021,22,SPR002,1.0,2021-05-25,2021-05-24,75.71,95.0,52.0,12.2,6.24,0.0
2021,23,SPR002,6.0,2021-06-02,2021-05-31,85.43,105.0,62.0,11.61,7.33,0.0
2021,24,SPR002,12.0,2021-06-08,2021-06-07,80.57,105.0,58.0,10.22,9.06,0.0
2021,25,SPR002,36.0,2021-06-15,2021-06-14,93.57,112.0,74.0,10.62,6.11,0.0
2021,26,SPR002,30.0,2021-06-23,2021-06-21,87.43,106.0,68.0,18.49,9.26,0.01
2021,27,SPR002,26.0,2021-06-29,2021-06-28,87.86,105.0,72.0,22.67,8.24,0.01
2021,28,SPR002,15.0,2021-07-07,2021-07-05,97.0,114.0,77.0,14.18,6.67,0.0
2021,29,SPR002,31.0,2021-07-13,2021-07-12,87.71,109.0,69.0,42.67,8.01,0.01
2021,30,SPR002,9.0,2021-07-20,2021-07-19,87.43,103.0,72.0,48.8,6.99,0.0
2021,31,SPR002,18.0,2021-07-28,2021-07-26,84.43,102.0,70.0,50.97,6.57,0.0
2021,32,SPR002,13.0,2021-08-03,2021-08-02,89.71,109.0,67.0,20.41,6.91,0.0
2021,33,SPR002,9.0,2021-08-10,2021-08-09,89.14,105.0,71.0,30.35,7.0,0.0
2021,34,SPR002,17.0,2021-08-17,2021-08-16,83.57,104.0,63.0,33.14,9.8,0.0
2021,35,SPR002,13.0,2021-08-24,2021-08-23,85.0,105.0,64.0,16.53,5.1,0.0
2021,36,SPR002,34.0,2021-08-31,2021-08-30,82.65,103.0,66.0,39.27,5.46,0.0
2021,37,SPR002,2.0,2021-09-08,2021-09-06,87.43,105.0,70.0,23.57,5.31,0.0
2021,38,SPR002,15.0,2021-09-14,2021-09-13,79.71,100.0,60.0,26.2,5.8,0.01
2021,39,SPR002,6.0,2021-09-21,2021-09-20,76.43,94.0,56.0,21.3,5.19,0.0
2021,40,SPR002,17.0,2021-09-28,2021-09-27,71.0,90.0,50.0,29.84,5.99,0.0
2021,41,SPR002,4.0,2021-10-05,2021-10-04,67.0,88.0,49.0,56.54,5.14,0.01
2021,43,SPR002,0.0,2021-10-19,2021-10-18,58.86,78.0,38.0,41.72,4.79,0.0
2022,18,SPR002,4.0,2022-05-03,2022-05-02,70.86,92.0,49.0,18.29,11.53,0.0
2022,19,SPR002,0.0,2022-05-11,2022-05-09,66.57,98.0,48.0,14.1,7.17,0.0
2022,21,SPR002,0.0,2022-05-24,2022-05-23,77.71,100.0,55.0,13.06,9.49,0.0
2022,23,SPR002,14.0,2022-06-07,2022-06-06,87.86,106.0,69.0,14.97,8.09,0.0
2022,24,SPR002,18.0,2022-06-16,2022-06-13,81.43,106.0,62.0,11.75,11.51,0.0
2022,25,SPR002,15.0,2022-06-22,2022-06-20,83.14,103.0,57.0,17.12,7.33,0.01
2022,26,SPR002,7.0,2022-06-28,2022-06-27,90.29,104.0,75.0,20.08,10.89,0.01
2022,28,SPR002,17.0,2022-07-12,2022-07-11,93.71,108.0,77.0,24.37,8.04,0.02
2022,29,SPR002,11.0,2022-07-19,2022-07-18,93.57,110.0,79.0,23.5,8.01,0.03
2022,31,SPR002,12.0,2022-08-02,2022-08-01,87.29,102.0,73.0,42.64,6.47,0.08
2022,32,SPR002,6.0,2022-08-09,2022-08-08,85.43,104.0,73.0,46.98,6.6,0.15
2022,33,SPR002,6.0,2022-08-16,2022-08-15,84.43,99.0,71.0,49.42,6.64,0.04
2022,34,SPR002,7.0,2022-08-23,2022-08-22,85.86,103.0,69.0,37.01,5.5,0.47
2022,35,SPR002,11.0,2022-08-30,2022-08-29,90.71,108.0,71.0,22.05,4.3,0.0
2022,36,SPR002,21.0,2022-09-07,2022-09-05,87.29,111.0,66.0,31.95,6.51,0.01
2022,38,SPR002,7.0,2022-09-20,2022-09-19,77.57,93.0,59.0,31.61,5.53,0.0
2022,39,SPR002,17.0,2022-09-27,2022-09-26,77.79,95.0,60.0,35.98,4.8,0.44
2022,40,SPR002,5.0,2022-10-04,2022-10-03,73.52,88.0,58.0,36.66,4.44,0.01
2022,41,SPR002,5.0,2022-10-11,2022-10-10,71.14,87.0,55.0,27.73,4.26,0.0
2022,42,SPR002,8.0,2022-10-19,2022-10-17,64.29,85.0,39.0,33.49,6.11,0.34
2023,20,SPR002,21.0,2023-05-16,2023-05-15,76.17,91.0,57.0,36.7,7.22,0.17
2023,21,SPR002,15.0,2023-05-23,2023-05-22,76.29,93.0,57.0,22.04,7.76,0.02
2023,22,SPR002,2.0,2023-05-31,2023-05-29,75.71,94.0,57.0,21.94,7.03,0.02
2023,23,SPR002,18.0,2023-06-06,2023-06-05,77.16,97.0,61.0,18.28,8.09,0.01
2023,24,SPR002,1.0,2023-06-13,2023-06-12,75.71,98.0,57.0,37.66,7.94,0.09
2023,25,SPR002,11.0,2023-06-21,2023-06-19,78.43,97.0,57.0,11.78,9.56,0.0
2023,26,SPR002,25.0,2023-06-27,2023-06-26,83.29,107.0,64.0,13.59,6.69,0.0
2023,27,SPR002,49.0,2023-07-04,2023-07-03,87.14,109.0,67.0,9.62,7.04,0.0
2023,28,SPR002,87.0,2023-07-11,2023-07-10,92.29,114.0,73.0,16.33,6.26,0.0
2023,29,SPR002,173.0,2023-07-18,2023-07-17,95.14,112.0,77.0,19.31,8.4,0.0
2023,30,SPR002,37.0,2023-07-26,2023-07-24,92.29,109.0,74.0,24.69,9.04,0.02
2023,31,SPR002,13.0,2023-08-01,2023-07-31,83.14,103.0,67.0,38.68,5.63,0.47
2023,32,SPR002,17.0,2023-08-08,2023-08-07,83.57,103.0,65.0,31.35,7.11,0.2
2023,33,SPR002,39.0,2023-08-15,2023-08-14,82.57,101.0,65.0,50.17,6.24,0.21
2023,35,SPR002,27.0,2023-08-29,2023-08-28,81.46,106.0,65.0,50.86,6.43,2.76
2023,36,SPR002,28.0,2023-09-06,2023-09-04,77.24,98.0,62.0,44.32,4.47,0.02
2023,37,SPR002,18.0,2023-09-12,2023-09-11,76.86,94.0,61.0,45.56,3.95,0.04
2023,38,SPR002,18.0,2023-09-19,2023-09-18,72.14,92.0,53.0,37.06,5.07,0.05
2023,39,SPR002,14.0,2023-09-26,2023-09-25,71.43,91.0,52.0,33.39,6.0,0.04
2023,40,SPR002,0.0,2023-10-03,2023-10-02,68.07,89.0,48.0,41.49,4.69,0.19
2023,41,SPR002,5.0,2023-10-10,2023-10-09,66.29,88.0,46.0,30.17,5.31,0.0
2023,42,SPR002,3.0,2023-10-17,2023-10-16,70.86,89.0,50.0,26.1,3.17,0.0
2023,43,SPR002,3.0,2023-10-24,2023-10-23,59.86,78.0,41.0,34.92,7.0,0.0
2024,17,SPR002,7.0,2024-04-23,2024-04-22,66.29,89.0,47.0,31.77,8.99,0.02
2024,18,SPR002,1.0,2024-04-30,2024-04-29,66.86,86.0,46.0,22.07,8.71,0.01
2024,20,SPR002,5.0,2024-05-14,2024-05-13,77.14,94.0,57.0,18.19,8.07,0.0
2024,21,SPR002,2.0,2024-05-22,2024-05-20,73.14,89.0,52.0,17.04,10.24,0.0
2024,22,SPR002,3.0,2024-05-29,2024-05-27,80.86,98.0,61.0,13.38,7.24,0.0
2024,23,SPR002,14.0,2024-06-04,2024-06-03,87.71,108.0,69.0,15.77,7.36,0.0
2024,24,SPR002,10.0,2024-06-11,2024-06-10,87.06,105.0,68.0,11.63,7.06,0.0
2024,25,SPR002,6.0,2024-06-18,2024-06-17,84.86,106.0,63.0,14.44,8.46,0.0
2024,26,SPR002,14.0,2024-06-25,2024-06-24,93.29,108.0,76.0,20.9,10.33,0.0
2024,27,SPR002,16.0,2024-07-02,2024-07-01,91.14,112.0,73.0,9.89,8.01,0.0
2024,28,SPR002,13.0,2024-07-09,2024-07-08,93.9,114.0,75.0,13.82,6.95,0.02
2024,29,SPR002,10.0,2024-07-16,2024-07-15,92.97,108.0,76.0,25.97,8.11,0.11
2024,30,SPR002,14.0,2024-07-24,2024-07-22,92.29,108.0,70.0,23.47,8.79,0.09
2024,31,SPR002,10.0,2024-07-30,2024-07-29,89.29,106.0,69.0,19.72,6.89,0.01
2024,32,SPR002,13.0,2024-08-06,2024-08-05,92.57,109.0,79.0,29.7,9.17,0.03
2024,33,SPR002,4.0,2024-08-13,2024-08-12,87.86,103.0,71.0,30.48,8.99,1.23
2024,34,SPR002,7.0,2024-08-20,2024-08-19,84.71,104.0,68.0,33.33,11.16,0.11
2024,35,SPR002,8.0,2024-08-27,2024-08-26,83.35,102.0,61.0,20.93,5.56,0.01
2024,36,SPR002,11.0,2024-09-04,2024-09-02,87.3,103.0,70.0,19.12,6.56,0.01
2024,37,SPR002,21.0,2024-09-10,2024-09-09,82.19,100.0,61.0,19.17,8.0,0.0
2024,38,SPR002,13.0,2024-09-19,2024-09-16,73.71,91.0,55.0,24.7,7.77,0.02
2024,39,SPR002,19.0,2024-09-24,2024-09-23,82.0,102.0,62.0,16.39,4.43,0.0
2024,40,SPR002,29.0,2024-10-01,2024-09-30,82.0,101.0,62.0,15.02,3.97,0.0
2024,41,SPR002,13.0,2024-10-08,2024-10-07,77.84,96.0,59.0,16.75,4.12,0.0
2024,42,SPR002,9.0,2024-10-16,2024-10-14,67.63,89.0,48.0,35.66,8.2,0.31
2024,43,SPR002,1.0,2024-10-22,2024-10-21,64.43,82.0,48.0,34.79,2.73,0.0
2025,20,SPR002,4.0,2025-05-14,2025-05-12,68.43,92.0,51.0,24.01,11.31,0.04
2025,21,SPR002,2.0,2025-05-20,2025-05-19,76.29,97.0,54.0,14.39,7.89,0.0
2025,22,SPR002,8.0,2025-05-28,2025-05-26,83.71,104.0,62.0,13.95,6.5,0.0
2025,23,SPR002,5.0,2025-06-03,2025-06-02,78.84,101.0,59.0,39.72,7.61,1.74
2025,24,SPR002,3.0,2025-06-10,2025-06-09,88.43,105.0,71.0,13.16,8.49,0.0
2025,25,SPR002,216.0,2025-06-17,2025-06-16,86.43,107.0,62.0,8.95,11.21,0.0
2025,26,SPR002,8.0,2025-06-24,2025-06-23,82.86,102.0,64.0,12.5,6.21,0.0
2025,27,SPR002,14.0,2025-07-02,2025-06-30,88.18,106.0,69.0,19.18,9.14,0.01
2025,28,SPR002,11.0,2025-07-08,2025-07-07,91.55,108.0,70.0,13.12,6.7,0.0
2025,29,SPR002,12.0,2025-07-15,2025-07-14,89.86,109.0,73.0,24.03,8.79,0.0
2025,30,SPR002,6.0,2025-07-22,2025-07-21,84.17,99.0,68.0,14.91,7.65,0.15
2025,31,SPR002,4.0,2025-07-29,2025-07-28,87.29,104.0,68.0,10.27,7.41,0.0
2025,32,SPR002,7.0,2025-08-05,2025-08-04,90.86,108.0,74.0,10.49,8.59,0.0
2025,33,SPR002,10.0,2025-08-12,2025-08-11,89.0,108.0,70.0,20.38,8.13,0.23
2025,34,SPR002,5.0,2025-08-19,2025-08-18,90.28,107.0,70.0,21.51,6.22,0.02
2025,35,SPR002,10.0,2025-08-26,2025-08-25,78.8,80.0,77.0,47.6,4.8,0.0
2019,37,SPRINDALE-SR,30.0,2019-09-11,2019-09-09,78.29,98.0,60.0,19.35,7.39,0.0
2019,39,SPRINDALE-SR,8.0,2019-09-25,2019-09-23,73.57,92.0,55.0,31.41,8.87,0.01
2024,40,SR 176 Shadow Point Lori Jennings,34.0,2024-10-04,2024-09-30,82.0,101.0,62.0,15.02,3.97,0.0
2024,41,SR 176 Shadow Point Lori Jennings,18.0,2024-10-08,2024-10-07,77.84,96.0,59.0,16.75,4.12,0.0
2024,42,SR 176 Shadow Point Lori Jennings,17.0,2024-10-14,2024-10-14,67.63,89.0,48.0,35.66,8.2,0.31
2024,38,SR 176 Shadow Pt. Lori,16.0,2024-09-20,2024-09-16,73.71,91.0,55.0,24.7,7.77,0.02
2024,39,SR 176 Shadow Pt. Lori,24.0,2024-09-24,2024-09-23,82.0,102.0,62.0,16.39,4.43,0.0
2024,38,SR 54 Shadow Mtn. Brown,40.0,2024-09-20,2024-09-16,73.71,91.0,55.0,24.7,7.77,0.02
2024,39,SR 54 Shadow Mtn. Brown,45.0,2024-09-24,2024-09-23,82.0,102.0,62.0,16.39,4.43,0.0
2024,40,SR 54 Shadow Pt. Brooke Brown,51.0,2024-10-04,2024-09-30,82.0,101.0,62.0,15.02,3.97,0.0
2024,41,SR 54 Shadow Pt. Brooke Brown,22.0,2024-10-08,2024-10-07,77.84,96.0,59.0,16.75,4.12,0.0
2024,42,SR 54 Shadow Pt. Brooke Brown,64.0,2024-10-14,2024-10-14,67.63,89.0,48.0,35.66,8.2,0.31
2024,39,SR 545 E 200 S Evelyn,24.0,2024-09-23,2024-09-23,82.0,102.0,62.0,16.39,4.43,0.0
2024,40,SR 545 E 200 S Evelyn,31.0,2024-10-01,2024-09-30,82.0,101.0,62.0,15.02,3.97,0.0
2024,41,SR 545 E 200 S Evelyn,44.0,2024-10-08,2024-10-07,77.84,96.0,59.0,16.75,4.12,0.0
2024,42,SR 545 E 200 S Evelyn,21.0,2024-10-14,2024-10-14,67.63,89.0,48.0,35.66,8.2,0.31
2024,39,SR 635 N 2000 E,10.0,2024-09-23,2024-09-23,82.0,102.0,62.0,16.39,4.43,0.0
2020,36,SR STG. 100 W,48.0,2020-09-01,2020-08-31,86.29,110.0,66.0,13.93,6.01,0.0
2020,36,SR STG. 400 S,0.0,2020-09-04,2020-08-31,86.29,110.0,66.0,13.93,6.01,0.0
2020,36,SR STG. 500 S,1.0,2020-09-04,2020-08-31,86.29,110.0,66.0,13.93,6.01,0.0
2024,35,SR- 54 Shadow Mtn,99.0,2024-08-26,2024-08-26,83.35,102.0,61.0,20.93,5.56,0.01
2024,26,SR- ENT SPRG CRK,3.0,2024-06-26,2024-06-24,93.29,108.0,76.0,20.9,10.33,0.0
2024,25,SR- HILDALE,98.0,2024-06-20,2024-06-17,84.86,106.0,63.0,14.44,8.46,0.0
2024,35,SR-1042 W. 100 N. Shadow MTN,5.0,2024-08-30,2024-08-26,83.35,102.0,61.0,20.93,5.56,0.01
2024,36,SR-1042 W. 100 N. Shadow MTN,8.0,2024-09-03,2024-09-02,87.3,103.0,70.0,19.12,6.56,0.01
2024,33,SR-159 Shadow Pt,25.0,2024-08-15,2024-08-12,87.86,103.0,71.0,30.48,8.99,1.23
2024,35,SR-159 Shadow Pt,12.0,2024-08-26,2024-08-26,83.35,102.0,61.0,20.93,5.56,0.01
2024,38,SR-176 Shadow Mtn,29.0,2024-09-17,2024-09-16,73.71,91.0,55.0,24.7,7.77,0.02
2024,27,SR-176 Shadow Pt,5.0,2024-07-03,2024-07-01,91.14,112.0,73.0,9.89,8.01,0.0
2024,30,SR-176 Shadow Pt,29.0,2024-07-23,2024-07-22,92.29,108.0,70.0,23.47,8.79,0.09
2024,31,SR-176 Shadow Pt,63.0,2024-07-30,2024-07-29,89.29,106.0,69.0,19.72,6.89,0.01
2024,32,SR-176 Shadow Pt,57.0,2024-08-06,2024-08-05,92.57,109.0,79.0,29.7,9.17,0.03
2024,33,SR-176 Shadow Pt,58.0,2024-08-12,2024-08-12,87.86,103.0,71.0,30.48,8.99,1.23
2024,34,SR-176 Shadow Pt,70.0,2024-08-20,2024-08-19,84.71,104.0,68.0,33.33,11.16,0.11
2024,36,SR-176 Shadow Pt,166.0,2024-09-03,2024-09-02,87.3,103.0,70.0,19.12,6.56,0.01
2024,37,SR-176 Shadow Pt,79.0,2024-09-11,2024-09-09,82.19,100.0,61.0,19.17,8.0,0.0
2024,35,SR-176 Shadow Pt Lori Jennings,152.0,2024-08-26,2024-08-26,83.35,102.0,61.0,20.93,5.56,0.01
2024,35,SR-176 Shadow Pt.,99.0,2024-08-26,2024-08-26,83.35,102.0,61.0,20.93,5.56,0.01
2024,28,SR-54 Shadow Mtn,64.0,2024-07-09,2024-07-08,93.9,114.0,75.0,13.82,6.95,0.02
2024,29,SR-54 Shadow Mtn,36.0,2024-07-16,2024-07-15,92.97,108.0,76.0,25.97,8.11,0.11
2024,31,SR-54 Shadow Mtn,31.0,2024-07-30,2024-07-29,89.29,106.0,69.0,19.72,6.89,0.01
2024,32,SR-54 Shadow Mtn,292.0,2024-08-06,2024-08-05,92.57,109.0,79.0,29.7,9.17,0.03
2024,33,SR-54 Shadow Mtn,99.0,2024-08-12,2024-08-12,87.86,103.0,71.0,30.48,8.99,1.23
2024,34,SR-54 Shadow Mtn,115.0,2024-08-20,2024-08-19,84.71,104.0,68.0,33.33,11.16,0.11
2024,36,SR-54 Shadow Mtn,210.0,2024-09-03,2024-09-02,87.3,103.0,70.0,19.12,6.56,0.01
2024,37,SR-54 Shadow Mtn,137.0,2024-09-11,2024-09-09,82.19,100.0,61.0,19.17,8.0,0.0
2024,38,SR-54 Shadow Mtn,60.0,2024-09-17,2024-09-16,73.71,91.0,55.0,24.7,7.77,0.02
2024,35,SR-54 Shadow Mtn Brown,196.0,2024-08-26,2024-08-26,83.35,102.0,61.0,20.93,5.56,0.01
2024,36,SR-545 E 200 S,16.0,2024-09-06,2024-09-02,87.3,103.0,70.0,19.12,6.56,0.01
2024,37,SR-545 E 200 S,21.0,2024-09-10,2024-09-09,82.19,100.0,61.0,19.17,8.0,0.0
2024,38,SR-545 E 200 S,47.0,2024-09-17,2024-09-16,73.71,91.0,55.0,24.7,7.77,0.02
2019,27,SR-ALLEN LEE'S,24.0,2019-07-03,2019-07-01,84.14,101.0,66.0,14.45,7.61,0.0
2019,36,SR-Cabinet Tech,12.0,2019-09-04,2019-09-02,87.71,103.0,72.0,26.15,7.17,0.01
2020,35,SR-DIVERSION DAM,9.0,2020-08-25,2020-08-24,88.14,105.0,68.0,24.84,6.4,0.0
2021,25,SR-ENTRADA,1.0,2021-06-15,2021-06-14,93.57,112.0,74.0,10.62,6.11,0.0
2023,42,SR-EX-MID,16.0,2023-10-20,2023-10-16,70.86,89.0,50.0,26.1,3.17,0.0
2022,35,SR-HAR001,10.0,2022-09-02,2022-08-29,90.71,108.0,71.0,22.05,4.3,0.0
2022,36,SR-HAR001,10.0,2022-09-06,2022-09-05,87.29,111.0,66.0,31.95,6.51,0.01
2022,37,SR-HAR001-1,8.0,2022-09-13,2022-09-12,75.14,92.0,61.0,56.31,6.79,1.08
2022,38,SR-HAR001-1,7.0,2022-09-21,2022-09-19,77.57,93.0,59.0,31.61,5.53,0.0
2022,39,SR-HAR001-1,25.0,2022-09-28,2022-09-26,77.79,95.0,60.0,35.98,4.8,0.44
2022,40,SR-HAR001-1,12.0,2022-10-04,2022-10-03,73.52,88.0,58.0,36.66,4.44,0.01
2022,41,SR-HAR001-1,1.0,2022-10-11,2022-10-10,71.14,87.0,55.0,27.73,4.26,0.0
2022,42,SR-HAR001-1,8.0,2022-10-18,2022-10-17,64.29,85.0,39.0,33.49,6.11,0.34
2022,43,SR-HAR001-1,0.0,2022-10-27,2022-10-24,53.43,72.0,36.0,37.54,4.57,0.0
2022,35,SR-HAR001-2,5.0,2022-09-02,2022-08-29,90.71,108.0,71.0,22.05,4.3,0.0
2022,36,SR-HAR001-2,10.0,2022-09-06,2022-09-05,87.29,111.0,66.0,31.95,6.51,0.01
2022,35,SR-HAR001-3,15.0,2022-09-02,2022-08-29,90.71,108.0,71.0,22.05,4.3,0.0
2022,36,SR-HAR001-3,12.0,2022-09-06,2022-09-05,87.29,111.0,66.0,31.95,6.51,0.01
2022,37,SR-HAR001-3,6.0,2022-09-13,2022-09-12,75.14,92.0,61.0,56.31,6.79,1.08
2022,38,SR-HAR001-3,8.0,2022-09-21,2022-09-19,77.57,93.0,59.0,31.61,5.53,0.0
2022,39,SR-HAR001-3,23.0,2022-09-28,2022-09-26,77.79,95.0,60.0,35.98,4.8,0.44
2022,40,SR-HAR001-3,15.0,2022-10-04,2022-10-03,73.52,88.0,58.0,36.66,4.44,0.01
2022,41,SR-HAR001-3,3.0,2022-10-11,2022-10-10,71.14,87.0,55.0,27.73,4.26,0.0
2022,42,SR-HAR001-3,1.0,2022-10-18,2022-10-17,64.29,85.0,39.0,33.49,6.11,0.34
2022,43,SR-HAR001-3,0.0,2022-10-27,2022-10-24,53.43,72.0,36.0,37.54,4.57,0.0
2022,35,SR-HAR001-4,10.0,2022-09-02,2022-08-29,90.71,108.0,71.0,22.05,4.3,0.0
2022,36,SR-HAR001-4,9.0,2022-09-06,2022-09-05,87.29,111.0,66.0,31.95,6.51,0.01
2022,37,SR-HAR001-4,8.0,2022-09-13,2022-09-12,75.14,92.0,61.0,56.31,6.79,1.08
2022,38,SR-HAR001-4,9.0,2022-09-21,2022-09-19,77.57,93.0,59.0,31.61,5.53,0.0
2022,39,SR-HAR001-4,18.0,2022-09-28,2022-09-26,77.79,95.0,60.0,35.98,4.8,0.44
2022,40,SR-HAR001-4,4.0,2022-10-04,2022-10-03,73.52,88.0,58.0,36.66,4.44,0.01
2022,41,SR-HAR001-4,4.0,2022-10-11,2022-10-10,71.14,87.0,55.0,27.73,4.26,0.0
2022,42,SR-HAR001-4,19.0,2022-10-18,2022-10-17,64.29,85.0,39.0,33.49,6.11,0.34
2022,43,SR-HAR001-4,0.0,2022-10-27,2022-10-24,53.43,72.0,36.0,37.54,4.57,0.0
2022,37,SR-HAR001-5,5.0,2022-09-13,2022-09-12,75.14,92.0,61.0,56.31,6.79,1.08
2022,38,SR-HAR001-5,16.0,2022-09-21,2022-09-19,77.57,93.0,59.0,31.61,5.53,0.0
2022,39,SR-HAR001-5,40.0,2022-09-28,2022-09-26,77.79,95.0,60.0,35.98,4.8,0.44
2022,40,SR-HAR001-5,33.0,2022-10-04,2022-10-03,73.52,88.0,58.0,36.66,4.44,0.01
2022,41,SR-HAR001-5,2.0,2022-10-11,2022-10-10,71.14,87.0,55.0,27.73,4.26,0.0
2022,42,SR-HAR001-5,36.0,2022-10-18,2022-10-17,64.29,85.0,39.0,33.49,6.11,0.34
2022,43,SR-HAR001-5,1.0,2022-10-27,2022-10-24,53.43,72.0,36.0,37.54,4.57,0.0
2019,33,SR-Heidi Wright,1.0,2019-08-14,2019-08-12,88.17,105.0,69.0,12.19,5.71,0.0
2023,33,SR-Hildale,50.0,2023-08-17,2023-08-14,82.57,101.0,65.0,50.17,6.24,0.21
2024,35,SR-Josh Aikens,6.0,2024-08-26,2024-08-26,83.35,102.0,61.0,20.93,5.56,0.01
2024,31,SR-Judy's Pond,51.0,2024-07-31,2024-07-29,89.29,106.0,69.0,19.72,6.89,0.01
2025,26,SR-Judy's Pond,51.0,2025-06-25,2025-06-23,82.86,102.0,64.0,12.5,6.21,0.0
2020,22,SR-MIDDLETON,32.0,2020-05-27,2020-05-25,82.57,104.0,56.0,16.38,7.0,0.0
2023,26,SR-Middleton,4.0,2023-06-29,2023-06-26,83.29,107.0,64.0,13.59,6.69,0.0
2024,29,SR-Mule Field,38.0,2024-07-17,2024-07-15,92.97,108.0,76.0,25.97,8.11,0.11
2019,26,SR-RIO VIRGIN,40.0,2019-06-28,2019-06-24,83.11,100.0,63.0,15.7,8.24,0.01
2019,27,SR-RIO VIRGIN,15.0,2019-07-03,2019-07-01,84.14,101.0,66.0,14.45,7.61,0.0
2021,38,SR-ROC,81.0,2021-09-14,2021-09-13,79.71,100.0,60.0,26.2,5.8,0.01
2021,39,SR-ROC,1.0,2021-09-21,2021-09-20,76.43,94.0,56.0,21.3,5.19,0.0
2022,40,SR-ROCKVILLE,23.0,2022-10-04,2022-10-03,73.52,88.0,58.0,36.66,4.44,0.01
2021,39,SR-SGE,30.0,2021-09-22,2021-09-20,76.43,94.0,56.0,21.3,5.19,0.0
2023,35,SR-SGE016,15.0,2023-08-29,2023-08-28,81.46,106.0,65.0,50.86,6.43,2.76
2021,36,SR-SPR,10.0,2021-08-31,2021-08-30,82.65,103.0,66.0,39.27,5.46,0.0
2021,37,SR-SPR,2.0,2021-09-08,2021-09-06,87.43,105.0,70.0,23.57,5.31,0.0
2021,38,SR-SPR,6.0,2021-09-14,2021-09-13,79.71,100.0,60.0,26.2,5.8,0.01
2021,39,SR-SPR,6.0,2021-09-21,2021-09-20,76.43,94.0,56.0,21.3,5.19,0.0
2021,40,SR-SPR,5.0,2021-09-26,2021-09-20,76.43,94.0,56.0,21.3,5.19,0.0
2021,41,SR-SPR,1.0,2021-10-05,2021-10-04,67.0,88.0,49.0,56.54,5.14,0.01
2021,43,SR-SPR,2.0,2021-10-20,2021-10-18,58.86,78.0,38.0,41.72,4.79,0.0
2021,35,SR-SPR1,29.0,2021-08-27,2021-08-23,85.0,105.0,64.0,16.53,5.1,0.0
2021,35,SR-SPR2,24.0,2021-08-27,2021-08-23,85.0,105.0,64.0,16.53,5.1,0.0
2021,35,SR-SPR4,1.0,2021-08-27,2021-08-23,85.0,105.0,64.0,16.53,5.1,0.0
2021,35,SR-SPR5,1.0,2021-08-27,2021-08-23,85.0,105.0,64.0,16.53,5.1,0.0
2021,35,SR-SPR6,12.0,2021-08-27,2021-08-23,85.0,105.0,64.0,16.53,5.1,0.0
2018,21,SR-STG,5.0,2018-05-22,2018-05-21,74.29,93.0,56.0,21.16,8.79,0.02
2020,35,SR-STG 100 W,4.0,2020-08-28,2020-08-24,88.14,105.0,68.0,24.84,6.4,0.0
2025,31,SR-Shargri La,0.0,2025-07-29,2025-07-28,87.29,104.0,68.0,10.27,7.41,0.0
2025,34,SR-Shargri La,0.0,2025-08-19,2025-08-18,90.28,107.0,70.0,21.51,6.22,0.02
2018,23,SR-WAS,470.0,2018-06-08,2018-06-04,83.71,103.0,67.0,11.06,9.74,0.0
2020,37,SR2,2.0,2020-09-11,2020-09-07,74.57,103.0,54.0,18.03,8.51,0.0
2020,37,SR3,0.0,2020-09-11,2020-09-07,74.57,103.0,54.0,18.03,8.51,0.0
2020,37,SR4,9.0,2020-09-11,2020-09-07,74.57,103.0,54.0,18.03,8.51,0.0
2020,21,SUNRIVER,1.0,2020-05-19,2020-05-18,67.71,91.0,48.0,21.27,11.93,0.0
2020,22,SUNRIVER,12.0,2020-05-27,2020-05-25,82.57,104.0,56.0,16.38,7.0,0.0
2022,32,Sky Mountain-SR,2.0,2022-08-09,2022-08-08,85.43,104.0,73.0,46.98,6.6,0.15
2018,14,TOQ001,0.0,2018-04-05,2018-04-02,65.14,86.0,42.0,28.12,7.03,0.21
2018,15,TOQ001,3.0,2018-04-12,2018-04-09,63.46,89.0,41.0,20.22,10.2,0.0
2018,16,TOQ001,4.0,2018-04-19,2018-04-16,61.57,85.0,40.0,25.9,10.43,0.07
2018,17,TOQ001,6.0,2018-04-26,2018-04-23,73.43,93.0,52.0,15.46,8.84,0.0
2018,19,TOQ001,0.0,2018-05-10,2018-05-07,75.57,98.0,53.0,17.85,8.4,0.0
2018,20,TOQ001,1.0,2018-05-17,2018-05-14,73.29,91.0,56.0,18.36,8.04,0.0
2018,21,TOQ001,0.0,2018-05-23,2018-05-21,74.29,93.0,56.0,21.16,8.79,0.02
2018,22,TOQ001,1.0,2018-05-31,2018-05-28,79.71,100.0,59.0,17.46,8.91,0.0
2018,23,TOQ001,1.0,2018-06-07,2018-06-04,83.71,103.0,67.0,11.06,9.74,0.0
2018,24,TOQ001,1.0,2018-06-14,2018-06-11,85.0,104.0,66.0,17.22,10.77,0.0
2018,25,TOQ001,0.0,2018-06-21,2018-06-18,86.0,106.0,63.0,12.23,7.69,0.0
2018,26,TOQ001,2.0,2018-06-28,2018-06-25,87.97,105.0,69.0,10.63,8.06,0.0
2018,27,TOQ001,0.0,2018-07-06,2018-07-02,90.71,108.0,73.0,16.33,9.23,0.01
2018,28,TOQ001,2.0,2018-07-12,2018-07-09,86.43,105.0,69.0,49.03,7.43,0.04
2018,29,TOQ001,10.0,2018-07-19,2018-07-16,89.71,106.0,71.0,39.86,8.12,0.01
2018,30,TOQ001,5.0,2018-07-27,2018-07-23,93.43,110.0,76.0,24.21,7.73,0.0
2018,31,TOQ001,10.0,2018-08-02,2018-07-30,90.68,107.0,71.0,31.48,7.53,0.3
2018,32,TOQ001,6.0,2018-08-09,2018-08-06,88.14,107.0,67.0,26.12,6.96,0.13
2018,33,TOQ001,11.0,2018-08-16,2018-08-13,88.28,105.0,70.0,32.05,7.08,0.02
2018,35,TOQ001,10.0,2018-08-30,2018-08-27,82.6,98.0,63.0,20.41,5.97,0.0
2019,17,TOQ001,20.0,2019-04-24,2019-04-22,71.29,91.0,47.0,33.57,6.59,0.01
2019,20,TOQ001,6.0,2019-05-15,2019-05-13,66.43,89.0,44.0,37.1,8.59,0.05
2019,23,TOQ001,9.0,2019-06-05,2019-06-03,79.1,98.0,60.0,22.42,8.93,0.0
2019,24,TOQ001,8.0,2019-06-13,2019-06-10,82.74,103.0,61.0,19.82,6.11,0.03
2019,25,TOQ001,7.0,2019-06-19,2019-06-17,79.49,99.0,57.0,24.11,8.11,0.01
2019,26,TOQ001,0.0,2019-06-27,2019-06-24,83.11,100.0,63.0,15.7,8.24,0.01
2019,27,TOQ001,0.0,2019-07-03,2019-07-01,84.14,101.0,66.0,14.45,7.61,0.0
2019,28,TOQ001,0.0,2019-07-10,2019-07-08,87.71,106.0,68.0,18.12,7.13,0.01
2019,29,TOQ001,0.0,2019-07-17,2019-07-15,88.14,107.0,70.0,14.48,7.39,0.0
2019,30,TOQ001,0.0,2019-07-24,2019-07-22,89.64,106.0,70.0,29.3,6.67,0.02
2019,31,TOQ001,0.0,2019-07-31,2019-07-29,89.44,107.0,69.0,29.18,6.86,0.03
2019,32,TOQ001,0.0,2019-08-07,2019-08-05,88.64,107.0,74.0,29.96,9.1,0.0
2019,33,TOQ001,0.0,2019-08-14,2019-08-12,88.17,105.0,69.0,12.19,5.71,0.0
2022,31,TOQ001,8.0,2022-08-02,2022-08-01,87.29,102.0,73.0,42.64,6.47,0.08
2022,33,TOQ001,5.0,2022-08-16,2022-08-15,84.43,99.0,71.0,49.42,6.64,0.04
2023,20,TOQ001,6.0,2023-05-16,2023-05-15,76.17,91.0,57.0,36.7,7.22,0.17
2023,21,TOQ001,3.0,2023-05-23,2023-05-22,76.29,93.0,57.0,22.04,7.76,0.02
2018,14,TOQ002,0.0,2018-04-05,2018-04-02,65.14,86.0,42.0,28.12,7.03,0.21
2018,15,TOQ002,0.0,2018-04-12,2018-04-09,63.46,89.0,41.0,20.22,10.2,0.0
2018,16,TOQ002,0.0,2018-04-19,2018-04-16,61.57,85.0,40.0,25.9,10.43,0.07
2018,17,TOQ002,2.0,2018-04-26,2018-04-23,73.43,93.0,52.0,15.46,8.84,0.0
2018,19,TOQ002,1.0,2018-05-10,2018-05-07,75.57,98.0,53.0,17.85,8.4,0.0
2018,20,TOQ002,0.0,2018-05-17,2018-05-14,73.29,91.0,56.0,18.36,8.04,0.0
2018,21,TOQ002,2.0,2018-05-23,2018-05-21,74.29,93.0,56.0,21.16,8.79,0.02
2018,22,TOQ002,0.0,2018-05-31,2018-05-28,79.71,100.0,59.0,17.46,8.91,0.0
2018,23,TOQ002,0.0,2018-06-07,2018-06-04,83.71,103.0,67.0,11.06,9.74,0.0
2018,24,TOQ002,0.0,2018-06-14,2018-06-11,85.0,104.0,66.0,17.22,10.77,0.0
2018,25,TOQ002,1.0,2018-06-21,2018-06-18,86.0,106.0,63.0,12.23,7.69,0.0
2018,26,TOQ002,3.0,2018-06-28,2018-06-25,87.97,105.0,69.0,10.63,8.06,0.0
2018,27,TOQ002,0.0,2018-07-06,2018-07-02,90.71,108.0,73.0,16.33,9.23,0.01
2018,28,TOQ002,0.0,2018-07-12,2018-07-09,86.43,105.0,69.0,49.03,7.43,0.04
2018,29,TOQ002,0.0,2018-07-19,2018-07-16,89.71,106.0,71.0,39.86,8.12,0.01
2018,30,TOQ002,3.0,2018-07-27,2018-07-23,93.43,110.0,76.0,24.21,7.73,0.0
2018,31,TOQ002,0.0,2018-08-02,2018-07-30,90.68,107.0,71.0,31.48,7.53,0.3
2018,32,TOQ002,0.0,2018-08-09,2018-08-06,88.14,107.0,67.0,26.12,6.96,0.13
2018,33,TOQ002,5.0,2018-08-16,2018-08-13,88.28,105.0,70.0,32.05,7.08,0.02
2018,35,TOQ002,4.0,2018-08-30,2018-08-27,82.6,98.0,63.0,20.41,5.97,0.0
2019,24,TOQ002,0.0,2019-06-13,2019-06-10,82.74,103.0,61.0,19.82,6.11,0.03
2019,25,TOQ002,0.0,2019-06-19,2019-06-17,79.49,99.0,57.0,24.11,8.11,0.01
2019,26,TOQ002,0.0,2019-06-27,2019-06-24,83.11,100.0,63.0,15.7,8.24,0.01
2019,27,TOQ002,0.0,2019-07-03,2019-07-01,84.14,101.0,66.0,14.45,7.61,0.0
2019,28,TOQ002,0.0,2019-07-10,2019-07-08,87.71,106.0,68.0,18.12,7.13,0.01
2019,29,TOQ002,45.0,2019-07-17,2019-07-15,88.14,107.0,70.0,14.48,7.39,0.0
2019,30,TOQ002,20.0,2019-07-24,2019-07-22,89.64,106.0,70.0,29.3,6.67,0.02
2019,31,TOQ002,49.0,2019-07-31,2019-07-29,89.44,107.0,69.0,29.18,6.86,0.03
2019,32,TOQ002,63.0,2019-08-07,2019-08-05,88.64,107.0,74.0,29.96,9.1,0.0
2019,33,TOQ002,144.0,2019-08-14,2019-08-12,88.17,105.0,69.0,12.19,5.71,0.0
2019,34,TOQ002,104.0,2019-08-21,2019-08-19,85.43,104.0,68.0,15.05,5.87,0.0
2019,35,TOQ002,93.0,2019-08-28,2019-08-26,87.43,105.0,68.0,21.23,5.8,0.01
2019,36,TOQ002,48.0,2019-09-04,2019-09-02,87.71,103.0,72.0,26.15,7.17,0.01
2019,37,TOQ002,16.0,2019-09-11,2019-09-09,78.29,98.0,60.0,19.35,7.39,0.0
2019,38,TOQ002,11.0,2019-09-18,2019-09-16,74.0,94.0,52.0,18.87,9.07,0.0
2019,39,TOQ002,30.0,2019-09-25,2019-09-23,73.57,92.0,55.0,31.41,8.87,0.01
2020,21,TOQ002,0.0,2020-05-20,2020-05-18,67.71,91.0,48.0,21.27,11.93,0.0
2020,23,TOQ002,0.0,2020-06-03,2020-06-01,82.0,103.0,61.0,17.6,9.17,0.01
2020,29,TOQ002,6.0,2020-07-15,2020-07-13,91.29,109.0,72.0,14.58,7.94,0.0
2020,30,TOQ002,5.0,2020-07-22,2020-07-20,88.71,106.0,72.0,23.53,9.24,0.0
2020,31,TOQ002,11.0,2020-07-29,2020-07-27,91.2,110.0,69.0,14.51,6.36,0.01
2020,32,TOQ002,23.0,2020-08-05,2020-08-03,86.29,104.0,66.0,11.15,7.09,0.0
2020,33,TOQ002,16.0,2020-08-12,2020-08-10,87.86,111.0,66.0,13.36,5.31,0.0
2020,34,TOQ002,22.0,2020-08-19,2020-08-17,92.43,111.0,70.0,21.14,6.49,0.04
2021,21,TOQ002,0.0,2021-05-19,2021-05-17,68.86,94.0,46.0,18.96,11.83,0.01
2021,25,TOQ002,3.0,2021-06-15,2021-06-14,93.57,112.0,74.0,10.62,6.11,0.0
2021,28,TOQ002,4.0,2021-07-07,2021-07-05,97.0,114.0,77.0,14.18,6.67,0.0
2021,33,TOQ002,9.0,2021-08-10,2021-08-09,89.14,105.0,71.0,30.35,7.0,0.0
2021,34,TOQ002,0.0,2021-08-17,2021-08-16,83.57,104.0,63.0,33.14,9.8,0.0
2021,35,TOQ002,0.0,2021-08-24,2021-08-23,85.0,105.0,64.0,16.53,5.1,0.0
2021,36,TOQ002,0.0,2021-08-31,2021-08-30,82.65,103.0,66.0,39.27,5.46,0.0
2021,37,TOQ002,0.0,2021-09-08,2021-09-06,87.43,105.0,70.0,23.57,5.31,0.0
2021,38,TOQ002,0.0,2021-09-14,2021-09-13,79.71,100.0,60.0,26.2,5.8,0.01
2022,26,TOQ002,0.0,2022-06-28,2022-06-27,90.29,104.0,75.0,20.08,10.89,0.01
2024,27,TOQ002,1.0,2024-07-03,2024-07-01,91.14,112.0,73.0,9.89,8.01,0.0
2024,35,TOQ002,3.0,2024-08-28,2024-08-26,83.35,102.0,61.0,20.93,5.56,0.01
2025,30,TOQ002,0.0,2025-07-22,2025-07-21,84.17,99.0,68.0,14.91,7.65,0.15
2025,35,TOQ002,18.0,2025-08-26,2025-08-25,78.8,80.0,77.0,47.6,4.8,0.0
2021,23,VIEW POINT POND,100.0,2021-06-02,2021-05-31,85.43,105.0,62.0,11.61,7.33,0.0
2021,20,VIEW POINT SR,3008.0,2021-05-15,2021-05-10,73.86,93.0,53.0,13.04,8.36,0.0
2021,21,VIEW POINT SR,1228.0,2021-05-19,2021-05-17,68.86,94.0,46.0,18.96,11.83,0.01
2021,23,VIEW POINTE POND,23.0,2021-06-02,2021-05-31,85.43,105.0,62.0,11.61,7.33,0.0
2021,22,VIEW POINTE SR,36.0,2021-05-25,2021-05-24,75.71,95.0,52.0,12.2,6.24,0.0
2018,17,VIR001,18.0,2018-04-26,2018-04-23,73.43,93.0,52.0,15.46,8.84,0.0
2018,20,VIR001,10.0,2018-05-17,2018-05-14,73.29,91.0,56.0,18.36,8.04,0.0
2018,21,VIR001,25.0,2018-05-23,2018-05-21,74.29,93.0,56.0,21.16,8.79,0.02
2018,22,VIR001,11.0,2018-05-30,2018-05-28,79.71,100.0,59.0,17.46,8.91,0.0
2018,23,VIR001,10.0,2018-06-07,2018-06-04,83.71,103.0,67.0,11.06,9.74,0.0
2018,24,VIR001,36.0,2018-06-13,2018-06-11,85.0,104.0,66.0,17.22,10.77,0.0
2018,25,VIR001,1.0,2018-06-20,2018-06-18,86.0,106.0,63.0,12.23,7.69,0.0
2018,26,VIR001,0.0,2018-06-27,2018-06-25,87.97,105.0,69.0,10.63,8.06,0.0
2018,27,VIR001,0.0,2018-07-05,2018-07-02,90.71,108.0,73.0,16.33,9.23,0.01
2018,28,VIR001,4.0,2018-07-11,2018-07-09,86.43,105.0,69.0,49.03,7.43,0.04
2018,29,VIR001,5.0,2018-07-18,2018-07-16,89.71,106.0,71.0,39.86,8.12,0.01
2018,30,VIR001,2.0,2018-07-25,2018-07-23,93.43,110.0,76.0,24.21,7.73,0.0
2018,31,VIR001,2.0,2018-08-01,2018-07-30,90.68,107.0,71.0,31.48,7.53,0.3
2018,32,VIR001,3.0,2018-08-08,2018-08-06,88.14,107.0,67.0,26.12,6.96,0.13
2018,33,VIR001,2.0,2018-08-15,2018-08-13,88.28,105.0,70.0,32.05,7.08,0.02
2018,35,VIR001,1.0,2018-08-30,2018-08-27,82.6,98.0,63.0,20.41,5.97,0.0
2018,37,VIR001,0.0,2018-09-12,2018-09-10,83.06,99.0,63.0,16.28,8.08,0.0
2018,38,VIR001,2.0,2018-09-19,2018-09-17,79.86,97.0,60.0,21.28,5.79,0.0
2018,39,VIR001,1.0,2018-09-26,2018-09-24,78.29,94.0,57.0,18.37,6.69,0.0
2019,20,VIR001,1.0,2019-05-15,2019-05-13,66.43,89.0,44.0,37.1,8.59,0.05
2019,23,VIR001,508.0,2019-06-05,2019-06-03,79.1,98.0,60.0,22.42,8.93,0.0
2019,24,VIR001,103.0,2019-06-13,2019-06-10,82.74,103.0,61.0,19.82,6.11,0.03
2019,25,VIR001,2.0,2019-06-19,2019-06-17,79.49,99.0,57.0,24.11,8.11,0.01
2019,26,VIR001,3.0,2019-06-26,2019-06-24,83.11,100.0,63.0,15.7,8.24,0.01
2018,17,VIR004,1.0,2018-04-26,2018-04-23,73.43,93.0,52.0,15.46,8.84,0.0
2018,19,VIR004,5.0,2018-05-10,2018-05-07,75.57,98.0,53.0,17.85,8.4,0.0
2018,21,VIR004,0.0,2018-05-23,2018-05-21,74.29,93.0,56.0,21.16,8.79,0.02
2018,22,VIR004,14.0,2018-05-30,2018-05-28,79.71,100.0,59.0,17.46,8.91,0.0
2018,23,VIR004,10.0,2018-06-07,2018-06-04,83.71,103.0,67.0,11.06,9.74,0.0
2018,24,VIR004,25.0,2018-06-13,2018-06-11,85.0,104.0,66.0,17.22,10.77,0.0
2018,25,VIR004,8.0,2018-06-20,2018-06-18,86.0,106.0,63.0,12.23,7.69,0.0
2018,26,VIR004,0.0,2018-06-27,2018-06-25,87.97,105.0,69.0,10.63,8.06,0.0
2018,27,VIR004,11.0,2018-07-05,2018-07-02,90.71,108.0,73.0,16.33,9.23,0.01
2018,28,VIR004,16.0,2018-07-11,2018-07-09,86.43,105.0,69.0,49.03,7.43,0.04
2018,29,VIR004,10.0,2018-07-18,2018-07-16,89.71,106.0,71.0,39.86,8.12,0.01
2018,30,VIR004,9.0,2018-07-25,2018-07-23,93.43,110.0,76.0,24.21,7.73,0.0
2018,31,VIR004,17.0,2018-08-01,2018-07-30,90.68,107.0,71.0,31.48,7.53,0.3
2018,32,VIR004,11.0,2018-08-08,2018-08-06,88.14,107.0,67.0,26.12,6.96,0.13
2018,33,VIR004,23.0,2018-08-15,2018-08-13,88.28,105.0,70.0,32.05,7.08,0.02
2018,35,VIR004,0.0,2018-08-30,2018-08-27,82.6,98.0,63.0,20.41,5.97,0.0
2019,29,VIR004,17.0,2019-07-17,2019-07-15,88.14,107.0,70.0,14.48,7.39,0.0
2023,38,VIR004,4.0,2023-09-19,2023-09-18,72.14,92.0,53.0,37.06,5.07,0.05
2019,31,VIR006,80.0,2019-07-31,2019-07-29,89.44,107.0,69.0,29.18,6.86,0.03
2019,32,VIR006,193.0,2019-08-07,2019-08-05,88.64,107.0,74.0,29.96,9.1,0.0
2019,33,VIR006,93.0,2019-08-14,2019-08-12,88.17,105.0,69.0,12.19,5.71,0.0
2019,34,VIR006,50.0,2019-08-21,2019-08-19,85.43,104.0,68.0,15.05,5.87,0.0
2019,35,VIR006,14.0,2019-08-28,2019-08-26,87.43,105.0,68.0,21.23,5.8,0.01
2019,36,VIR006,8.0,2019-09-04,2019-09-02,87.71,103.0,72.0,26.15,7.17,0.01
2019,37,VIR006,191.0,2019-09-11,2019-09-09,78.29,98.0,60.0,19.35,7.39,0.0
2019,38,VIR006,34.0,2019-09-18,2019-09-16,74.0,94.0,52.0,18.87,9.07,0.0
2019,39,VIR006,115.0,2019-09-25,2019-09-23,73.57,92.0,55.0,31.41,8.87,0.01
2019,40,VIR006,5.0,2019-09-25,2019-09-23,73.57,92.0,55.0,31.41,8.87,0.01
2020,23,VIR006,0.0,2020-06-03,2020-06-01,82.0,103.0,61.0,17.6,9.17,0.01
2020,24,VIR006,1.0,2020-06-11,2020-06-08,76.0,102.0,51.0,14.17,8.66,0.0
2020,25,VIR006,1.0,2020-06-17,2020-06-15,81.29,101.0,63.0,14.2,9.71,0.0
2020,26,VIR006,5.0,2020-06-23,2020-06-22,88.57,105.0,69.0,14.3,9.31,0.0
2020,27,VIR006,7.0,2020-07-01,2020-06-29,81.86,103.0,55.0,17.66,8.37,0.0
2020,28,VIR006,6.0,2020-07-08,2020-07-06,89.14,109.0,67.0,11.29,7.21,0.0
2020,29,VIR006,4.0,2020-07-15,2020-07-13,91.29,109.0,72.0,14.58,7.94,0.0
2020,30,VIR006,6.0,2020-07-22,2020-07-20,88.71,106.0,72.0,23.53,9.24,0.0
2020,31,VIR006,1.0,2020-07-29,2020-07-27,91.2,110.0,69.0,14.51,6.36,0.01
2020,32,VIR006,2.0,2020-08-05,2020-08-03,86.29,104.0,66.0,11.15,7.09,0.0
2020,33,VIR006,8.0,2020-08-12,2020-08-10,87.86,111.0,66.0,13.36,5.31,0.0
2020,34,VIR006,11.0,2020-08-19,2020-08-17,92.43,111.0,70.0,21.14,6.49,0.04
2020,35,VIR006,44.0,2020-08-26,2020-08-24,88.14,105.0,68.0,24.84,6.4,0.0
2020,36,VIR006,10.0,2020-09-03,2020-08-31,86.29,110.0,66.0,13.93,6.01,0.0
2020,38,VIR006,19.0,2020-09-17,2020-09-14,82.14,100.0,63.0,14.82,5.53,0.0
2020,39,VIR006,14.0,2020-09-23,2020-09-21,79.57,97.0,59.0,20.6,6.17,0.02
2020,40,VIR006,5.0,2020-09-30,2020-09-28,76.0,96.0,55.0,11.26,4.74,0.0
2020,41,VIR006,3.0,2020-10-07,2020-10-05,73.43,94.0,55.0,16.64,4.5,0.0
2021,16,VIR006,3.0,2021-04-13,2021-04-12,61.57,82.0,44.0,23.05,10.11,0.0
2021,17,VIR006,1.0,2021-04-20,2021-04-19,67.76,83.0,47.0,16.96,11.02,0.0
2021,19,VIR006,18.0,2021-05-04,2021-05-03,71.57,94.0,52.0,17.44,8.44,0.0
2021,20,VIR006,5.0,2021-05-11,2021-05-10,73.86,93.0,53.0,13.04,8.36,0.0
2021,21,VIR006,8.0,2021-05-19,2021-05-17,68.86,94.0,46.0,18.96,11.83,0.01
2021,22,VIR006,2.0,2021-05-25,2021-05-24,75.71,95.0,52.0,12.2,6.24,0.0
2021,23,VIR006,4.0,2021-06-02,2021-05-31,85.43,105.0,62.0,11.61,7.33,0.0
2021,24,VIR006,8.0,2021-06-08,2021-06-07,80.57,105.0,58.0,10.22,9.06,0.0
2021,25,VIR006,7.0,2021-06-15,2021-06-14,93.57,112.0,74.0,10.62,6.11,0.0
2021,26,VIR006,2.0,2021-06-23,2021-06-21,87.43,106.0,68.0,18.49,9.26,0.01
2021,27,VIR006,6.0,2021-06-29,2021-06-28,87.86,105.0,72.0,22.67,8.24,0.01
2021,28,VIR006,10.0,2021-07-07,2021-07-05,97.0,114.0,77.0,14.18,6.67,0.0
2021,29,VIR006,12.0,2021-07-13,2021-07-12,87.71,109.0,69.0,42.67,8.01,0.01
2021,30,VIR006,16.0,2021-07-20,2021-07-19,87.43,103.0,72.0,48.8,6.99,0.0
2021,31,VIR006,11.0,2021-07-28,2021-07-26,84.43,102.0,70.0,50.97,6.57,0.0
2021,32,VIR006,8.0,2021-08-03,2021-08-02,89.71,109.0,67.0,20.41,6.91,0.0
2021,33,VIR006,14.0,2021-08-10,2021-08-09,89.14,105.0,71.0,30.35,7.0,0.0
2021,34,VIR006,28.0,2021-08-17,2021-08-16,83.57,104.0,63.0,33.14,9.8,0.0
2021,35,VIR006,4.0,2021-08-24,2021-08-23,85.0,105.0,64.0,16.53,5.1,0.0
2021,36,VIR006,40.0,2021-08-31,2021-08-30,82.65,103.0,66.0,39.27,5.46,0.0
2021,37,VIR006,40.0,2021-09-08,2021-09-06,87.43,105.0,70.0,23.57,5.31,0.0
2021,38,VIR006,24.0,2021-09-14,2021-09-13,79.71,100.0,60.0,26.2,5.8,0.01
2021,39,VIR006,29.0,2021-09-21,2021-09-20,76.43,94.0,56.0,21.3,5.19,0.0
2021,40,VIR006,22.0,2021-09-28,2021-09-27,71.0,90.0,50.0,29.84,5.99,0.0
2021,41,VIR006,22.0,2021-10-05,2021-10-04,67.0,88.0,49.0,56.54,5.14,0.01
2021,43,VIR006,1.0,2021-10-19,2021-10-18,58.86,78.0,38.0,41.72,4.79,0.0
2021,45,VIR006,7.0,2021-11-02,2021-11-01,61.0,79.0,43.0,42.68,3.16,0.0
2021,46,VIR006,1.0,2021-11-09,2021-11-08,57.48,73.0,41.0,43.24,2.69,0.0
2022,17,VIR006,2.0,2022-04-26,2022-04-25,67.86,86.0,42.0,14.43,8.16,0.0
2022,18,VIR006,11.0,2022-05-03,2022-05-02,70.86,92.0,49.0,18.29,11.53,0.0
2022,19,VIR006,2.0,2022-05-11,2022-05-09,66.57,98.0,48.0,14.1,7.17,0.0
2022,21,VIR006,4.0,2022-05-24,2022-05-23,77.71,100.0,55.0,13.06,9.49,0.0
2022,23,VIR006,21.0,2022-06-07,2022-06-06,87.86,106.0,69.0,14.97,8.09,0.0
2022,24,VIR006,6.0,2022-06-15,2022-06-13,81.43,106.0,62.0,11.75,11.51,0.0
2022,25,VIR006,33.0,2022-06-22,2022-06-20,83.14,103.0,57.0,17.12,7.33,0.01
2022,26,VIR006,9.0,2022-06-28,2022-06-27,90.29,104.0,75.0,20.08,10.89,0.01
2022,28,VIR006,8.0,2022-07-12,2022-07-11,93.71,108.0,77.0,24.37,8.04,0.02
2022,29,VIR006,17.0,2022-07-19,2022-07-18,93.57,110.0,79.0,23.5,8.01,0.03
2022,31,VIR006,7.0,2022-08-02,2022-08-01,87.29,102.0,73.0,42.64,6.47,0.08
2022,32,VIR006,11.0,2022-08-09,2022-08-08,85.43,104.0,73.0,46.98,6.6,0.15
2022,33,VIR006,6.0,2022-08-16,2022-08-15,84.43,99.0,71.0,49.42,6.64,0.04
2022,34,VIR006,11.0,2022-08-23,2022-08-22,85.86,103.0,69.0,37.01,5.5,0.47
2022,35,VIR006,34.0,2022-08-30,2022-08-29,90.71,108.0,71.0,22.05,4.3,0.0
2022,36,VIR006,35.0,2022-09-07,2022-09-05,87.29,111.0,66.0,31.95,6.51,0.01
2022,38,VIR006,28.0,2022-09-20,2022-09-19,77.57,93.0,59.0,31.61,5.53,0.0
2022,39,VIR006,14.0,2022-09-27,2022-09-26,77.79,95.0,60.0,35.98,4.8,0.44
2022,41,VIR006,5.0,2022-10-11,2022-10-10,71.14,87.0,55.0,27.73,4.26,0.0
2022,42,VIR006,16.0,2022-10-19,2022-10-17,64.29,85.0,39.0,33.49,6.11,0.34
2023,20,VIR006,2.0,2023-05-16,2023-05-15,76.17,91.0,57.0,36.7,7.22,0.17
2023,22,VIR006,0.0,2023-05-31,2023-05-29,75.71,94.0,57.0,21.94,7.03,0.02
2022,38,VIR007,120.0,2022-09-20,2022-09-19,77.57,93.0,59.0,31.61,5.53,0.0
2022,39,VIR007,68.0,2022-09-27,2022-09-26,77.79,95.0,60.0,35.98,4.8,0.44
2023,21,VIR008,32.0,2023-05-23,2023-05-22,76.29,93.0,57.0,22.04,7.76,0.02
2023,22,VIR008,69.0,2023-05-31,2023-05-29,75.71,94.0,57.0,21.94,7.03,0.02
2023,23,VIR008,295.0,2023-06-06,2023-06-05,77.16,97.0,61.0,18.28,8.09,0.01
2023,24,VIR008,526.0,2023-06-13,2023-06-12,75.71,98.0,57.0,37.66,7.94,0.09
2023,25,VIR008,330.0,2023-06-21,2023-06-19,78.43,97.0,57.0,11.78,9.56,0.0
2023,26,VIR008,25.0,2023-06-27,2023-06-26,83.29,107.0,64.0,13.59,6.69,0.0
2023,27,VIR008,140.0,2023-07-04,2023-07-03,87.14,109.0,67.0,9.62,7.04,0.0
2023,28,VIR008,93.0,2023-07-11,2023-07-10,92.29,114.0,73.0,16.33,6.26,0.0
2023,29,VIR008,73.0,2023-07-18,2023-07-17,95.14,112.0,77.0,19.31,8.4,0.0
2023,30,VIR008,393.0,2023-07-26,2023-07-24,92.29,109.0,74.0,24.69,9.04,0.02
2023,31,VIR008,14.0,2023-08-01,2023-07-31,83.14,103.0,67.0,38.68,5.63,0.47
2023,32,VIR008,127.0,2023-08-08,2023-08-07,83.57,103.0,65.0,31.35,7.11,0.2
2023,33,VIR008,98.0,2023-08-15,2023-08-14,82.57,101.0,65.0,50.17,6.24,0.21
2023,35,VIR008,92.0,2023-08-29,2023-08-28,81.46,106.0,65.0,50.86,6.43,2.76
2023,36,VIR008,137.0,2023-09-06,2023-09-04,77.24,98.0,62.0,44.32,4.47,0.02
2023,37,VIR008,135.0,2023-09-12,2023-09-11,76.86,94.0,61.0,45.56,3.95,0.04
2023,38,VIR008,85.0,2023-09-19,2023-09-18,72.14,92.0,53.0,37.06,5.07,0.05
2023,39,VIR008,73.0,2023-09-26,2023-09-25,71.43,91.0,52.0,33.39,6.0,0.04
2023,40,VIR008,2.0,2023-10-03,2023-10-02,68.07,89.0,48.0,41.49,4.69,0.19
2023,41,VIR008,14.0,2023-10-10,2023-10-09,66.29,88.0,46.0,30.17,5.31,0.0
2023,42,VIR008,29.0,2023-10-17,2023-10-16,70.86,89.0,50.0,26.1,3.17,0.0
2023,43,VIR008,3.0,2023-10-24,2023-10-23,59.86,78.0,41.0,34.92,7.0,0.0
2024,17,VIR008,4.0,2024-04-23,2024-04-22,66.29,89.0,47.0,31.77,8.99,0.02
2024,18,VIR008,1.0,2024-04-30,2024-04-29,66.86,86.0,46.0,22.07,8.71,0.01
2024,19,VIR008,0.0,2024-05-07,2024-05-06,63.0,88.0,39.0,27.17,9.03,0.01
2024,20,VIR008,5.0,2024-05-14,2024-05-13,77.14,94.0,57.0,18.19,8.07,0.0
2024,21,VIR008,31.0,2024-05-22,2024-05-20,73.14,89.0,52.0,17.04,10.24,0.0
2024,22,VIR008,12.0,2024-05-29,2024-05-27,80.86,98.0,61.0,13.38,7.24,0.0
2024,23,VIR008,25.0,2024-06-04,2024-06-03,87.71,108.0,69.0,15.77,7.36,0.0
2024,24,VIR008,18.0,2024-06-11,2024-06-10,87.06,105.0,68.0,11.63,7.06,0.0
2024,25,VIR008,4.0,2024-06-18,2024-06-17,84.86,106.0,63.0,14.44,8.46,0.0
2024,26,VIR008,11.0,2024-06-25,2024-06-24,93.29,108.0,76.0,20.9,10.33,0.0
2024,27,VIR008,9.0,2024-07-02,2024-07-01,91.14,112.0,73.0,9.89,8.01,0.0
2024,28,VIR008,11.0,2024-07-09,2024-07-08,93.9,114.0,75.0,13.82,6.95,0.02
2024,29,VIR008,21.0,2024-07-16,2024-07-15,92.97,108.0,76.0,25.97,8.11,0.11
2024,30,VIR008,11.0,2024-07-23,2024-07-22,92.29,108.0,70.0,23.47,8.79,0.09
2024,31,VIR008,6.0,2024-07-30,2024-07-29,89.29,106.0,69.0,19.72,6.89,0.01
2024,32,VIR008,15.0,2024-08-06,2024-08-05,92.57,109.0,79.0,29.7,9.17,0.03
2024,33,VIR008,9.0,2024-08-13,2024-08-12,87.86,103.0,71.0,30.48,8.99,1.23
2024,34,VIR008,9.0,2024-08-20,2024-08-19,84.71,104.0,68.0,33.33,11.16,0.11
2024,35,VIR008,8.0,2024-08-27,2024-08-26,83.35,102.0,61.0,20.93,5.56,0.01
2024,36,VIR008,8.0,2024-09-04,2024-09-02,87.3,103.0,70.0,19.12,6.56,0.01
2024,37,VIR008,14.0,2024-09-10,2024-09-09,82.19,100.0,61.0,19.17,8.0,0.0
2024,38,VIR008,24.0,2024-09-19,2024-09-16,73.71,91.0,55.0,24.7,7.77,0.02
2024,39,VIR008,34.0,2024-09-24,2024-09-23,82.0,102.0,62.0,16.39,4.43,0.0
2024,40,VIR008,28.0,2024-10-01,2024-09-30,82.0,101.0,62.0,15.02,3.97,0.0
2024,41,VIR008,72.0,2024-10-08,2024-10-07,77.84,96.0,59.0,16.75,4.12,0.0
2024,42,VIR008,11.0,2024-10-16,2024-10-14,67.63,89.0,48.0,35.66,8.2,0.31
2024,43,VIR008,12.0,2024-10-22,2024-10-21,64.43,82.0,48.0,34.79,2.73,0.0
2025,20,VIR008,10.0,2025-05-14,2025-05-12,68.43,92.0,51.0,24.01,11.31,0.04
2025,21,VIR008,2.0,2025-05-20,2025-05-19,76.29,97.0,54.0,14.39,7.89,0.0
2025,22,VIR008,10.0,2025-05-28,2025-05-26,83.71,104.0,62.0,13.95,6.5,0.0
2025,23,VIR008,7.0,2025-06-03,2025-06-02,78.84,101.0,59.0,39.72,7.61,1.74
2025,24,VIR008,12.0,2025-06-10,2025-06-09,88.43,105.0,71.0,13.16,8.49,0.0
2025,25,VIR008,35.0,2025-06-17,2025-06-16,86.43,107.0,62.0,8.95,11.21,0.0
2025,26,VIR008,11.0,2025-06-24,2025-06-23,82.86,102.0,64.0,12.5,6.21,0.0
2025,27,VIR008,19.0,2025-07-02,2025-06-30,88.18,106.0,69.0,19.18,9.14,0.01
2025,28,VIR008,25.0,2025-07-08,2025-07-07,91.55,108.0,70.0,13.12,6.7,0.0
2025,32,VIR008,4.0,2025-08-05,2025-08-04,90.86,108.0,74.0,10.49,8.59,0.0
2020,25,WA006,7.0,2020-06-16,2020-06-15,81.29,101.0,63.0,14.2,9.71,0.0
2018,14,WAS001,1.0,2018-04-04,2018-04-02,65.14,86.0,42.0,28.12,7.03,0.21
2018,15,WAS001,3.0,2018-04-11,2018-04-09,63.46,89.0,41.0,20.22,10.2,0.0
2018,16,WAS001,0.0,2018-04-18,2018-04-16,61.57,85.0,40.0,25.9,10.43,0.07
2018,17,WAS001,7.0,2018-04-25,2018-04-23,73.43,93.0,52.0,15.46,8.84,0.0
2018,18,WAS001,1.0,2018-05-04,2018-04-30,65.14,94.0,44.0,40.18,5.51,0.3
2018,19,WAS001,4.0,2018-05-09,2018-05-07,75.57,98.0,53.0,17.85,8.4,0.0
2018,20,WAS001,2.0,2018-05-16,2018-05-14,73.29,91.0,56.0,18.36,8.04,0.0
2018,21,WAS001,1.0,2018-05-23,2018-05-21,74.29,93.0,56.0,21.16,8.79,0.02
2018,22,WAS001,3.0,2018-05-30,2018-05-28,79.71,100.0,59.0,17.46,8.91,0.0
2018,23,WAS001,4.0,2018-06-06,2018-06-04,83.71,103.0,67.0,11.06,9.74,0.0
2018,24,WAS001,4.0,2018-06-13,2018-06-11,85.0,104.0,66.0,17.22,10.77,0.0
2018,25,WAS001,0.0,2018-06-20,2018-06-18,86.0,106.0,63.0,12.23,7.69,0.0
2018,26,WAS001,7.0,2018-06-27,2018-06-25,87.97,105.0,69.0,10.63,8.06,0.0
2018,27,WAS001,3.0,2018-07-03,2018-07-02,90.71,108.0,73.0,16.33,9.23,0.01
2018,28,WAS001,3.0,2018-07-11,2018-07-09,86.43,105.0,69.0,49.03,7.43,0.04
2018,29,WAS001,24.0,2018-07-18,2018-07-16,89.71,106.0,71.0,39.86,8.12,0.01
2018,30,WAS001,125.0,2018-07-26,2018-07-23,93.43,110.0,76.0,24.21,7.73,0.0
2018,31,WAS001,406.0,2018-08-01,2018-07-30,90.68,107.0,71.0,31.48,7.53,0.3
2018,32,WAS001,168.0,2018-08-08,2018-08-06,88.14,107.0,67.0,26.12,6.96,0.13
2018,33,WAS001,210.0,2018-08-15,2018-08-13,88.28,105.0,70.0,32.05,7.08,0.02
2018,34,WAS001,14.0,2018-08-22,2018-08-20,84.43,105.0,67.0,41.61,9.19,0.81
2018,35,WAS001,205.0,2018-08-29,2018-08-27,82.6,98.0,63.0,20.41,5.97,0.0
2018,36,WAS001,356.0,2018-09-06,2018-09-03,82.29,101.0,66.0,30.0,5.73,0.14
2018,37,WAS001,194.0,2018-09-12,2018-09-10,83.06,99.0,63.0,16.28,8.08,0.0
2018,38,WAS001,86.0,2018-09-19,2018-09-17,79.86,97.0,60.0,21.28,5.79,0.0
2018,39,WAS001,58.0,2018-09-26,2018-09-24,78.29,94.0,57.0,18.37,6.69,0.0
2018,41,WAS001,17.0,2018-10-11,2018-10-08,61.14,77.0,46.0,43.6,8.24,0.01
2018,42,WAS001,0.0,2018-10-17,2018-10-15,59.43,82.0,41.0,38.75,6.56,0.06
2019,17,WAS001,8.0,2019-04-24,2019-04-22,71.29,91.0,47.0,33.57,6.59,0.01
2019,18,WAS001,6.0,2019-05-01,2019-04-29,63.71,88.0,45.0,41.02,6.13,0.06
2019,19,WAS001,140.0,2019-05-07,2019-05-06,65.72,84.0,50.0,46.66,6.97,1.03
2019,20,WAS001,62.0,2019-05-14,2019-05-13,66.43,89.0,44.0,37.1,8.59,0.05
2019,21,WAS001,13.0,2019-05-22,2019-05-20,59.86,82.0,46.0,51.86,8.06,0.2
2019,22,WAS001,25.0,2019-05-30,2019-05-27,68.09,91.0,49.0,40.99,6.13,0.14
2019,23,WAS001,98.0,2019-06-04,2019-06-03,79.1,98.0,60.0,22.42,8.93,0.0
2019,24,WAS001,92.0,2019-06-12,2019-06-10,82.74,103.0,61.0,19.82,6.11,0.03
2019,25,WAS001,65.0,2019-06-18,2019-06-17,79.49,99.0,57.0,24.11,8.11,0.01
2019,26,WAS001,44.0,2019-06-25,2019-06-24,83.11,100.0,63.0,15.7,8.24,0.01
2019,27,WAS001,44.0,2019-07-02,2019-07-01,84.14,101.0,66.0,14.45,7.61,0.0
2019,28,WAS001,22.0,2019-07-09,2019-07-08,87.71,106.0,68.0,18.12,7.13,0.01
2019,29,WAS001,18.0,2019-07-16,2019-07-15,88.14,107.0,70.0,14.48,7.39,0.0
2019,30,WAS001,54.0,2019-07-24,2019-07-22,89.64,106.0,70.0,29.3,6.67,0.02
2019,31,WAS001,41.0,2019-07-31,2019-07-29,89.44,107.0,69.0,29.18,6.86,0.03
2019,32,WAS001,36.0,2019-08-07,2019-08-05,88.64,107.0,74.0,29.96,9.1,0.0
2019,33,WAS001,12.0,2019-08-14,2019-08-12,88.17,105.0,69.0,12.19,5.71,0.0
2019,34,WAS001,9.0,2019-08-21,2019-08-19,85.43,104.0,68.0,15.05,5.87,0.0
2019,35,WAS001,14.0,2019-08-27,2019-08-26,87.43,105.0,68.0,21.23,5.8,0.01
2019,36,WAS001,0.0,2019-09-04,2019-09-02,87.71,103.0,72.0,26.15,7.17,0.01
2019,37,WAS001,0.0,2019-09-10,2019-09-09,78.29,98.0,60.0,19.35,7.39,0.0
2020,17,WAS001,2.0,2020-04-21,2020-04-20,66.0,86.0,47.0,42.3,5.31,0.21
2020,20,WAS001,52.0,2020-05-12,2020-05-11,73.57,93.0,56.0,23.1,9.91,0.0
2020,21,WAS001,26.0,2020-05-19,2020-05-18,67.71,91.0,48.0,21.27,11.93,0.0
2020,22,WAS001,39.0,2020-05-27,2020-05-25,82.57,104.0,56.0,16.38,7.0,0.0
2020,23,WAS001,32.0,2020-06-02,2020-06-01,82.0,103.0,61.0,17.6,9.17,0.01
2020,25,WAS001,28.0,2020-06-16,2020-06-15,81.29,101.0,63.0,14.2,9.71,0.0
2020,26,WAS001,7.0,2020-06-23,2020-06-22,88.57,105.0,69.0,14.3,9.31,0.0
2020,28,WAS001,12.0,2020-07-07,2020-07-06,89.14,109.0,67.0,11.29,7.21,0.0
2020,29,WAS001,107.0,2020-07-14,2020-07-13,91.29,109.0,72.0,14.58,7.94,0.0
2022,38,WAS001,1759.0,2022-09-20,2022-09-19,77.57,93.0,59.0,31.61,5.53,0.0
2022,39,WAS001,151.0,2022-09-27,2022-09-26,77.79,95.0,60.0,35.98,4.8,0.44
2022,40,WAS001,14.0,2022-10-04,2022-10-03,73.52,88.0,58.0,36.66,4.44,0.01
2022,41,WAS001,19.0,2022-10-11,2022-10-10,71.14,87.0,55.0,27.73,4.26,0.0
2023,20,WAS001,220.0,2023-05-16,2023-05-15,76.17,91.0,57.0,36.7,7.22,0.17
2023,21,WAS001,30.0,2023-05-23,2023-05-22,76.29,93.0,57.0,22.04,7.76,0.02
2023,22,WAS001,48.0,2023-05-31,2023-05-29,75.71,94.0,57.0,21.94,7.03,0.02
2023,23,WAS001,56.0,2023-06-06,2023-06-05,77.16,97.0,61.0,18.28,8.09,0.01
2023,24,WAS001,48.0,2023-06-13,2023-06-12,75.71,98.0,57.0,37.66,7.94,0.09
2023,25,WAS001,39.0,2023-06-21,2023-06-19,78.43,97.0,57.0,11.78,9.56,0.0
2023,26,WAS001,43.0,2023-06-27,2023-06-26,83.29,107.0,64.0,13.59,6.69,0.0
2023,27,WAS001,18.0,2023-07-04,2023-07-03,87.14,109.0,67.0,9.62,7.04,0.0
2023,28,WAS001,45.0,2023-07-11,2023-07-10,92.29,114.0,73.0,16.33,6.26,0.0
2023,29,WAS001,12.0,2023-07-18,2023-07-17,95.14,112.0,77.0,19.31,8.4,0.0
2023,30,WAS001,60.0,2023-07-26,2023-07-24,92.29,109.0,74.0,24.69,9.04,0.02
2023,31,WAS001,8.0,2023-08-01,2023-07-31,83.14,103.0,67.0,38.68,5.63,0.47
2023,32,WAS001,10.0,2023-08-08,2023-08-07,83.57,103.0,65.0,31.35,7.11,0.2
2023,33,WAS001,22.0,2023-08-15,2023-08-14,82.57,101.0,65.0,50.17,6.24,0.21
2023,35,WAS001,56.0,2023-08-29,2023-08-28,81.46,106.0,65.0,50.86,6.43,2.76
2023,36,WAS001,21.0,2023-09-06,2023-09-04,77.24,98.0,62.0,44.32,4.47,0.02
2023,37,WAS001,44.0,2023-09-12,2023-09-11,76.86,94.0,61.0,45.56,3.95,0.04
2023,38,WAS001,328.0,2023-09-19,2023-09-18,72.14,92.0,53.0,37.06,5.07,0.05
2023,39,WAS001,203.0,2023-09-26,2023-09-25,71.43,91.0,52.0,33.39,6.0,0.04
2023,40,WAS001,48.0,2023-10-03,2023-10-02,68.07,89.0,48.0,41.49,4.69,0.19
2023,41,WAS001,120.0,2023-10-10,2023-10-09,66.29,88.0,46.0,30.17,5.31,0.0
2023,42,WAS001,51.0,2023-10-17,2023-10-16,70.86,89.0,50.0,26.1,3.17,0.0
2023,43,WAS001,13.0,2023-10-24,2023-10-23,59.86,78.0,41.0,34.92,7.0,0.0
2024,10,WAS001,2.0,2024-03-07,2024-03-04,51.14,66.0,35.0,40.28,5.99,0.01
2024,11,WAS001,3.0,2024-03-12,2024-03-11,51.43,67.0,38.0,50.99,7.97,0.25
2024,12,WAS001,1.0,2024-03-19,2024-03-18,57.29,76.0,39.0,44.37,7.51,0.14
2024,13,WAS001,2.0,2024-03-26,2024-03-25,53.0,72.0,35.0,45.25,7.31,0.69
2024,14,WAS001,3.0,2024-04-03,2024-04-01,54.14,77.0,34.0,41.14,8.71,0.01
2024,15,WAS001,1.0,2024-04-09,2024-04-08,62.29,86.0,41.0,24.65,8.41,0.0
2024,16,WAS001,10.0,2024-04-17,2024-04-15,66.86,88.0,45.0,26.3,5.48,0.0
2024,17,WAS001,228.0,2024-04-23,2024-04-22,66.29,89.0,47.0,31.77,8.99,0.02
2024,18,WAS001,942.0,2024-05-01,2024-04-29,66.86,86.0,46.0,22.07,8.71,0.01
2024,19,WAS001,237.0,2024-05-07,2024-05-06,63.0,88.0,39.0,27.17,9.03,0.01
2024,20,WAS001,215.0,2024-05-14,2024-05-13,77.14,94.0,57.0,18.19,8.07,0.0
2024,21,WAS001,109.0,2024-05-21,2024-05-20,73.14,89.0,52.0,17.04,10.24,0.0
2024,22,WAS001,258.0,2024-05-29,2024-05-27,80.86,98.0,61.0,13.38,7.24,0.0
2024,23,WAS001,834.0,2024-06-04,2024-06-03,87.71,108.0,69.0,15.77,7.36,0.0
2024,24,WAS001,277.0,2024-06-11,2024-06-10,87.06,105.0,68.0,11.63,7.06,0.0
2024,25,WAS001,136.0,2024-06-18,2024-06-17,84.86,106.0,63.0,14.44,8.46,0.0
2024,26,WAS001,236.0,2024-06-25,2024-06-24,93.29,108.0,76.0,20.9,10.33,0.0
2024,27,WAS001,141.0,2024-07-02,2024-07-01,91.14,112.0,73.0,9.89,8.01,0.0
2024,28,WAS001,116.0,2024-07-09,2024-07-08,93.9,114.0,75.0,13.82,6.95,0.02
2024,29,WAS001,89.0,2024-07-16,2024-07-15,92.97,108.0,76.0,25.97,8.11,0.11
2024,30,WAS001,26.0,2024-07-23,2024-07-22,92.29,108.0,70.0,23.47,8.79,0.09
2024,31,WAS001,10.0,2024-07-30,2024-07-29,89.29,106.0,69.0,19.72,6.89,0.01
2024,32,WAS001,10.0,2024-08-06,2024-08-05,92.57,109.0,79.0,29.7,9.17,0.03
2024,33,WAS001,1.0,2024-08-13,2024-08-12,87.86,103.0,71.0,30.48,8.99,1.23
2024,34,WAS001,2.0,2024-08-20,2024-08-19,84.71,104.0,68.0,33.33,11.16,0.11
2024,35,WAS001,1.0,2024-08-27,2024-08-26,83.35,102.0,61.0,20.93,5.56,0.01
2024,36,WAS001,7.0,2024-09-03,2024-09-02,87.3,103.0,70.0,19.12,6.56,0.01
2024,37,WAS001,2.0,2024-09-10,2024-09-09,82.19,100.0,61.0,19.17,8.0,0.0
2024,38,WAS001,20.0,2024-09-17,2024-09-16,73.71,91.0,55.0,24.7,7.77,0.02
2024,39,WAS001,11.0,2024-09-24,2024-09-23,82.0,102.0,62.0,16.39,4.43,0.0
2024,40,WAS001,13.0,2024-10-01,2024-09-30,82.0,101.0,62.0,15.02,3.97,0.0
2024,41,WAS001,6.0,2024-10-08,2024-10-07,77.84,96.0,59.0,16.75,4.12,0.0
2024,42,WAS001,0.0,2024-10-16,2024-10-14,67.63,89.0,48.0,35.66,8.2,0.31
2024,43,WAS001,0.0,2024-10-22,2024-10-21,64.43,82.0,48.0,34.79,2.73,0.0
2025,13,WAS001,0.0,2025-03-25,2025-03-24,65.0,87.0,45.0,23.01,6.51,0.0
2025,15,WAS001,0.0,2025-04-08,2025-04-07,69.71,91.0,44.0,14.98,5.59,0.0
2025,16,WAS001,0.0,2025-04-15,2025-04-14,63.29,86.0,39.0,26.38,7.81,0.1
2025,17,WAS001,0.0,2025-04-23,2025-04-21,67.02,84.0,46.0,16.54,9.33,0.0
2025,18,WAS001,1.0,2025-04-30,2025-04-28,67.29,86.0,48.0,30.31,7.6,0.1
2025,20,WAS001,0.0,2025-05-14,2025-05-12,68.43,92.0,51.0,24.01,11.31,0.04
2025,21,WAS001,0.0,2025-05-20,2025-05-19,76.29,97.0,54.0,14.39,7.89,0.0
2025,22,WAS001,2.0,2025-05-28,2025-05-26,83.71,104.0,62.0,13.95,6.5,0.0
2025,23,WAS001,0.0,2025-06-03,2025-06-02,78.84,101.0,59.0,39.72,7.61,1.74
2025,24,WAS001,1.0,2025-06-10,2025-06-09,88.43,105.0,71.0,13.16,8.49,0.0
2025,25,WAS001,1.0,2025-06-17,2025-06-16,86.43,107.0,62.0,8.95,11.21,0.0
2025,26,WAS001,3.0,2025-06-24,2025-06-23,82.86,102.0,64.0,12.5,6.21,0.0
2025,27,WAS001,3.0,2025-07-01,2025-06-30,88.18,106.0,69.0,19.18,9.14,0.01
2025,28,WAS001,0.0,2025-07-08,2025-07-07,91.55,108.0,70.0,13.12,6.7,0.0
2025,29,WAS001,4.0,2025-07-15,2025-07-14,89.86,109.0,73.0,24.03,8.79,0.0
2025,31,WAS001,0.0,2025-07-29,2025-07-28,87.29,104.0,68.0,10.27,7.41,0.0
2025,32,WAS001,1.0,2025-08-05,2025-08-04,90.86,108.0,74.0,10.49,8.59,0.0
2025,33,WAS001,4.0,2025-08-12,2025-08-11,89.0,108.0,70.0,20.38,8.13,0.23
2025,34,WAS001,1.0,2025-08-19,2025-08-18,90.28,107.0,70.0,21.51,6.22,0.02
2025,35,WAS001,6.0,2025-08-26,2025-08-25,78.8,80.0,77.0,47.6,4.8,0.0
2018,3,WAS002,0.0,2018-01-18,2018-01-15,46.86,66.0,31.0,61.84,3.81,0.18
2018,5,WAS002,0.0,2018-02-01,2018-01-29,51.19,70.0,33.0,44.18,1.73,0.0
2018,6,WAS002,0.0,2018-02-08,2018-02-05,51.29,71.0,29.0,34.59,5.16,0.0
2018,9,WAS002,0.0,2018-03-09,2018-03-05,49.29,70.0,28.0,38.03,3.13,0.36
2018,11,WAS002,2.0,2018-03-14,2018-03-12,53.57,74.0,32.0,55.12,8.27,0.08
2018,12,WAS002,1.0,2018-03-22,2018-03-19,56.0,71.0,37.0,42.52,6.66,0.13
2018,13,WAS002,3.0,2018-03-29,2018-03-26,59.2,82.0,38.0,28.12,6.09,0.0
2018,14,WAS002,1.0,2018-04-04,2018-04-02,65.14,86.0,42.0,28.12,7.03,0.21
2018,15,WAS002,4.0,2018-04-11,2018-04-09,63.46,89.0,41.0,20.22,10.2,0.0
2018,16,WAS002,2.0,2018-04-18,2018-04-16,61.57,85.0,40.0,25.9,10.43,0.07
2018,17,WAS002,6.0,2018-04-25,2018-04-23,73.43,93.0,52.0,15.46,8.84,0.0
2018,18,WAS002,5.0,2018-05-04,2018-04-30,65.14,94.0,44.0,40.18,5.51,0.3
2018,19,WAS002,5.0,2018-05-09,2018-05-07,75.57,98.0,53.0,17.85,8.4,0.0
2018,20,WAS002,2.0,2018-05-16,2018-05-14,73.29,91.0,56.0,18.36,8.04,0.0
2018,21,WAS002,31.0,2018-05-23,2018-05-21,74.29,93.0,56.0,21.16,8.79,0.02
2018,22,WAS002,9.0,2018-05-30,2018-05-28,79.71,100.0,59.0,17.46,8.91,0.0
2018,23,WAS002,26.0,2018-06-06,2018-06-04,83.71,103.0,67.0,11.06,9.74,0.0
2018,24,WAS002,39.0,2018-06-13,2018-06-11,85.0,104.0,66.0,17.22,10.77,0.0
2018,25,WAS002,33.0,2018-06-20,2018-06-18,86.0,106.0,63.0,12.23,7.69,0.0
2018,26,WAS002,63.0,2018-06-27,2018-06-25,87.97,105.0,69.0,10.63,8.06,0.0
2018,27,WAS002,86.0,2018-07-03,2018-07-02,90.71,108.0,73.0,16.33,9.23,0.01
2018,28,WAS002,169.0,2018-07-11,2018-07-09,86.43,105.0,69.0,49.03,7.43,0.04
2018,29,WAS002,104.0,2018-07-18,2018-07-16,89.71,106.0,71.0,39.86,8.12,0.01
2018,30,WAS002,65.0,2018-07-26,2018-07-23,93.43,110.0,76.0,24.21,7.73,0.0
2018,31,WAS002,4813.0,2018-08-01,2018-07-30,90.68,107.0,71.0,31.48,7.53,0.3
2018,32,WAS002,43.0,2018-08-08,2018-08-06,88.14,107.0,67.0,26.12,6.96,0.13
2018,33,WAS002,352.0,2018-08-15,2018-08-13,88.28,105.0,70.0,32.05,7.08,0.02
2018,34,WAS002,145.0,2018-08-22,2018-08-20,84.43,105.0,67.0,41.61,9.19,0.81
2018,35,WAS002,91.0,2018-08-29,2018-08-27,82.6,98.0,63.0,20.41,5.97,0.0
2018,36,WAS002,107.0,2018-09-06,2018-09-03,82.29,101.0,66.0,30.0,5.73,0.14
2018,37,WAS002,44.0,2018-09-12,2018-09-10,83.06,99.0,63.0,16.28,8.08,0.0
2018,38,WAS002,27.0,2018-09-19,2018-09-17,79.86,97.0,60.0,21.28,5.79,0.0
2018,39,WAS002,21.0,2018-09-26,2018-09-24,78.29,94.0,57.0,18.37,6.69,0.0
2018,40,WAS002,16.0,2018-10-05,2018-10-01,67.43,87.0,50.0,62.01,6.11,0.73
2018,41,WAS002,9.0,2018-10-11,2018-10-08,61.14,77.0,46.0,43.6,8.24,0.01
2018,42,WAS002,3.0,2018-10-17,2018-10-15,59.43,82.0,41.0,38.75,6.56,0.06
2018,43,WAS002,6.0,2018-10-26,2018-10-22,62.57,77.0,45.0,54.6,2.73,0.59
2018,44,WAS002,0.0,2018-11-02,2018-10-29,58.72,79.0,39.0,33.35,5.42,0.0
2018,45,WAS002,0.0,2018-11-06,2018-11-05,51.14,73.0,31.0,27.58,5.91,0.0
2018,46,WAS002,0.0,2018-11-14,2018-11-12,46.29,65.0,28.0,31.27,2.9,0.0
2018,47,WAS002,0.0,2018-11-20,2018-11-19,45.86,62.0,31.0,40.09,3.56,0.01
2018,48,WAS002,0.0,2018-11-27,2018-11-26,44.06,59.0,29.0,59.96,4.46,0.01
2019,13,WAS002,0.0,2019-03-28,2019-03-25,56.63,74.0,42.0,38.09,5.94,0.0
2019,14,WAS002,1.0,2019-04-02,2019-04-01,59.59,78.0,42.0,43.06,5.64,0.0
2019,15,WAS002,0.0,2019-04-09,2019-04-08,58.23,84.0,38.0,38.62,7.97,0.02
2019,17,WAS002,4.0,2019-04-24,2019-04-22,71.29,91.0,47.0,33.57,6.59,0.01
2019,18,WAS002,4.0,2019-05-01,2019-04-29,63.71,88.0,45.0,41.02,6.13,0.06
2019,19,WAS002,27.0,2019-05-07,2019-05-06,65.72,84.0,50.0,46.66,6.97,1.03
2019,20,WAS002,44.0,2019-05-14,2019-05-13,66.43,89.0,44.0,37.1,8.59,0.05
2019,21,WAS002,6.0,2019-05-22,2019-05-20,59.86,82.0,46.0,51.86,8.06,0.2
2019,22,WAS002,11.0,2019-05-30,2019-05-27,68.09,91.0,49.0,40.99,6.13,0.14
2019,23,WAS002,26.0,2019-06-04,2019-06-03,79.1,98.0,60.0,22.42,8.93,0.0
2019,24,WAS002,61.0,2019-06-12,2019-06-10,82.74,103.0,61.0,19.82,6.11,0.03
2019,25,WAS002,33.0,2019-06-18,2019-06-17,79.49,99.0,57.0,24.11,8.11,0.01
2019,26,WAS002,32.0,2019-06-25,2019-06-24,83.11,100.0,63.0,15.7,8.24,0.01
2019,27,WAS002,25.0,2019-07-03,2019-07-01,84.14,101.0,66.0,14.45,7.61,0.0
2019,28,WAS002,63.0,2019-07-09,2019-07-08,87.71,106.0,68.0,18.12,7.13,0.01
2019,29,WAS002,137.0,2019-07-16,2019-07-15,88.14,107.0,70.0,14.48,7.39,0.0
2019,30,WAS002,53.0,2019-07-24,2019-07-22,89.64,106.0,70.0,29.3,6.67,0.02
2019,31,WAS002,145.0,2019-07-31,2019-07-29,89.44,107.0,69.0,29.18,6.86,0.03
2019,32,WAS002,9.0,2019-08-07,2019-08-05,88.64,107.0,74.0,29.96,9.1,0.0
2019,33,WAS002,2.0,2019-08-14,2019-08-12,88.17,105.0,69.0,12.19,5.71,0.0
2019,34,WAS002,7.0,2019-08-21,2019-08-19,85.43,104.0,68.0,15.05,5.87,0.0
2019,35,WAS002,11.0,2019-08-27,2019-08-26,87.43,105.0,68.0,21.23,5.8,0.01
2019,36,WAS002,44.0,2019-09-04,2019-09-02,87.71,103.0,72.0,26.15,7.17,0.01
2019,37,WAS002,19.0,2019-09-10,2019-09-09,78.29,98.0,60.0,19.35,7.39,0.0
2019,38,WAS002,25.0,2019-09-17,2019-09-16,74.0,94.0,52.0,18.87,9.07,0.0
2019,39,WAS002,26.0,2019-09-24,2019-09-23,73.57,92.0,55.0,31.41,8.87,0.01
2019,40,WAS002,11.0,2019-10-01,2019-09-30,63.71,85.0,43.0,16.92,5.23,0.0
2019,41,WAS002,9.0,2019-10-08,2019-10-07,60.86,86.0,35.0,13.51,5.99,0.0
2019,42,WAS002,5.0,2019-10-17,2019-10-14,62.24,84.0,42.0,21.21,5.13,0.0
2019,43,WAS002,0.0,2019-10-22,2019-10-21,58.45,78.0,39.0,21.16,5.6,0.0
2019,44,WAS002,0.0,2019-11-01,2019-10-28,45.17,71.0,23.0,16.91,5.3,0.0
2019,45,WAS002,0.0,2019-11-13,2019-11-11,55.86,74.0,38.0,25.25,2.76,0.0
2019,46,WAS002,0.0,2019-11-19,2019-11-18,48.86,70.0,34.0,66.4,3.58,0.01
2020,7,WAS002,0.0,2020-02-14,2020-02-10,45.0,64.0,26.0,36.51,6.2,0.0
2020,9,WAS002,1.0,2020-02-28,2020-02-24,48.29,64.0,30.0,45.38,5.6,0.05
2020,10,WAS002,0.0,2020-03-06,2020-03-02,54.77,75.0,37.0,42.86,6.11,0.1
2020,12,WAS002,0.0,2020-03-17,2020-03-16,50.43,66.0,39.0,67.61,5.83,0.45
2020,13,WAS002,1.0,2020-03-25,2020-03-23,50.86,67.0,34.0,53.26,6.73,0.37
2020,14,WAS002,1.0,2020-04-01,2020-03-30,56.86,74.0,38.0,38.99,6.91,0.0
2020,15,WAS002,0.0,2020-04-07,2020-04-06,57.57,78.0,41.0,51.67,7.39,0.5
2020,16,WAS002,1.0,2020-04-14,2020-04-13,57.57,75.0,38.0,33.84,7.69,0.01
2020,17,WAS002,0.0,2020-04-21,2020-04-20,66.0,86.0,47.0,42.3,5.31,0.21
2020,18,WAS002,2.0,2020-04-28,2020-04-27,74.57,94.0,54.0,23.42,6.04,0.0
2020,19,WAS002,7.0,2020-05-05,2020-05-04,73.86,93.0,52.0,17.28,6.43,0.01
2020,20,WAS002,21.0,2020-05-12,2020-05-11,73.57,93.0,56.0,23.1,9.91,0.0
2020,21,WAS002,23.0,2020-05-19,2020-05-18,67.71,91.0,48.0,21.27,11.93,0.0
2020,22,WAS002,59.0,2020-05-27,2020-05-25,82.57,104.0,56.0,16.38,7.0,0.0
2020,23,WAS002,32.0,2020-06-02,2020-06-01,82.0,103.0,61.0,17.6,9.17,0.01
2020,24,WAS002,31.0,2020-06-10,2020-06-08,76.0,102.0,51.0,14.17,8.66,0.0
2020,25,WAS002,76.0,2020-06-16,2020-06-15,81.29,101.0,63.0,14.2,9.71,0.0
2020,26,WAS002,64.0,2020-06-23,2020-06-22,88.57,105.0,69.0,14.3,9.31,0.0
2020,27,WAS002,30.0,2020-06-30,2020-06-29,81.86,103.0,55.0,17.66,8.37,0.0
2020,28,WAS002,79.0,2020-07-07,2020-07-06,89.14,109.0,67.0,11.29,7.21,0.0
2020,29,WAS002,132.0,2020-07-14,2020-07-13,91.29,109.0,72.0,14.58,7.94,0.0
2020,30,WAS002,176.0,2020-07-21,2020-07-20,88.71,106.0,72.0,23.53,9.24,0.0
2020,31,WAS002,107.0,2020-07-28,2020-07-27,91.2,110.0,69.0,14.51,6.36,0.01
2020,32,WAS002,324.0,2020-08-04,2020-08-03,86.29,104.0,66.0,11.15,7.09,0.0
2020,33,WAS002,6.0,2020-08-11,2020-08-10,87.86,111.0,66.0,13.36,5.31,0.0
2020,34,WAS002,32.0,2020-08-18,2020-08-17,92.43,111.0,70.0,21.14,6.49,0.04
2020,35,WAS002,13.0,2020-08-25,2020-08-24,88.14,105.0,68.0,24.84,6.4,0.0
2020,36,WAS002,362.0,2020-09-01,2020-08-31,86.29,110.0,66.0,13.93,6.01,0.0
2020,37,WAS002,6.0,2020-09-08,2020-09-07,74.57,103.0,54.0,18.03,8.51,0.0
2020,38,WAS002,2.0,2020-09-15,2020-09-14,82.14,100.0,63.0,14.82,5.53,0.0
2020,39,WAS002,6.0,2020-09-22,2020-09-21,79.57,97.0,59.0,20.6,6.17,0.02
2020,40,WAS002,4.0,2020-09-29,2020-09-28,76.0,96.0,55.0,11.26,4.74,0.0
2020,41,WAS002,4.0,2020-10-06,2020-10-05,73.43,94.0,55.0,16.64,4.5,0.0
2020,42,WAS002,0.0,2020-10-13,2020-10-12,69.57,91.0,49.0,17.43,4.46,0.0
2020,43,WAS002,2.0,2020-10-20,2020-10-19,64.33,88.0,41.0,24.37,4.75,0.0
2020,44,WAS002,0.0,2020-10-29,2020-10-26,55.14,78.0,32.0,20.33,6.01,0.0
2020,45,WAS002,0.0,2020-11-05,2020-11-02,61.14,85.0,37.0,38.65,6.41,0.18
2020,48,WAS002,0.0,2020-11-24,2020-11-23,42.57,58.0,26.0,37.19,4.2,0.01
2021,6,WAS002,0.0,2021-02-03,2021-02-01,48.71,67.0,29.0,44.11,5.11,0.0
2021,7,WAS002,0.0,2021-02-09,2021-02-08,49.29,65.0,29.0,43.5,4.43,0.11
2021,8,WAS002,0.0,2021-02-16,2021-02-15,43.43,59.0,27.0,39.36,6.0,0.03
2021,9,WAS002,0.0,2021-02-23,2021-02-22,45.57,69.0,24.0,26.58,6.63,0.0
2021,10,WAS002,0.0,2021-03-02,2021-03-01,53.14,76.0,27.0,27.05,5.04,0.01
2021,11,WAS002,1.0,2021-03-09,2021-03-08,46.86,76.0,32.0,56.48,7.41,0.89
2021,12,WAS002,0.0,2021-03-18,2021-03-15,52.43,72.0,32.0,54.68,7.34,0.6
2021,13,WAS002,0.0,2021-03-25,2021-03-22,52.86,74.0,34.0,36.09,8.83,0.03
2021,14,WAS002,2.0,2021-03-30,2021-03-29,60.86,86.0,34.0,19.13,5.27,0.0
2021,15,WAS002,4.0,2021-04-06,2021-04-05,64.14,84.0,43.0,14.12,6.69,0.0
2021,16,WAS002,0.0,2021-04-13,2021-04-12,61.57,82.0,44.0,23.05,10.11,0.0
2021,17,WAS002,1.0,2021-04-20,2021-04-19,67.76,83.0,47.0,16.96,11.02,0.0
2021,18,WAS002,2.0,2021-04-29,2021-04-26,66.86,93.0,44.0,32.05,8.74,0.29
2021,19,WAS002,4.0,2021-05-04,2021-05-03,71.57,94.0,52.0,17.44,8.44,0.0
2021,20,WAS002,15.0,2021-05-11,2021-05-10,73.86,93.0,53.0,13.04,8.36,0.0
2021,21,WAS002,5.0,2021-05-19,2021-05-17,68.86,94.0,46.0,18.96,11.83,0.01
2021,22,WAS002,19.0,2021-05-25,2021-05-24,75.71,95.0,52.0,12.2,6.24,0.0
2021,23,WAS002,31.0,2021-06-02,2021-05-31,85.43,105.0,62.0,11.61,7.33,0.0
2021,24,WAS002,13.0,2021-06-08,2021-06-07,80.57,105.0,58.0,10.22,9.06,0.0
2021,25,WAS002,19.0,2021-06-15,2021-06-14,93.57,112.0,74.0,10.62,6.11,0.0
2021,26,WAS002,20.0,2021-06-22,2021-06-21,87.43,106.0,68.0,18.49,9.26,0.01
2021,27,WAS002,588.0,2021-06-29,2021-06-28,87.86,105.0,72.0,22.67,8.24,0.01
2021,28,WAS002,23.0,2021-07-07,2021-07-05,97.0,114.0,77.0,14.18,6.67,0.0
2021,29,WAS002,1215.0,2021-07-13,2021-07-12,87.71,109.0,69.0,42.67,8.01,0.01
2021,30,WAS002,174.0,2021-07-20,2021-07-19,87.43,103.0,72.0,48.8,6.99,0.0
2021,31,WAS002,69.0,2021-07-28,2021-07-26,84.43,102.0,70.0,50.97,6.57,0.0
2021,32,WAS002,396.0,2021-08-03,2021-08-02,89.71,109.0,67.0,20.41,6.91,0.0
2021,33,WAS002,31.0,2021-08-10,2021-08-09,89.14,105.0,71.0,30.35,7.0,0.0
2021,34,WAS002,58.0,2021-08-17,2021-08-16,83.57,104.0,63.0,33.14,9.8,0.0
2021,35,WAS002,48.0,2021-08-24,2021-08-23,85.0,105.0,64.0,16.53,5.1,0.0
2021,36,WAS002,162.0,2021-08-31,2021-08-30,82.65,103.0,66.0,39.27,5.46,0.0
2021,37,WAS002,20.0,2021-09-08,2021-09-06,87.43,105.0,70.0,23.57,5.31,0.0
2021,38,WAS002,31.0,2021-09-14,2021-09-13,79.71,100.0,60.0,26.2,5.8,0.01
2021,39,WAS002,17.0,2021-09-21,2021-09-20,76.43,94.0,56.0,21.3,5.19,0.0
2021,40,WAS002,20.0,2021-09-28,2021-09-27,71.0,90.0,50.0,29.84,5.99,0.0
2021,41,WAS002,42.0,2021-10-05,2021-10-04,67.0,88.0,49.0,56.54,5.14,0.01
2021,43,WAS002,0.0,2021-10-20,2021-10-18,58.86,78.0,38.0,41.72,4.79,0.0
2021,45,WAS002,4.0,2021-11-03,2021-11-01,61.0,79.0,43.0,42.68,3.16,0.0
2021,46,WAS002,0.0,2021-11-09,2021-11-08,57.48,73.0,41.0,43.24,2.69,0.0
2021,47,WAS002,0.0,2021-11-16,2021-11-15,53.71,71.0,34.0,36.68,3.89,0.0
2021,48,WAS002,0.0,2021-11-23,2021-11-22,47.57,65.0,29.0,31.8,4.29,0.0
2021,49,WAS002,0.0,2021-11-30,2021-11-29,49.57,69.0,31.0,37.95,1.61,0.0
2021,50,WAS002,0.0,2021-12-07,2021-12-06,44.0,59.0,25.0,57.5,4.19,0.04
2021,51,WAS002,0.0,2021-12-14,2021-12-13,38.86,58.0,24.0,65.95,4.23,0.09
2022,3,WAS002,0.0,2022-01-20,2022-01-17,43.29,57.0,28.0,52.01,5.63,0.02
2022,6,WAS002,1.0,2022-02-10,2022-02-07,51.14,72.0,30.0,28.81,5.1,0.0
2022,7,WAS002,0.0,2022-02-17,2022-02-14,48.71,68.0,29.0,30.09,5.57,0.0
2022,9,WAS002,0.0,2022-03-03,2022-02-28,51.86,76.0,30.0,35.76,5.89,0.02
2022,10,WAS002,3.0,2022-03-10,2022-03-07,45.0,67.0,24.0,32.32,6.76,0.01
2022,11,WAS002,1.0,2022-03-16,2022-03-14,55.71,73.0,39.0,29.83,6.0,0.02
2022,12,WAS002,1.0,2022-03-24,2022-03-21,61.0,87.0,40.0,21.16,7.83,0.0
2022,13,WAS002,0.0,2022-03-31,2022-03-28,61.29,80.0,40.0,38.76,6.71,0.01
2022,14,WAS002,2.0,2022-04-05,2022-04-04,63.86,86.0,42.0,16.87,8.36,0.0
2022,15,WAS002,0.0,2022-04-14,2022-04-11,57.43,83.0,33.0,17.82,9.59,0.02
2022,16,WAS002,5.0,2022-04-19,2022-04-18,63.86,88.0,38.0,26.41,10.21,0.09
2022,17,WAS002,2.0,2022-04-26,2022-04-25,67.86,86.0,42.0,14.43,8.16,0.0
2022,18,WAS002,11.0,2022-05-03,2022-05-02,70.86,92.0,49.0,18.29,11.53,0.0
2022,19,WAS002,16.0,2022-05-11,2022-05-09,66.57,98.0,48.0,14.1,7.17,0.0
2022,21,WAS002,73.0,2022-05-24,2022-05-23,77.71,100.0,55.0,13.06,9.49,0.0
2022,22,WAS002,21.0,2022-05-31,2022-05-30,75.14,96.0,52.0,15.4,8.04,0.0
2022,23,WAS002,634.0,2022-06-07,2022-06-06,87.86,106.0,69.0,14.97,8.09,0.0
2022,24,WAS002,63.0,2022-06-14,2022-06-13,81.43,106.0,62.0,11.75,11.51,0.0
2022,25,WAS002,48.0,2022-06-21,2022-06-20,83.14,103.0,57.0,17.12,7.33,0.01
2022,26,WAS002,189.0,2022-06-28,2022-06-27,90.29,104.0,75.0,20.08,10.89,0.01
2022,27,WAS002,138.0,2022-07-06,2022-07-04,87.86,106.0,70.0,13.85,8.8,0.0
2022,28,WAS002,2.0,2022-07-12,2022-07-11,93.71,108.0,77.0,24.37,8.04,0.02
2022,29,WAS002,74.0,2022-07-19,2022-07-18,93.57,110.0,79.0,23.5,8.01,0.03
2022,31,WAS002,269.0,2022-08-02,2022-08-01,87.29,102.0,73.0,42.64,6.47,0.08
2022,32,WAS002,257.0,2022-08-09,2022-08-08,85.43,104.0,73.0,46.98,6.6,0.15
2022,33,WAS002,5.0,2022-08-16,2022-08-15,84.43,99.0,71.0,49.42,6.64,0.04
2022,34,WAS002,12.0,2022-08-23,2022-08-22,85.86,103.0,69.0,37.01,5.5,0.47
2022,35,WAS002,107.0,2022-08-30,2022-08-29,90.71,108.0,71.0,22.05,4.3,0.0
2022,36,WAS002,1618.0,2022-09-07,2022-09-05,87.29,111.0,66.0,31.95,6.51,0.01
2022,37,WAS002,209.0,2022-09-13,2022-09-12,75.14,92.0,61.0,56.31,6.79,1.08
2022,38,WAS002,147.0,2022-09-20,2022-09-19,77.57,93.0,59.0,31.61,5.53,0.0
2022,39,WAS002,40.0,2022-09-27,2022-09-26,77.79,95.0,60.0,35.98,4.8,0.44
2022,40,WAS002,31.0,2022-10-04,2022-10-03,73.52,88.0,58.0,36.66,4.44,0.01
2022,41,WAS002,19.0,2022-10-11,2022-10-10,71.14,87.0,55.0,27.73,4.26,0.0
2022,42,WAS002,17.0,2022-10-19,2022-10-17,64.29,85.0,39.0,33.49,6.11,0.34
2022,44,WAS002,3.0,2022-11-01,2022-10-31,51.43,74.0,32.0,42.74,6.04,0.02
2022,45,WAS002,5.0,2022-11-08,2022-11-07,49.14,72.0,31.0,50.81,8.54,0.3
2022,46,WAS002,0.0,2022-11-15,2022-11-14,41.71,54.0,27.0,41.95,5.77,0.0
2022,48,WAS002,0.0,2022-12-01,2022-11-28,45.29,62.0,25.0,46.38,3.03,0.01
2023,4,WAS002,0.0,2023-01-25,2023-01-23,39.29,55.0,27.0,54.32,5.01,0.0
2023,5,WAS002,0.0,2023-02-03,2023-01-30,39.14,62.0,19.0,57.29,3.54,0.15
2023,10,WAS002,0.0,2023-03-08,2023-03-06,50.0,65.0,31.0,57.95,5.07,0.15
2023,13,WAS002,0.0,2023-03-29,2023-03-27,49.57,69.0,30.0,47.78,6.46,0.13
2023,14,WAS002,0.0,2023-04-07,2023-04-03,50.29,80.0,26.0,38.61,6.76,0.02
2023,15,WAS002,1.0,2023-04-11,2023-04-10,64.14,90.0,43.0,27.49,6.81,0.02
2023,16,WAS002,1.0,2023-04-18,2023-04-17,61.14,83.0,38.0,24.14,9.09,0.0
2023,17,WAS002,0.0,2023-04-24,2023-04-24,68.86,92.0,51.0,23.36,6.47,0.01
2023,18,WAS002,2.0,2023-05-02,2023-05-01,65.57,89.0,48.0,27.54,9.24,0.02
2023,19,WAS002,1.0,2023-05-09,2023-05-08,69.71,88.0,48.0,23.51,8.79,0.01
2023,20,WAS002,23.0,2023-05-16,2023-05-15,76.17,91.0,57.0,36.7,7.22,0.17
2023,21,WAS002,16.0,2023-05-23,2023-05-22,76.29,93.0,57.0,22.04,7.76,0.02
2023,22,WAS002,87.0,2023-05-31,2023-05-29,75.71,94.0,57.0,21.94,7.03,0.02
2023,23,WAS002,733.0,2023-06-06,2023-06-05,77.16,97.0,61.0,18.28,8.09,0.01
2023,24,WAS002,12.0,2023-06-13,2023-06-12,75.71,98.0,57.0,37.66,7.94,0.09
2023,25,WAS002,88.0,2023-06-21,2023-06-19,78.43,97.0,57.0,11.78,9.56,0.0
2023,26,WAS002,179.0,2023-06-27,2023-06-26,83.29,107.0,64.0,13.59,6.69,0.0
2023,27,WAS002,128.0,2023-07-04,2023-07-03,87.14,109.0,67.0,9.62,7.04,0.0
2023,28,WAS002,244.0,2023-07-11,2023-07-10,92.29,114.0,73.0,16.33,6.26,0.0
2023,29,WAS002,165.0,2023-07-18,2023-07-17,95.14,112.0,77.0,19.31,8.4,0.0
2023,30,WAS002,179.0,2023-07-26,2023-07-24,92.29,109.0,74.0,24.69,9.04,0.02
2023,31,WAS002,23.0,2023-08-01,2023-07-31,83.14,103.0,67.0,38.68,5.63,0.47
2023,32,WAS002,82.0,2023-08-08,2023-08-07,83.57,103.0,65.0,31.35,7.11,0.2
2023,33,WAS002,101.0,2023-08-15,2023-08-14,82.57,101.0,65.0,50.17,6.24,0.21
2023,35,WAS002,329.0,2023-08-29,2023-08-28,81.46,106.0,65.0,50.86,6.43,2.76
2023,36,WAS002,207.0,2023-09-06,2023-09-04,77.24,98.0,62.0,44.32,4.47,0.02
2023,37,WAS002,111.0,2023-09-12,2023-09-11,76.86,94.0,61.0,45.56,3.95,0.04
2023,38,WAS002,243.0,2023-09-19,2023-09-18,72.14,92.0,53.0,37.06,5.07,0.05
2023,39,WAS002,140.0,2023-09-26,2023-09-25,71.43,91.0,52.0,33.39,6.0,0.04
2023,40,WAS002,32.0,2023-10-03,2023-10-02,68.07,89.0,48.0,41.49,4.69,0.19
2023,41,WAS002,109.0,2023-10-10,2023-10-09,66.29,88.0,46.0,30.17,5.31,0.0
2023,42,WAS002,22.0,2023-10-17,2023-10-16,70.86,89.0,50.0,26.1,3.17,0.0
2023,43,WAS002,18.0,2023-10-24,2023-10-23,59.86,78.0,41.0,34.92,7.0,0.0
2023,44,WAS002,3.0,2023-10-31,2023-10-30,53.71,74.0,34.0,20.44,2.64,0.0
2023,45,WAS002,4.0,2023-11-07,2023-11-06,52.71,78.0,32.0,30.33,5.2,0.01
2023,46,WAS002,1.0,2023-11-14,2023-11-13,56.0,73.0,36.0,57.82,3.94,0.3
2023,48,WAS002,0.0,2023-11-29,2023-11-27,43.71,58.0,25.0,47.76,3.01,0.02
2023,49,WAS002,1.0,2023-12-06,2023-12-04,45.27,65.0,27.0,41.87,3.6,0.0
2024,10,WAS002,0.0,2024-03-07,2024-03-04,51.14,66.0,35.0,40.28,5.99,0.01
2024,11,WAS002,0.0,2024-03-12,2024-03-11,51.43,67.0,38.0,50.99,7.97,0.25
2024,12,WAS002,1.0,2024-03-19,2024-03-18,57.29,76.0,39.0,44.37,7.51,0.14
2024,13,WAS002,0.0,2024-03-26,2024-03-25,53.0,72.0,35.0,45.25,7.31,0.69
2024,14,WAS002,0.0,2024-04-03,2024-04-01,54.14,77.0,34.0,41.14,8.71,0.01
2024,15,WAS002,0.0,2024-04-09,2024-04-08,62.29,86.0,41.0,24.65,8.41,0.0
2024,16,WAS002,0.0,2024-04-17,2024-04-15,66.86,88.0,45.0,26.3,5.48,0.0
2024,17,WAS002,1.0,2024-04-23,2024-04-22,66.29,89.0,47.0,31.77,8.99,0.02
2024,18,WAS002,4.0,2024-05-01,2024-04-29,66.86,86.0,46.0,22.07,8.71,0.01
2024,19,WAS002,3.0,2024-05-07,2024-05-06,63.0,88.0,39.0,27.17,9.03,0.01
2024,20,WAS002,85.0,2024-05-14,2024-05-13,77.14,94.0,57.0,18.19,8.07,0.0
2024,21,WAS002,82.0,2024-05-21,2024-05-20,73.14,89.0,52.0,17.04,10.24,0.0
2024,22,WAS002,575.0,2024-05-29,2024-05-27,80.86,98.0,61.0,13.38,7.24,0.0
2024,23,WAS002,1471.0,2024-06-04,2024-06-03,87.71,108.0,69.0,15.77,7.36,0.0
2024,24,WAS002,159.0,2024-06-11,2024-06-10,87.06,105.0,68.0,11.63,7.06,0.0
2024,25,WAS002,220.0,2024-06-18,2024-06-17,84.86,106.0,63.0,14.44,8.46,0.0
2024,26,WAS002,312.0,2024-06-25,2024-06-24,93.29,108.0,76.0,20.9,10.33,0.0
2024,27,WAS002,180.0,2024-07-02,2024-07-01,91.14,112.0,73.0,9.89,8.01,0.0
2024,28,WAS002,46.0,2024-07-09,2024-07-08,93.9,114.0,75.0,13.82,6.95,0.02
2024,29,WAS002,82.0,2024-07-16,2024-07-15,92.97,108.0,76.0,25.97,8.11,0.11
2024,30,WAS002,19.0,2024-07-23,2024-07-22,92.29,108.0,70.0,23.47,8.79,0.09
2024,31,WAS002,17.0,2024-07-30,2024-07-29,89.29,106.0,69.0,19.72,6.89,0.01
2024,32,WAS002,21.0,2024-08-06,2024-08-05,92.57,109.0,79.0,29.7,9.17,0.03
2024,33,WAS002,18.0,2024-08-13,2024-08-12,87.86,103.0,71.0,30.48,8.99,1.23
2024,34,WAS002,8.0,2024-08-21,2024-08-19,84.71,104.0,68.0,33.33,11.16,0.11
2024,35,WAS002,1.0,2024-08-27,2024-08-26,83.35,102.0,61.0,20.93,5.56,0.01
2024,36,WAS002,5.0,2024-09-03,2024-09-02,87.3,103.0,70.0,19.12,6.56,0.01
2024,37,WAS002,18.0,2024-09-10,2024-09-09,82.19,100.0,61.0,19.17,8.0,0.0
2024,38,WAS002,45.0,2024-09-17,2024-09-16,73.71,91.0,55.0,24.7,7.77,0.02
2024,39,WAS002,52.0,2024-09-24,2024-09-23,82.0,102.0,62.0,16.39,4.43,0.0
2024,40,WAS002,45.0,2024-10-01,2024-09-30,82.0,101.0,62.0,15.02,3.97,0.0
2024,41,WAS002,21.0,2024-10-08,2024-10-07,77.84,96.0,59.0,16.75,4.12,0.0
2024,42,WAS002,7.0,2024-10-16,2024-10-14,67.63,89.0,48.0,35.66,8.2,0.31
2024,43,WAS002,0.0,2024-10-22,2024-10-21,64.43,82.0,48.0,34.79,2.73,0.0
2024,45,WAS002,0.0,2024-11-05,2024-11-04,47.86,65.0,31.0,31.24,6.4,0.0
2024,46,WAS002,1.0,2024-11-12,2024-11-11,48.57,69.0,31.0,38.17,5.39,0.02
2024,47,WAS002,0.0,2024-11-19,2024-11-18,47.43,69.0,30.0,27.16,4.1,0.0
2025,4,WAS002,0.0,2025-01-22,2025-01-20,35.86,56.0,16.0,18.99,4.84,0.0
2025,7,WAS002,0.0,2025-02-11,2025-02-10,43.4,60.0,23.0,50.43,4.69,0.25
2025,8,WAS002,0.0,2025-02-19,2025-02-17,51.0,70.0,34.0,39.11,4.4,0.0
2025,9,WAS002,0.0,2025-02-25,2025-02-24,57.11,79.0,37.0,21.18,7.41,0.01
2025,10,WAS002,0.0,2025-03-05,2025-03-03,47.86,67.0,32.0,48.15,7.24,0.16
2025,11,WAS002,0.0,2025-03-11,2025-03-10,50.43,71.0,34.0,50.75,7.23,0.3
2025,12,WAS002,0.0,2025-03-20,2025-03-17,54.65,76.0,34.0,30.1,7.8,0.02
2025,13,WAS002,0.0,2025-03-25,2025-03-24,65.0,87.0,45.0,23.01,6.51,0.0
2025,15,WAS002,1.0,2025-04-08,2025-04-07,69.71,91.0,44.0,14.98,5.59,0.0
2025,16,WAS002,1.0,2025-04-15,2025-04-14,63.29,86.0,39.0,26.38,7.81,0.1
2025,17,WAS002,4.0,2025-04-23,2025-04-21,67.02,84.0,46.0,16.54,9.33,0.0
2025,18,WAS002,4.0,2025-04-30,2025-04-28,67.29,86.0,48.0,30.31,7.6,0.1
2025,19,WAS002,2.0,2025-05-08,2025-05-05,70.43,96.0,47.0,43.9,6.31,0.32
2025,20,WAS002,3.0,2025-05-14,2025-05-12,68.43,92.0,51.0,24.01,11.31,0.04
2025,21,WAS002,2.0,2025-05-20,2025-05-19,76.29,97.0,54.0,14.39,7.89,0.0
2025,22,WAS002,28.0,2025-05-28,2025-05-26,83.71,104.0,62.0,13.95,6.5,0.0
2025,23,WAS002,20.0,2025-06-03,2025-06-02,78.84,101.0,59.0,39.72,7.61,1.74
2025,24,WAS002,17.0,2025-06-10,2025-06-09,88.43,105.0,71.0,13.16,8.49,0.0
2025,25,WAS002,77.0,2025-06-17,2025-06-16,86.43,107.0,62.0,8.95,11.21,0.0
2025,26,WAS002,16.0,2025-06-24,2025-06-23,82.86,102.0,64.0,12.5,6.21,0.0
2025,27,WAS002,56.0,2025-07-01,2025-06-30,88.18,106.0,69.0,19.18,9.14,0.01
2025,28,WAS002,11.0,2025-07-08,2025-07-07,91.55,108.0,70.0,13.12,6.7,0.0
2025,29,WAS002,31.0,2025-07-15,2025-07-14,89.86,109.0,73.0,24.03,8.79,0.0
2025,30,WAS002,4.0,2025-07-22,2025-07-21,84.17,99.0,68.0,14.91,7.65,0.15
2025,31,WAS002,36.0,2025-07-29,2025-07-28,87.29,104.0,68.0,10.27,7.41,0.0
2025,32,WAS002,6.0,2025-08-05,2025-08-04,90.86,108.0,74.0,10.49,8.59,0.0
2025,33,WAS002,37.0,2025-08-12,2025-08-11,89.0,108.0,70.0,20.38,8.13,0.23
2025,34,WAS002,7.0,2025-08-19,2025-08-18,90.28,107.0,70.0,21.51,6.22,0.02
2025,35,WAS002,8.0,2025-08-26,2025-08-25,78.8,80.0,77.0,47.6,4.8,0.0
2024,26,WAS002-EX,125.0,2024-06-25,2024-06-24,93.29,108.0,76.0,20.9,10.33,0.0
2024,27,WAS002-EX,61.0,2024-07-02,2024-07-01,91.14,112.0,73.0,9.89,8.01,0.0
2024,28,WAS002-EX,45.0,2024-07-09,2024-07-08,93.9,114.0,75.0,13.82,6.95,0.02
2024,29,WAS002-EX,70.0,2024-07-16,2024-07-15,92.97,108.0,76.0,25.97,8.11,0.11
2024,30,WAS002-EX,14.0,2024-07-23,2024-07-22,92.29,108.0,70.0,23.47,8.79,0.09
2018,14,WAS005,0.0,2018-04-04,2018-04-02,65.14,86.0,42.0,28.12,7.03,0.21
2018,15,WAS005,0.0,2018-04-11,2018-04-09,63.46,89.0,41.0,20.22,10.2,0.0
2018,16,WAS005,0.0,2018-04-18,2018-04-16,61.57,85.0,40.0,25.9,10.43,0.07
2018,17,WAS005,0.0,2018-04-25,2018-04-23,73.43,93.0,52.0,15.46,8.84,0.0
2018,18,WAS005,3.0,2018-05-04,2018-04-30,65.14,94.0,44.0,40.18,5.51,0.3
2018,19,WAS005,2.0,2018-05-09,2018-05-07,75.57,98.0,53.0,17.85,8.4,0.0
2018,20,WAS005,1.0,2018-05-16,2018-05-14,73.29,91.0,56.0,18.36,8.04,0.0
2018,21,WAS005,0.0,2018-05-23,2018-05-21,74.29,93.0,56.0,21.16,8.79,0.02
2018,22,WAS005,0.0,2018-05-30,2018-05-28,79.71,100.0,59.0,17.46,8.91,0.0
2018,23,WAS005,4.0,2018-06-06,2018-06-04,83.71,103.0,67.0,11.06,9.74,0.0
2018,24,WAS005,3.0,2018-06-13,2018-06-11,85.0,104.0,66.0,17.22,10.77,0.0
2018,25,WAS005,7.0,2018-06-20,2018-06-18,86.0,106.0,63.0,12.23,7.69,0.0
2018,26,WAS005,16.0,2018-06-27,2018-06-25,87.97,105.0,69.0,10.63,8.06,0.0
2018,27,WAS005,17.0,2018-07-03,2018-07-02,90.71,108.0,73.0,16.33,9.23,0.01
2018,28,WAS005,5.0,2018-07-11,2018-07-09,86.43,105.0,69.0,49.03,7.43,0.04
2018,29,WAS005,9.0,2018-07-18,2018-07-16,89.71,106.0,71.0,39.86,8.12,0.01
2018,30,WAS005,7.0,2018-07-26,2018-07-23,93.43,110.0,76.0,24.21,7.73,0.0
2018,31,WAS005,7.0,2018-08-01,2018-07-30,90.68,107.0,71.0,31.48,7.53,0.3
2018,32,WAS005,3.0,2018-08-08,2018-08-06,88.14,107.0,67.0,26.12,6.96,0.13
2018,33,WAS005,12.0,2018-08-15,2018-08-13,88.28,105.0,70.0,32.05,7.08,0.02
2018,34,WAS005,7.0,2018-08-22,2018-08-20,84.43,105.0,67.0,41.61,9.19,0.81
2018,35,WAS005,6.0,2018-08-29,2018-08-27,82.6,98.0,63.0,20.41,5.97,0.0
2019,20,WAS005,2.0,2019-05-14,2019-05-13,66.43,89.0,44.0,37.1,8.59,0.05
2019,21,WAS005,0.0,2019-05-22,2019-05-20,59.86,82.0,46.0,51.86,8.06,0.2
2019,22,WAS005,6.0,2019-05-30,2019-05-27,68.09,91.0,49.0,40.99,6.13,0.14
2019,23,WAS005,0.0,2019-06-04,2019-06-03,79.1,98.0,60.0,22.42,8.93,0.0
2019,24,WAS005,1.0,2019-06-12,2019-06-10,82.74,103.0,61.0,19.82,6.11,0.03
2019,25,WAS005,0.0,2019-06-18,2019-06-17,79.49,99.0,57.0,24.11,8.11,0.01
2019,26,WAS005,8.0,2019-06-25,2019-06-24,83.11,100.0,63.0,15.7,8.24,0.01
2019,27,WAS005,6.0,2019-07-02,2019-07-01,84.14,101.0,66.0,14.45,7.61,0.0
2019,28,WAS005,3.0,2019-07-09,2019-07-08,87.71,106.0,68.0,18.12,7.13,0.01
2019,29,WAS005,0.0,2019-07-16,2019-07-15,88.14,107.0,70.0,14.48,7.39,0.0
2019,30,WAS005,15.0,2019-07-24,2019-07-22,89.64,106.0,70.0,29.3,6.67,0.02
2019,32,WAS005,12.0,2019-08-07,2019-08-05,88.64,107.0,74.0,29.96,9.1,0.0
2019,33,WAS005,0.0,2019-08-14,2019-08-12,88.17,105.0,69.0,12.19,5.71,0.0
2019,35,WAS005,0.0,2019-08-27,2019-08-26,87.43,105.0,68.0,21.23,5.8,0.01
2019,36,WAS005,0.0,2019-09-04,2019-09-02,87.71,103.0,72.0,26.15,7.17,0.01
2019,37,WAS005,0.0,2019-09-10,2019-09-09,78.29,98.0,60.0,19.35,7.39,0.0
2020,18,WAS005,0.0,2020-04-28,2020-04-27,74.57,94.0,54.0,23.42,6.04,0.0
2020,19,WAS005,1.0,2020-05-05,2020-05-04,73.86,93.0,52.0,17.28,6.43,0.01
2020,20,WAS005,0.0,2020-05-12,2020-05-11,73.57,93.0,56.0,23.1,9.91,0.0
2020,21,WAS005,0.0,2020-05-19,2020-05-18,67.71,91.0,48.0,21.27,11.93,0.0
2020,23,WAS005,2.0,2020-06-02,2020-06-01,82.0,103.0,61.0,17.6,9.17,0.01
2020,27,WAS005,0.0,2020-06-30,2020-06-29,81.86,103.0,55.0,17.66,8.37,0.0
2020,28,WAS005,0.0,2020-07-07,2020-07-06,89.14,109.0,67.0,11.29,7.21,0.0
2021,20,WAS005,2.0,2021-05-11,2021-05-10,73.86,93.0,53.0,13.04,8.36,0.0
2021,21,WAS005,1.0,2021-05-19,2021-05-17,68.86,94.0,46.0,18.96,11.83,0.01
2021,22,WAS005,2.0,2021-05-25,2021-05-24,75.71,95.0,52.0,12.2,6.24,0.0
2021,23,WAS005,4.0,2021-06-02,2021-05-31,85.43,105.0,62.0,11.61,7.33,0.0
2021,24,WAS005,2.0,2021-06-08,2021-06-07,80.57,105.0,58.0,10.22,9.06,0.0
2021,25,WAS005,2.0,2021-06-15,2021-06-14,93.57,112.0,74.0,10.62,6.11,0.0
2021,26,WAS005,1.0,2021-06-22,2021-06-21,87.43,106.0,68.0,18.49,9.26,0.01
2021,27,WAS005,1.0,2021-07-01,2021-06-28,87.86,105.0,72.0,22.67,8.24,0.01
2021,28,WAS005,7.0,2021-07-07,2021-07-05,97.0,114.0,77.0,14.18,6.67,0.0
2021,29,WAS005,3.0,2021-07-13,2021-07-12,87.71,109.0,69.0,42.67,8.01,0.01
2021,30,WAS005,4.0,2021-07-20,2021-07-19,87.43,103.0,72.0,48.8,6.99,0.0
2021,31,WAS005,14.0,2021-07-28,2021-07-26,84.43,102.0,70.0,50.97,6.57,0.0
2021,32,WAS005,6.0,2021-08-03,2021-08-02,89.71,109.0,67.0,20.41,6.91,0.0
2021,33,WAS005,15.0,2021-08-10,2021-08-09,89.14,105.0,71.0,30.35,7.0,0.0
2021,34,WAS005,9.0,2021-08-17,2021-08-16,83.57,104.0,63.0,33.14,9.8,0.0
2021,35,WAS005,12.0,2021-08-24,2021-08-23,85.0,105.0,64.0,16.53,5.1,0.0
2021,36,WAS005,0.0,2021-08-31,2021-08-30,82.65,103.0,66.0,39.27,5.46,0.0
2021,37,WAS005,0.0,2021-09-08,2021-09-06,87.43,105.0,70.0,23.57,5.31,0.0
2021,38,WAS005,5.0,2021-09-14,2021-09-13,79.71,100.0,60.0,26.2,5.8,0.01
2021,39,WAS005,5.0,2021-09-21,2021-09-20,76.43,94.0,56.0,21.3,5.19,0.0
2021,40,WAS005,2.0,2021-09-28,2021-09-27,71.0,90.0,50.0,29.84,5.99,0.0
2021,41,WAS005,1.0,2021-10-05,2021-10-04,67.0,88.0,49.0,56.54,5.14,0.01
2021,43,WAS005,0.0,2021-10-20,2021-10-18,58.86,78.0,38.0,41.72,4.79,0.0
2022,18,WAS005,0.0,2022-05-03,2022-05-02,70.86,92.0,49.0,18.29,11.53,0.0
2022,19,WAS005,0.0,2022-05-11,2022-05-09,66.57,98.0,48.0,14.1,7.17,0.0
2022,21,WAS005,0.0,2022-05-24,2022-05-23,77.71,100.0,55.0,13.06,9.49,0.0
2022,22,WAS005,0.0,2022-05-31,2022-05-30,75.14,96.0,52.0,15.4,8.04,0.0
2022,23,WAS005,8.0,2022-06-07,2022-06-06,87.86,106.0,69.0,14.97,8.09,0.0
2022,24,WAS005,4.0,2022-06-14,2022-06-13,81.43,106.0,62.0,11.75,11.51,0.0
2022,25,WAS005,2.0,2022-06-21,2022-06-20,83.14,103.0,57.0,17.12,7.33,0.01
2022,26,WAS005,17.0,2022-06-28,2022-06-27,90.29,104.0,75.0,20.08,10.89,0.01
2022,28,WAS005,10.0,2022-07-12,2022-07-11,93.71,108.0,77.0,24.37,8.04,0.02
2022,29,WAS005,30.0,2022-07-19,2022-07-18,93.57,110.0,79.0,23.5,8.01,0.03
2022,31,WAS005,25.0,2022-08-02,2022-08-01,87.29,102.0,73.0,42.64,6.47,0.08
2022,32,WAS005,26.0,2022-08-09,2022-08-08,85.43,104.0,73.0,46.98,6.6,0.15
2022,33,WAS005,5.0,2022-08-16,2022-08-15,84.43,99.0,71.0,49.42,6.64,0.04
2022,34,WAS005,4.0,2022-08-23,2022-08-22,85.86,103.0,69.0,37.01,5.5,0.47
2022,35,WAS005,10.0,2022-08-30,2022-08-29,90.71,108.0,71.0,22.05,4.3,0.0
2022,36,WAS005,4.0,2022-09-07,2022-09-05,87.29,111.0,66.0,31.95,6.51,0.01
2022,37,WAS005,16.0,2022-09-13,2022-09-12,75.14,92.0,61.0,56.31,6.79,1.08
2022,38,WAS005,2.0,2022-09-20,2022-09-19,77.57,93.0,59.0,31.61,5.53,0.0
2022,39,WAS005,3.0,2022-09-27,2022-09-26,77.79,95.0,60.0,35.98,4.8,0.44
2022,40,WAS005,0.0,2022-10-04,2022-10-03,73.52,88.0,58.0,36.66,4.44,0.01
2022,41,WAS005,0.0,2022-10-11,2022-10-10,71.14,87.0,55.0,27.73,4.26,0.0
2023,17,WAS005,1.0,2023-04-24,2023-04-24,68.86,92.0,51.0,23.36,6.47,0.01
2023,18,WAS005,2.0,2023-05-02,2023-05-01,65.57,89.0,48.0,27.54,9.24,0.02
2023,19,WAS005,1.0,2023-05-09,2023-05-08,69.71,88.0,48.0,23.51,8.79,0.01
2023,20,WAS005,1.0,2023-05-16,2023-05-15,76.17,91.0,57.0,36.7,7.22,0.17
2023,21,WAS005,2.0,2023-05-23,2023-05-22,76.29,93.0,57.0,22.04,7.76,0.02
2023,22,WAS005,1.0,2023-05-31,2023-05-29,75.71,94.0,57.0,21.94,7.03,0.02
2023,23,WAS005,4.0,2023-06-06,2023-06-05,77.16,97.0,61.0,18.28,8.09,0.01
2023,24,WAS005,1.0,2023-06-13,2023-06-12,75.71,98.0,57.0,37.66,7.94,0.09
2023,25,WAS005,10.0,2023-06-21,2023-06-19,78.43,97.0,57.0,11.78,9.56,0.0
2023,26,WAS005,3.0,2023-06-27,2023-06-26,83.29,107.0,64.0,13.59,6.69,0.0
2023,27,WAS005,10.0,2023-07-04,2023-07-03,87.14,109.0,67.0,9.62,7.04,0.0
2023,28,WAS005,4.0,2023-07-11,2023-07-10,92.29,114.0,73.0,16.33,6.26,0.0
2023,29,WAS005,9.0,2023-07-18,2023-07-17,95.14,112.0,77.0,19.31,8.4,0.0
2023,30,WAS005,5.0,2023-07-26,2023-07-24,92.29,109.0,74.0,24.69,9.04,0.02
2023,31,WAS005,4.0,2023-08-01,2023-07-31,83.14,103.0,67.0,38.68,5.63,0.47
2023,32,WAS005,1.0,2023-08-08,2023-08-07,83.57,103.0,65.0,31.35,7.11,0.2
2023,33,WAS005,8.0,2023-08-15,2023-08-14,82.57,101.0,65.0,50.17,6.24,0.21
2023,35,WAS005,10.0,2023-08-29,2023-08-28,81.46,106.0,65.0,50.86,6.43,2.76
2023,36,WAS005,0.0,2023-09-06,2023-09-04,77.24,98.0,62.0,44.32,4.47,0.02
2023,37,WAS005,5.0,2023-09-12,2023-09-11,76.86,94.0,61.0,45.56,3.95,0.04
2023,38,WAS005,5.0,2023-09-19,2023-09-18,72.14,92.0,53.0,37.06,5.07,0.05
2023,39,WAS005,1.0,2023-09-26,2023-09-25,71.43,91.0,52.0,33.39,6.0,0.04
2023,40,WAS005,0.0,2023-10-03,2023-10-02,68.07,89.0,48.0,41.49,4.69,0.19
2024,23,WAS005,2.0,2024-06-04,2024-06-03,87.71,108.0,69.0,15.77,7.36,0.0
2024,24,WAS005,0.0,2024-06-11,2024-06-10,87.06,105.0,68.0,11.63,7.06,0.0
2024,25,WAS005,2.0,2024-06-18,2024-06-17,84.86,106.0,63.0,14.44,8.46,0.0
2024,26,WAS005,3.0,2024-06-25,2024-06-24,93.29,108.0,76.0,20.9,10.33,0.0
2024,27,WAS005,0.0,2024-07-02,2024-07-01,91.14,112.0,73.0,9.89,8.01,0.0
2024,28,WAS005,2.0,2024-07-09,2024-07-08,93.9,114.0,75.0,13.82,6.95,0.02
2024,29,WAS005,2.0,2024-07-16,2024-07-15,92.97,108.0,76.0,25.97,8.11,0.11
2024,30,WAS005,3.0,2024-07-23,2024-07-22,92.29,108.0,70.0,23.47,8.79,0.09
2024,31,WAS005,7.0,2024-07-30,2024-07-29,89.29,106.0,69.0,19.72,6.89,0.01
2024,32,WAS005,5.0,2024-08-06,2024-08-05,92.57,109.0,79.0,29.7,9.17,0.03
2024,33,WAS005,5.0,2024-08-13,2024-08-12,87.86,103.0,71.0,30.48,8.99,1.23
2024,34,WAS005,12.0,2024-08-21,2024-08-19,84.71,104.0,68.0,33.33,11.16,0.11
2024,35,WAS005,12.0,2024-08-27,2024-08-26,83.35,102.0,61.0,20.93,5.56,0.01
2024,36,WAS005,7.0,2024-09-03,2024-09-02,87.3,103.0,70.0,19.12,6.56,0.01
2024,37,WAS005,19.0,2024-09-10,2024-09-09,82.19,100.0,61.0,19.17,8.0,0.0
2024,38,WAS005,11.0,2024-09-17,2024-09-16,73.71,91.0,55.0,24.7,7.77,0.02
2024,39,WAS005,1.0,2024-09-24,2024-09-23,82.0,102.0,62.0,16.39,4.43,0.0
2024,40,WAS005,5.0,2024-10-01,2024-09-30,82.0,101.0,62.0,15.02,3.97,0.0
2025,18,WAS005,0.0,2025-04-29,2025-04-28,67.29,86.0,48.0,30.31,7.6,0.1
2025,20,WAS005,0.0,2025-05-14,2025-05-12,68.43,92.0,51.0,24.01,11.31,0.04
2025,21,WAS005,0.0,2025-05-20,2025-05-19,76.29,97.0,54.0,14.39,7.89,0.0
2025,23,WAS005,3.0,2025-06-03,2025-06-02,78.84,101.0,59.0,39.72,7.61,1.74
2025,24,WAS005,9.0,2025-06-10,2025-06-09,88.43,105.0,71.0,13.16,8.49,0.0
2025,25,WAS005,9.0,2025-06-17,2025-06-16,86.43,107.0,62.0,8.95,11.21,0.0
2025,26,WAS005,16.0,2025-06-24,2025-06-23,82.86,102.0,64.0,12.5,6.21,0.0
2025,27,WAS005,7.0,2025-07-01,2025-06-30,88.18,106.0,69.0,19.18,9.14,0.01
2025,28,WAS005,4.0,2025-07-08,2025-07-07,91.55,108.0,70.0,13.12,6.7,0.0
2025,29,WAS005,5.0,2025-07-15,2025-07-14,89.86,109.0,73.0,24.03,8.79,0.0
2025,30,WAS005,5.0,2025-07-22,2025-07-21,84.17,99.0,68.0,14.91,7.65,0.15
2025,31,WAS005,1.0,2025-07-29,2025-07-28,87.29,104.0,68.0,10.27,7.41,0.0
2025,32,WAS005,4.0,2025-08-05,2025-08-04,90.86,108.0,74.0,10.49,8.59,0.0
2025,33,WAS005,5.0,2025-08-12,2025-08-11,89.0,108.0,70.0,20.38,8.13,0.23
2025,34,WAS005,4.0,2025-08-19,2025-08-18,90.28,107.0,70.0,21.51,6.22,0.02
2025,35,WAS005,6.0,2025-08-26,2025-08-25,78.8,80.0,77.0,47.6,4.8,0.0
2018,14,WAS006,0.0,2018-04-04,2018-04-02,65.14,86.0,42.0,28.12,7.03,0.21
2018,15,WAS006,2.0,2018-04-11,2018-04-09,63.46,89.0,41.0,20.22,10.2,0.0
2018,16,WAS006,1.0,2018-04-18,2018-04-16,61.57,85.0,40.0,25.9,10.43,0.07
2018,17,WAS006,3.0,2018-04-25,2018-04-23,73.43,93.0,52.0,15.46,8.84,0.0
2018,18,WAS006,0.0,2018-05-04,2018-04-30,65.14,94.0,44.0,40.18,5.51,0.3
2018,19,WAS006,0.0,2018-05-09,2018-05-07,75.57,98.0,53.0,17.85,8.4,0.0
2018,20,WAS006,2.0,2018-05-16,2018-05-14,73.29,91.0,56.0,18.36,8.04,0.0
2018,21,WAS006,5.0,2018-05-23,2018-05-21,74.29,93.0,56.0,21.16,8.79,0.02
2018,22,WAS006,2.0,2018-05-30,2018-05-28,79.71,100.0,59.0,17.46,8.91,0.0
2018,23,WAS006,5.0,2018-06-06,2018-06-04,83.71,103.0,67.0,11.06,9.74,0.0
2018,24,WAS006,11.0,2018-06-13,2018-06-11,85.0,104.0,66.0,17.22,10.77,0.0
2018,25,WAS006,3.0,2018-06-20,2018-06-18,86.0,106.0,63.0,12.23,7.69,0.0
2018,26,WAS006,4.0,2018-06-27,2018-06-25,87.97,105.0,69.0,10.63,8.06,0.0
2018,27,WAS006,4.0,2018-07-03,2018-07-02,90.71,108.0,73.0,16.33,9.23,0.01
2018,28,WAS006,1.0,2018-07-11,2018-07-09,86.43,105.0,69.0,49.03,7.43,0.04
2018,29,WAS006,22.0,2018-07-18,2018-07-16,89.71,106.0,71.0,39.86,8.12,0.01
2018,30,WAS006,56.0,2018-07-26,2018-07-23,93.43,110.0,76.0,24.21,7.73,0.0
2018,31,WAS006,32.0,2018-08-01,2018-07-30,90.68,107.0,71.0,31.48,7.53,0.3
2018,32,WAS006,10.0,2018-08-08,2018-08-06,88.14,107.0,67.0,26.12,6.96,0.13
2018,33,WAS006,8.0,2018-08-15,2018-08-13,88.28,105.0,70.0,32.05,7.08,0.02
2018,34,WAS006,3.0,2018-08-22,2018-08-20,84.43,105.0,67.0,41.61,9.19,0.81
2018,35,WAS006,2.0,2018-08-29,2018-08-27,82.6,98.0,63.0,20.41,5.97,0.0
2019,20,WAS006,1.0,2019-05-14,2019-05-13,66.43,89.0,44.0,37.1,8.59,0.05
2019,21,WAS006,0.0,2019-05-22,2019-05-20,59.86,82.0,46.0,51.86,8.06,0.2
2019,22,WAS006,0.0,2019-05-30,2019-05-27,68.09,91.0,49.0,40.99,6.13,0.14
2019,23,WAS006,0.0,2019-06-04,2019-06-03,79.1,98.0,60.0,22.42,8.93,0.0
2019,24,WAS006,9.0,2019-06-12,2019-06-10,82.74,103.0,61.0,19.82,6.11,0.03
2019,25,WAS006,8.0,2019-06-18,2019-06-17,79.49,99.0,57.0,24.11,8.11,0.01
2019,26,WAS006,14.0,2019-06-25,2019-06-24,83.11,100.0,63.0,15.7,8.24,0.01
2019,27,WAS006,82.0,2019-07-02,2019-07-01,84.14,101.0,66.0,14.45,7.61,0.0
2019,28,WAS006,39.0,2019-07-09,2019-07-08,87.71,106.0,68.0,18.12,7.13,0.01
2019,29,WAS006,48.0,2019-07-16,2019-07-15,88.14,107.0,70.0,14.48,7.39,0.0
2019,30,WAS006,0.0,2019-07-24,2019-07-22,89.64,106.0,70.0,29.3,6.67,0.02
2019,31,WAS006,20.0,2019-07-31,2019-07-29,89.44,107.0,69.0,29.18,6.86,0.03
2019,32,WAS006,0.0,2019-08-07,2019-08-05,88.64,107.0,74.0,29.96,9.1,0.0
2019,33,WAS006,6.0,2019-08-14,2019-08-12,88.17,105.0,69.0,12.19,5.71,0.0
2019,34,WAS006,2.0,2019-08-21,2019-08-19,85.43,104.0,68.0,15.05,5.87,0.0
2019,35,WAS006,1.0,2019-08-27,2019-08-26,87.43,105.0,68.0,21.23,5.8,0.01
2019,36,WAS006,1.0,2019-09-04,2019-09-02,87.71,103.0,72.0,26.15,7.17,0.01
2019,37,WAS006,0.0,2019-09-10,2019-09-09,78.29,98.0,60.0,19.35,7.39,0.0
2019,38,WAS006,1.0,2019-09-17,2019-09-16,74.0,94.0,52.0,18.87,9.07,0.0
2019,39,WAS006,0.0,2019-09-24,2019-09-23,73.57,92.0,55.0,31.41,8.87,0.01
2019,40,WAS006,0.0,2019-10-01,2019-09-30,63.71,85.0,43.0,16.92,5.23,0.0
2020,17,WAS006,1.0,2020-04-21,2020-04-20,66.0,86.0,47.0,42.3,5.31,0.21
2020,18,WAS006,0.0,2020-04-28,2020-04-27,74.57,94.0,54.0,23.42,6.04,0.0
2020,19,WAS006,0.0,2020-05-05,2020-05-04,73.86,93.0,52.0,17.28,6.43,0.01
2020,20,WAS006,2.0,2020-05-12,2020-05-11,73.57,93.0,56.0,23.1,9.91,0.0
2020,21,WAS006,5.0,2020-05-19,2020-05-18,67.71,91.0,48.0,21.27,11.93,0.0
2020,22,WAS006,9.0,2020-05-27,2020-05-25,82.57,104.0,56.0,16.38,7.0,0.0
2020,23,WAS006,34.0,2020-06-02,2020-06-01,82.0,103.0,61.0,17.6,9.17,0.01
2020,24,WAS006,1.0,2020-06-10,2020-06-08,76.0,102.0,51.0,14.17,8.66,0.0
2020,25,WAS006,8.0,2020-06-16,2020-06-15,81.29,101.0,63.0,14.2,9.71,0.0
2020,26,WAS006,11.0,2020-06-23,2020-06-22,88.57,105.0,69.0,14.3,9.31,0.0
2020,27,WAS006,4.0,2020-06-30,2020-06-29,81.86,103.0,55.0,17.66,8.37,0.0
2020,28,WAS006,18.0,2020-07-07,2020-07-06,89.14,109.0,67.0,11.29,7.21,0.0
2020,29,WAS006,126.0,2020-07-14,2020-07-13,91.29,109.0,72.0,14.58,7.94,0.0
2020,30,WAS006,65.0,2020-07-21,2020-07-20,88.71,106.0,72.0,23.53,9.24,0.0
2020,31,WAS006,85.0,2020-07-28,2020-07-27,91.2,110.0,69.0,14.51,6.36,0.01
2020,32,WAS006,7.0,2020-08-04,2020-08-03,86.29,104.0,66.0,11.15,7.09,0.0
2020,33,WAS006,4.0,2020-08-11,2020-08-10,87.86,111.0,66.0,13.36,5.31,0.0
2020,34,WAS006,2.0,2020-08-18,2020-08-17,92.43,111.0,70.0,21.14,6.49,0.04
2020,35,WAS006,20.0,2020-08-25,2020-08-24,88.14,105.0,68.0,24.84,6.4,0.0
2020,36,WAS006,2.0,2020-09-01,2020-08-31,86.29,110.0,66.0,13.93,6.01,0.0
2020,37,WAS006,11.0,2020-09-08,2020-09-07,74.57,103.0,54.0,18.03,8.51,0.0
2020,38,WAS006,8.0,2020-09-15,2020-09-14,82.14,100.0,63.0,14.82,5.53,0.0
2020,39,WAS006,8.0,2020-09-22,2020-09-21,79.57,97.0,59.0,20.6,6.17,0.02
2020,40,WAS006,4.0,2020-09-29,2020-09-28,76.0,96.0,55.0,11.26,4.74,0.0
2020,41,WAS006,6.0,2020-10-06,2020-10-05,73.43,94.0,55.0,16.64,4.5,0.0
2020,42,WAS006,6.0,2020-10-13,2020-10-12,69.57,91.0,49.0,17.43,4.46,0.0
2020,43,WAS006,3.0,2020-10-20,2020-10-19,64.33,88.0,41.0,24.37,4.75,0.0
2020,44,WAS006,0.0,2020-10-29,2020-10-26,55.14,78.0,32.0,20.33,6.01,0.0
2020,45,WAS006,3.0,2020-11-05,2020-11-02,61.14,85.0,37.0,38.65,6.41,0.18
2021,20,WAS006,1.0,2021-05-11,2021-05-10,73.86,93.0,53.0,13.04,8.36,0.0
2021,21,WAS006,2.0,2021-05-19,2021-05-17,68.86,94.0,46.0,18.96,11.83,0.01
2021,22,WAS006,1.0,2021-05-25,2021-05-24,75.71,95.0,52.0,12.2,6.24,0.0
2021,23,WAS006,10.0,2021-06-02,2021-05-31,85.43,105.0,62.0,11.61,7.33,0.0
2021,24,WAS006,4.0,2021-06-08,2021-06-07,80.57,105.0,58.0,10.22,9.06,0.0
2021,25,WAS006,16.0,2021-06-15,2021-06-14,93.57,112.0,74.0,10.62,6.11,0.0
2021,26,WAS006,3.0,2021-06-22,2021-06-21,87.43,106.0,68.0,18.49,9.26,0.01
2021,27,WAS006,5.0,2021-07-01,2021-06-28,87.86,105.0,72.0,22.67,8.24,0.01
2021,28,WAS006,0.0,2021-07-07,2021-07-05,97.0,114.0,77.0,14.18,6.67,0.0
2021,29,WAS006,20.0,2021-07-13,2021-07-12,87.71,109.0,69.0,42.67,8.01,0.01
2021,30,WAS006,2.0,2021-07-20,2021-07-19,87.43,103.0,72.0,48.8,6.99,0.0
2021,31,WAS006,2.0,2021-07-28,2021-07-26,84.43,102.0,70.0,50.97,6.57,0.0
2021,32,WAS006,12.0,2021-08-03,2021-08-02,89.71,109.0,67.0,20.41,6.91,0.0
2021,33,WAS006,3.0,2021-08-10,2021-08-09,89.14,105.0,71.0,30.35,7.0,0.0
2021,34,WAS006,7.0,2021-08-17,2021-08-16,83.57,104.0,63.0,33.14,9.8,0.0
2021,35,WAS006,2.0,2021-08-24,2021-08-23,85.0,105.0,64.0,16.53,5.1,0.0
2021,36,WAS006,0.0,2021-08-31,2021-08-30,82.65,103.0,66.0,39.27,5.46,0.0
2021,37,WAS006,0.0,2021-09-08,2021-09-06,87.43,105.0,70.0,23.57,5.31,0.0
2021,38,WAS006,2.0,2021-09-14,2021-09-13,79.71,100.0,60.0,26.2,5.8,0.01
2021,39,WAS006,3.0,2021-09-21,2021-09-20,76.43,94.0,56.0,21.3,5.19,0.0
2021,40,WAS006,3.0,2021-09-28,2021-09-27,71.0,90.0,50.0,29.84,5.99,0.0
2021,41,WAS006,1.0,2021-10-05,2021-10-04,67.0,88.0,49.0,56.54,5.14,0.01
2022,18,WAS006,5.0,2022-05-03,2022-05-02,70.86,92.0,49.0,18.29,11.53,0.0
2022,19,WAS006,0.0,2022-05-11,2022-05-09,66.57,98.0,48.0,14.1,7.17,0.0
2022,21,WAS006,5.0,2022-05-24,2022-05-23,77.71,100.0,55.0,13.06,9.49,0.0
2022,22,WAS006,1.0,2022-05-31,2022-05-30,75.14,96.0,52.0,15.4,8.04,0.0
2022,23,WAS006,0.0,2022-06-07,2022-06-06,87.86,106.0,69.0,14.97,8.09,0.0
2022,24,WAS006,1.0,2022-06-14,2022-06-13,81.43,106.0,62.0,11.75,11.51,0.0
2022,25,WAS006,0.0,2022-06-21,2022-06-20,83.14,103.0,57.0,17.12,7.33,0.01
2022,26,WAS006,1.0,2022-06-28,2022-06-27,90.29,104.0,75.0,20.08,10.89,0.01
2022,27,WAS006,0.0,2022-07-06,2022-07-04,87.86,106.0,70.0,13.85,8.8,0.0
2022,28,WAS006,0.0,2022-07-12,2022-07-11,93.71,108.0,77.0,24.37,8.04,0.02
2022,29,WAS006,0.0,2022-07-19,2022-07-18,93.57,110.0,79.0,23.5,8.01,0.03
2022,31,WAS006,1.0,2022-08-02,2022-08-01,87.29,102.0,73.0,42.64,6.47,0.08
2022,32,WAS006,4.0,2022-08-09,2022-08-08,85.43,104.0,73.0,46.98,6.6,0.15
2022,33,WAS006,6.0,2022-08-16,2022-08-15,84.43,99.0,71.0,49.42,6.64,0.04
2022,34,WAS006,0.0,2022-08-23,2022-08-22,85.86,103.0,69.0,37.01,5.5,0.47
2022,35,WAS006,1.0,2022-08-30,2022-08-29,90.71,108.0,71.0,22.05,4.3,0.0
2022,36,WAS006,5.0,2022-09-07,2022-09-05,87.29,111.0,66.0,31.95,6.51,0.01
2022,37,WAS006,8.0,2022-09-13,2022-09-12,75.14,92.0,61.0,56.31,6.79,1.08
2022,38,WAS006,1.0,2022-09-20,2022-09-19,77.57,93.0,59.0,31.61,5.53,0.0
2022,39,WAS006,4.0,2022-09-27,2022-09-26,77.79,95.0,60.0,35.98,4.8,0.44
2022,40,WAS006,7.0,2022-10-04,2022-10-03,73.52,88.0,58.0,36.66,4.44,0.01
2022,41,WAS006,2.0,2022-10-11,2022-10-10,71.14,87.0,55.0,27.73,4.26,0.0
2023,15,WAS006,0.0,2023-04-11,2023-04-10,64.14,90.0,43.0,27.49,6.81,0.02
2023,16,WAS006,0.0,2023-04-18,2023-04-17,61.14,83.0,38.0,24.14,9.09,0.0
2023,17,WAS006,0.0,2023-04-24,2023-04-24,68.86,92.0,51.0,23.36,6.47,0.01
2023,18,WAS006,0.0,2023-05-02,2023-05-01,65.57,89.0,48.0,27.54,9.24,0.02
2023,19,WAS006,0.0,2023-05-09,2023-05-08,69.71,88.0,48.0,23.51,8.79,0.01
2023,20,WAS006,0.0,2023-05-16,2023-05-15,76.17,91.0,57.0,36.7,7.22,0.17
2023,21,WAS006,0.0,2023-05-23,2023-05-22,76.29,93.0,57.0,22.04,7.76,0.02
2023,22,WAS006,0.0,2023-05-31,2023-05-29,75.71,94.0,57.0,21.94,7.03,0.02
2023,23,WAS006,1.0,2023-06-06,2023-06-05,77.16,97.0,61.0,18.28,8.09,0.01
2023,24,WAS006,0.0,2023-06-13,2023-06-12,75.71,98.0,57.0,37.66,7.94,0.09
2023,25,WAS006,0.0,2023-06-21,2023-06-19,78.43,97.0,57.0,11.78,9.56,0.0
2023,26,WAS006,0.0,2023-06-27,2023-06-26,83.29,107.0,64.0,13.59,6.69,0.0
2023,27,WAS006,0.0,2023-07-04,2023-07-03,87.14,109.0,67.0,9.62,7.04,0.0
2023,28,WAS006,3.0,2023-07-11,2023-07-10,92.29,114.0,73.0,16.33,6.26,0.0
2023,29,WAS006,2.0,2023-07-18,2023-07-17,95.14,112.0,77.0,19.31,8.4,0.0
2023,30,WAS006,1.0,2023-07-26,2023-07-24,92.29,109.0,74.0,24.69,9.04,0.02
2023,31,WAS006,1.0,2023-08-01,2023-07-31,83.14,103.0,67.0,38.68,5.63,0.47
2023,32,WAS006,0.0,2023-08-08,2023-08-07,83.57,103.0,65.0,31.35,7.11,0.2
2023,33,WAS006,2.0,2023-08-15,2023-08-14,82.57,101.0,65.0,50.17,6.24,0.21
2023,35,WAS006,1.0,2023-08-29,2023-08-28,81.46,106.0,65.0,50.86,6.43,2.76
2023,36,WAS006,2.0,2023-09-06,2023-09-04,77.24,98.0,62.0,44.32,4.47,0.02
2023,37,WAS006,2.0,2023-09-12,2023-09-11,76.86,94.0,61.0,45.56,3.95,0.04
2023,38,WAS006,1.0,2023-09-19,2023-09-18,72.14,92.0,53.0,37.06,5.07,0.05
2023,39,WAS006,5.0,2023-09-26,2023-09-25,71.43,91.0,52.0,33.39,6.0,0.04
2024,16,WAS006,7.0,2024-04-17,2024-04-15,66.86,88.0,45.0,26.3,5.48,0.0
2024,17,WAS006,2.0,2024-04-23,2024-04-22,66.29,89.0,47.0,31.77,8.99,0.02
2024,18,WAS006,1.0,2024-05-01,2024-04-29,66.86,86.0,46.0,22.07,8.71,0.01
2024,20,WAS006,5.0,2024-05-14,2024-05-13,77.14,94.0,57.0,18.19,8.07,0.0
2024,22,WAS006,1.0,2024-05-29,2024-05-27,80.86,98.0,61.0,13.38,7.24,0.0
2024,23,WAS006,6.0,2024-06-04,2024-06-03,87.71,108.0,69.0,15.77,7.36,0.0
2024,24,WAS006,7.0,2024-06-11,2024-06-10,87.06,105.0,68.0,11.63,7.06,0.0
2024,25,WAS006,0.0,2024-06-18,2024-06-17,84.86,106.0,63.0,14.44,8.46,0.0
2024,26,WAS006,3.0,2024-06-25,2024-06-24,93.29,108.0,76.0,20.9,10.33,0.0
2024,27,WAS006,1.0,2024-07-02,2024-07-01,91.14,112.0,73.0,9.89,8.01,0.0
2024,28,WAS006,1.0,2024-07-09,2024-07-08,93.9,114.0,75.0,13.82,6.95,0.02
2024,29,WAS006,0.0,2024-07-16,2024-07-15,92.97,108.0,76.0,25.97,8.11,0.11
2024,30,WAS006,4.0,2024-07-23,2024-07-22,92.29,108.0,70.0,23.47,8.79,0.09
2024,31,WAS006,1.0,2024-07-30,2024-07-29,89.29,106.0,69.0,19.72,6.89,0.01
2024,32,WAS006,3.0,2024-08-06,2024-08-05,92.57,109.0,79.0,29.7,9.17,0.03
2024,33,WAS006,1.0,2024-08-13,2024-08-12,87.86,103.0,71.0,30.48,8.99,1.23
2024,34,WAS006,1.0,2024-08-21,2024-08-19,84.71,104.0,68.0,33.33,11.16,0.11
2024,35,WAS006,0.0,2024-08-27,2024-08-26,83.35,102.0,61.0,20.93,5.56,0.01
2024,36,WAS006,6.0,2024-09-03,2024-09-02,87.3,103.0,70.0,19.12,6.56,0.01
2024,37,WAS006,4.0,2024-09-10,2024-09-09,82.19,100.0,61.0,19.17,8.0,0.0
2024,38,WAS006,3.0,2024-09-17,2024-09-16,73.71,91.0,55.0,24.7,7.77,0.02
2024,39,WAS006,1.0,2024-09-24,2024-09-23,82.0,102.0,62.0,16.39,4.43,0.0
2024,40,WAS006,0.0,2024-10-01,2024-09-30,82.0,101.0,62.0,15.02,3.97,0.0
2025,18,WAS006,4.0,2025-04-29,2025-04-28,67.29,86.0,48.0,30.31,7.6,0.1
2025,20,WAS006,3.0,2025-05-14,2025-05-12,68.43,92.0,51.0,24.01,11.31,0.04
2025,21,WAS006,1.0,2025-05-20,2025-05-19,76.29,97.0,54.0,14.39,7.89,0.0
2025,22,WAS006,0.0,2025-05-28,2025-05-26,83.71,104.0,62.0,13.95,6.5,0.0
2025,23,WAS006,1.0,2025-06-03,2025-06-02,78.84,101.0,59.0,39.72,7.61,1.74
2025,24,WAS006,3.0,2025-06-10,2025-06-09,88.43,105.0,71.0,13.16,8.49,0.0
2025,25,WAS006,0.0,2025-06-17,2025-06-16,86.43,107.0,62.0,8.95,11.21,0.0
2025,26,WAS006,4.0,2025-06-24,2025-06-23,82.86,102.0,64.0,12.5,6.21,0.0
2025,27,WAS006,2.0,2025-07-01,2025-06-30,88.18,106.0,69.0,19.18,9.14,0.01
2025,28,WAS006,0.0,2025-07-08,2025-07-07,91.55,108.0,70.0,13.12,6.7,0.0
2025,29,WAS006,2.0,2025-07-15,2025-07-14,89.86,109.0,73.0,24.03,8.79,0.0
2025,30,WAS006,0.0,2025-07-22,2025-07-21,84.17,99.0,68.0,14.91,7.65,0.15
2025,31,WAS006,0.0,2025-07-29,2025-07-28,87.29,104.0,68.0,10.27,7.41,0.0
2025,32,WAS006,2.0,2025-08-05,2025-08-04,90.86,108.0,74.0,10.49,8.59,0.0
2025,33,WAS006,0.0,2025-08-12,2025-08-11,89.0,108.0,70.0,20.38,8.13,0.23
2025,34,WAS006,0.0,2025-08-19,2025-08-18,90.28,107.0,70.0,21.51,6.22,0.02
2025,35,WAS006,1.0,2025-08-26,2025-08-25,78.8,80.0,77.0,47.6,4.8,0.0
2018,5,WAS008,5.0,2018-02-01,2018-01-29,51.19,70.0,33.0,44.18,1.73,0.0
2018,6,WAS008,0.0,2018-02-08,2018-02-05,51.29,71.0,29.0,34.59,5.16,0.0
2018,9,WAS008,0.0,2018-03-09,2018-03-05,49.29,70.0,28.0,38.03,3.13,0.36
2018,11,WAS008,8.0,2018-03-14,2018-03-12,53.57,74.0,32.0,55.12,8.27,0.08
2018,12,WAS008,10.0,2018-03-22,2018-03-19,56.0,71.0,37.0,42.52,6.66,0.13
2018,13,WAS008,2.0,2018-03-29,2018-03-26,59.2,82.0,38.0,28.12,6.09,0.0
2018,14,WAS008,5.0,2018-04-05,2018-04-02,65.14,86.0,42.0,28.12,7.03,0.21
2018,15,WAS008,7.0,2018-04-12,2018-04-09,63.46,89.0,41.0,20.22,10.2,0.0
2018,16,WAS008,27.0,2018-04-19,2018-04-16,61.57,85.0,40.0,25.9,10.43,0.07
2018,17,WAS008,62.0,2018-04-26,2018-04-23,73.43,93.0,52.0,15.46,8.84,0.0
2018,18,WAS008,11.0,2018-05-04,2018-04-30,65.14,94.0,44.0,40.18,5.51,0.3
2018,19,WAS008,61.0,2018-05-10,2018-05-07,75.57,98.0,53.0,17.85,8.4,0.0
2018,20,WAS008,67.0,2018-05-17,2018-05-14,73.29,91.0,56.0,18.36,8.04,0.0
2018,21,WAS008,44.0,2018-05-23,2018-05-21,74.29,93.0,56.0,21.16,8.79,0.02
2018,22,WAS008,99.0,2018-05-31,2018-05-28,79.71,100.0,59.0,17.46,8.91,0.0
2018,23,WAS008,101.0,2018-06-07,2018-06-04,83.71,103.0,67.0,11.06,9.74,0.0
2018,24,WAS008,37.0,2018-06-14,2018-06-11,85.0,104.0,66.0,17.22,10.77,0.0
2018,25,WAS008,141.0,2018-06-21,2018-06-18,86.0,106.0,63.0,12.23,7.69,0.0
2018,26,WAS008,143.0,2018-06-28,2018-06-25,87.97,105.0,69.0,10.63,8.06,0.0
2018,27,WAS008,92.0,2018-07-06,2018-07-02,90.71,108.0,73.0,16.33,9.23,0.01
2018,28,WAS008,94.0,2018-07-12,2018-07-09,86.43,105.0,69.0,49.03,7.43,0.04
2018,29,WAS008,200.0,2018-07-19,2018-07-16,89.71,106.0,71.0,39.86,8.12,0.01
2018,30,WAS008,570.0,2018-07-27,2018-07-23,93.43,110.0,76.0,24.21,7.73,0.0
2018,31,WAS008,272.0,2018-08-02,2018-07-30,90.68,107.0,71.0,31.48,7.53,0.3
2018,32,WAS008,537.0,2018-08-09,2018-08-06,88.14,107.0,67.0,26.12,6.96,0.13
2018,33,WAS008,322.0,2018-08-16,2018-08-13,88.28,105.0,70.0,32.05,7.08,0.02
2018,34,WAS008,684.0,2018-08-24,2018-08-20,84.43,105.0,67.0,41.61,9.19,0.81
2018,35,WAS008,195.0,2018-08-30,2018-08-27,82.6,98.0,63.0,20.41,5.97,0.0
2018,36,WAS008,642.0,2018-09-06,2018-09-03,82.29,101.0,66.0,30.0,5.73,0.14
2018,37,WAS008,916.0,2018-09-12,2018-09-10,83.06,99.0,63.0,16.28,8.08,0.0
2018,38,WAS008,893.0,2018-09-19,2018-09-17,79.86,97.0,60.0,21.28,5.79,0.0
2018,39,WAS008,560.0,2018-09-26,2018-09-24,78.29,94.0,57.0,18.37,6.69,0.0
2018,40,WAS008,273.0,2018-10-05,2018-10-01,67.43,87.0,50.0,62.01,6.11,0.73
2018,41,WAS008,483.0,2018-10-11,2018-10-08,61.14,77.0,46.0,43.6,8.24,0.01
2018,42,WAS008,46.0,2018-10-17,2018-10-15,59.43,82.0,41.0,38.75,6.56,0.06
2018,43,WAS008,173.0,2018-10-26,2018-10-22,62.57,77.0,45.0,54.6,2.73,0.59
2018,44,WAS008,26.0,2018-11-02,2018-10-29,58.72,79.0,39.0,33.35,5.42,0.0
2018,45,WAS008,28.0,2018-11-06,2018-11-05,51.14,73.0,31.0,27.58,5.91,0.0
2018,46,WAS008,1.0,2018-11-14,2018-11-12,46.29,65.0,28.0,31.27,2.9,0.0
2018,47,WAS008,5.0,2018-11-20,2018-11-19,45.86,62.0,31.0,40.09,3.56,0.01
2018,48,WAS008,1.0,2018-11-27,2018-11-26,44.06,59.0,29.0,59.96,4.46,0.01
2018,50,WAS008,5.0,2018-12-11,2018-12-10,44.43,63.0,28.0,49.71,3.44,0.0
2018,51,WAS008,1.0,2018-12-20,2018-12-17,43.86,58.0,29.0,53.3,1.86,0.0
2019,4,WAS008,0.0,2019-01-25,2019-01-21,42.29,59.0,26.0,55.16,4.89,0.01
2019,5,WAS008,2.0,2019-01-31,2019-01-28,47.71,63.0,30.0,53.21,4.57,0.02
2019,7,WAS008,0.0,2019-02-13,2019-02-11,41.43,56.0,26.0,69.68,6.01,0.03
2019,8,WAS008,14.0,2019-03-01,2019-02-25,51.29,66.0,31.0,64.2,3.26,0.01
2019,13,WAS008,8.0,2019-03-28,2019-03-25,56.63,74.0,42.0,38.09,5.94,0.0
2019,14,WAS008,14.0,2019-04-02,2019-04-01,59.59,78.0,42.0,43.06,5.64,0.0
2019,15,WAS008,15.0,2019-04-09,2019-04-08,58.23,84.0,38.0,38.62,7.97,0.02
2019,16,WAS008,7.0,2019-04-18,2019-04-15,64.57,86.0,43.0,38.6,7.73,0.01
2019,17,WAS008,35.0,2019-04-24,2019-04-22,71.29,91.0,47.0,33.57,6.59,0.01
2019,18,WAS008,38.0,2019-05-01,2019-04-29,63.71,88.0,45.0,41.02,6.13,0.06
2019,19,WAS008,117.0,2019-05-07,2019-05-06,65.72,84.0,50.0,46.66,6.97,1.03
2019,20,WAS008,55.0,2019-05-14,2019-05-13,66.43,89.0,44.0,37.1,8.59,0.05
2019,21,WAS008,30.0,2019-05-22,2019-05-20,59.86,82.0,46.0,51.86,8.06,0.2
2019,22,WAS008,81.0,2019-05-30,2019-05-27,68.09,91.0,49.0,40.99,6.13,0.14
2019,23,WAS008,214.0,2019-06-04,2019-06-03,79.1,98.0,60.0,22.42,8.93,0.0
2019,24,WAS008,307.0,2019-06-12,2019-06-10,82.74,103.0,61.0,19.82,6.11,0.03
2019,25,WAS008,170.0,2019-06-18,2019-06-17,79.49,99.0,57.0,24.11,8.11,0.01
2019,26,WAS008,110.0,2019-06-25,2019-06-24,83.11,100.0,63.0,15.7,8.24,0.01
2019,27,WAS008,146.0,2019-07-02,2019-07-01,84.14,101.0,66.0,14.45,7.61,0.0
2019,28,WAS008,196.0,2019-07-09,2019-07-08,87.71,106.0,68.0,18.12,7.13,0.01
2019,29,WAS008,140.0,2019-07-16,2019-07-15,88.14,107.0,70.0,14.48,7.39,0.0
2019,30,WAS008,114.0,2019-07-24,2019-07-22,89.64,106.0,70.0,29.3,6.67,0.02
2019,31,WAS008,197.0,2019-07-31,2019-07-29,89.44,107.0,69.0,29.18,6.86,0.03
2019,32,WAS008,145.0,2019-08-07,2019-08-05,88.64,107.0,74.0,29.96,9.1,0.0
2019,33,WAS008,244.0,2019-08-14,2019-08-12,88.17,105.0,69.0,12.19,5.71,0.0
2019,34,WAS008,76.0,2019-08-21,2019-08-19,85.43,104.0,68.0,15.05,5.87,0.0
2019,35,WAS008,87.0,2019-08-27,2019-08-26,87.43,105.0,68.0,21.23,5.8,0.01
2019,36,WAS008,123.0,2019-09-04,2019-09-02,87.71,103.0,72.0,26.15,7.17,0.01
2019,37,WAS008,103.0,2019-09-10,2019-09-09,78.29,98.0,60.0,19.35,7.39,0.0
2019,38,WAS008,121.0,2019-09-17,2019-09-16,74.0,94.0,52.0,18.87,9.07,0.0
2019,39,WAS008,76.0,2019-09-24,2019-09-23,73.57,92.0,55.0,31.41,8.87,0.01
2019,40,WAS008,9.0,2019-10-01,2019-09-30,63.71,85.0,43.0,16.92,5.23,0.0
2019,41,WAS008,4.0,2019-10-08,2019-10-07,60.86,86.0,35.0,13.51,5.99,0.0
2019,42,WAS008,5.0,2019-10-17,2019-10-14,62.24,84.0,42.0,21.21,5.13,0.0
2019,43,WAS008,1.0,2019-10-22,2019-10-21,58.45,78.0,39.0,21.16,5.6,0.0
2019,44,WAS008,0.0,2019-11-01,2019-10-28,45.17,71.0,23.0,16.91,5.3,0.0
2019,45,WAS008,0.0,2019-11-13,2019-11-11,55.86,74.0,38.0,25.25,2.76,0.0
2019,46,WAS008,2.0,2019-11-19,2019-11-18,48.86,70.0,34.0,66.4,3.58,0.01
2020,4,WAS008,3.0,2020-01-24,2020-01-20,45.86,61.0,30.0,61.3,2.54,0.02
2020,5,WAS008,0.0,2020-01-31,2020-01-27,45.46,69.0,29.0,48.58,4.57,0.01
2020,7,WAS008,0.0,2020-02-14,2020-02-10,45.0,64.0,26.0,36.51,6.2,0.0
2020,9,WAS008,1.0,2020-02-28,2020-02-24,48.29,64.0,30.0,45.38,5.6,0.05
2020,10,WAS008,4.0,2020-03-06,2020-03-02,54.77,75.0,37.0,42.86,6.11,0.1
2020,12,WAS008,1.0,2020-03-17,2020-03-16,50.43,66.0,39.0,67.61,5.83,0.45
2020,13,WAS008,3.0,2020-03-25,2020-03-23,50.86,67.0,34.0,53.26,6.73,0.37
2020,14,WAS008,1.0,2020-04-01,2020-03-30,56.86,74.0,38.0,38.99,6.91,0.0
2020,15,WAS008,3.0,2020-04-07,2020-04-06,57.57,78.0,41.0,51.67,7.39,0.5
2020,16,WAS008,0.0,2020-04-14,2020-04-13,57.57,75.0,38.0,33.84,7.69,0.01
2020,17,WAS008,11.0,2020-04-21,2020-04-20,66.0,86.0,47.0,42.3,5.31,0.21
2020,18,WAS008,9.0,2020-04-28,2020-04-27,74.57,94.0,54.0,23.42,6.04,0.0
2020,19,WAS008,22.0,2020-05-05,2020-05-04,73.86,93.0,52.0,17.28,6.43,0.01
2020,20,WAS008,27.0,2020-05-12,2020-05-11,73.57,93.0,56.0,23.1,9.91,0.0
2020,21,WAS008,26.0,2020-05-19,2020-05-18,67.71,91.0,48.0,21.27,11.93,0.0
2020,22,WAS008,38.0,2020-05-27,2020-05-25,82.57,104.0,56.0,16.38,7.0,0.0
2020,23,WAS008,54.0,2020-06-02,2020-06-01,82.0,103.0,61.0,17.6,9.17,0.01
2020,24,WAS008,35.0,2020-06-10,2020-06-08,76.0,102.0,51.0,14.17,8.66,0.0
2020,25,WAS008,44.0,2020-06-16,2020-06-15,81.29,101.0,63.0,14.2,9.71,0.0
2020,26,WAS008,57.0,2020-06-23,2020-06-22,88.57,105.0,69.0,14.3,9.31,0.0
2020,27,WAS008,40.0,2020-06-30,2020-06-29,81.86,103.0,55.0,17.66,8.37,0.0
2020,28,WAS008,89.0,2020-07-07,2020-07-06,89.14,109.0,67.0,11.29,7.21,0.0
2020,29,WAS008,224.0,2020-07-14,2020-07-13,91.29,109.0,72.0,14.58,7.94,0.0
2020,30,WAS008,129.0,2020-07-21,2020-07-20,88.71,106.0,72.0,23.53,9.24,0.0
2020,31,WAS008,50.0,2020-07-28,2020-07-27,91.2,110.0,69.0,14.51,6.36,0.01
2020,32,WAS008,28.0,2020-08-04,2020-08-03,86.29,104.0,66.0,11.15,7.09,0.0
2020,33,WAS008,34.0,2020-08-11,2020-08-10,87.86,111.0,66.0,13.36,5.31,0.0
2020,34,WAS008,59.0,2020-08-18,2020-08-17,92.43,111.0,70.0,21.14,6.49,0.04
2020,35,WAS008,80.0,2020-08-25,2020-08-24,88.14,105.0,68.0,24.84,6.4,0.0
2020,36,WAS008,17.0,2020-09-01,2020-08-31,86.29,110.0,66.0,13.93,6.01,0.0
2020,37,WAS008,49.0,2020-09-08,2020-09-07,74.57,103.0,54.0,18.03,8.51,0.0
2020,38,WAS008,84.0,2020-09-15,2020-09-14,82.14,100.0,63.0,14.82,5.53,0.0
2020,39,WAS008,47.0,2020-09-22,2020-09-21,79.57,97.0,59.0,20.6,6.17,0.02
2020,40,WAS008,15.0,2020-09-29,2020-09-28,76.0,96.0,55.0,11.26,4.74,0.0
2020,41,WAS008,3.0,2020-10-06,2020-10-05,73.43,94.0,55.0,16.64,4.5,0.0
2020,42,WAS008,4.0,2020-10-13,2020-10-12,69.57,91.0,49.0,17.43,4.46,0.0
2020,43,WAS008,7.0,2020-10-20,2020-10-19,64.33,88.0,41.0,24.37,4.75,0.0
2020,44,WAS008,0.0,2020-10-29,2020-10-26,55.14,78.0,32.0,20.33,6.01,0.0
2020,45,WAS008,8.0,2020-11-05,2020-11-02,61.14,85.0,37.0,38.65,6.41,0.18
2020,47,WAS008,1.0,2020-11-17,2020-11-16,55.0,78.0,34.0,32.42,3.21,0.0
2020,48,WAS008,1.0,2020-11-24,2020-11-23,42.57,58.0,26.0,37.19,4.2,0.01
2021,6,WAS008,3.0,2021-02-03,2021-02-01,48.71,67.0,29.0,44.11,5.11,0.0
2021,7,WAS008,1.0,2021-02-09,2021-02-08,49.29,65.0,29.0,43.5,4.43,0.11
2021,8,WAS008,0.0,2021-02-16,2021-02-15,43.43,59.0,27.0,39.36,6.0,0.03
2021,9,WAS008,0.0,2021-02-23,2021-02-22,45.57,69.0,24.0,26.58,6.63,0.0
2021,10,WAS008,0.0,2021-03-02,2021-03-01,53.14,76.0,27.0,27.05,5.04,0.01
2021,11,WAS008,3.0,2021-03-09,2021-03-08,46.86,76.0,32.0,56.48,7.41,0.89
2021,12,WAS008,0.0,2021-03-18,2021-03-15,52.43,72.0,32.0,54.68,7.34,0.6
2021,13,WAS008,1.0,2021-03-25,2021-03-22,52.86,74.0,34.0,36.09,8.83,0.03
2021,14,WAS008,1.0,2021-03-30,2021-03-29,60.86,86.0,34.0,19.13,5.27,0.0
2021,15,WAS008,2.0,2021-04-06,2021-04-05,64.14,84.0,43.0,14.12,6.69,0.0
2021,16,WAS008,13.0,2021-04-13,2021-04-12,61.57,82.0,44.0,23.05,10.11,0.0
2021,17,WAS008,26.0,2021-04-20,2021-04-19,67.76,83.0,47.0,16.96,11.02,0.0
2021,18,WAS008,14.0,2021-04-29,2021-04-26,66.86,93.0,44.0,32.05,8.74,0.29
2021,19,WAS008,10.0,2021-05-04,2021-05-03,71.57,94.0,52.0,17.44,8.44,0.0
2021,20,WAS008,46.0,2021-05-11,2021-05-10,73.86,93.0,53.0,13.04,8.36,0.0
2021,21,WAS008,32.0,2021-05-19,2021-05-17,68.86,94.0,46.0,18.96,11.83,0.01
2021,22,WAS008,19.0,2021-05-25,2021-05-24,75.71,95.0,52.0,12.2,6.24,0.0
2021,23,WAS008,65.0,2021-06-02,2021-05-31,85.43,105.0,62.0,11.61,7.33,0.0
2021,24,WAS008,32.0,2021-06-08,2021-06-07,80.57,105.0,58.0,10.22,9.06,0.0
2021,25,WAS008,34.0,2021-06-15,2021-06-14,93.57,112.0,74.0,10.62,6.11,0.0
2021,26,WAS008,120.0,2021-06-22,2021-06-21,87.43,106.0,68.0,18.49,9.26,0.01
2021,27,WAS008,73.0,2021-06-29,2021-06-28,87.86,105.0,72.0,22.67,8.24,0.01
2021,28,WAS008,64.0,2021-07-07,2021-07-05,97.0,114.0,77.0,14.18,6.67,0.0
2021,29,WAS008,82.0,2021-07-13,2021-07-12,87.71,109.0,69.0,42.67,8.01,0.01
2021,30,WAS008,32.0,2021-07-20,2021-07-19,87.43,103.0,72.0,48.8,6.99,0.0
2021,31,WAS008,100.0,2021-07-28,2021-07-26,84.43,102.0,70.0,50.97,6.57,0.0
2021,32,WAS008,111.0,2021-08-03,2021-08-02,89.71,109.0,67.0,20.41,6.91,0.0
2021,33,WAS008,76.0,2021-08-10,2021-08-09,89.14,105.0,71.0,30.35,7.0,0.0
2021,34,WAS008,98.0,2021-08-17,2021-08-16,83.57,104.0,63.0,33.14,9.8,0.0
2021,35,WAS008,45.0,2021-08-24,2021-08-23,85.0,105.0,64.0,16.53,5.1,0.0
2021,36,WAS008,65.0,2021-08-31,2021-08-30,82.65,103.0,66.0,39.27,5.46,0.0
2021,37,WAS008,58.0,2021-09-08,2021-09-06,87.43,105.0,70.0,23.57,5.31,0.0
2021,38,WAS008,58.0,2021-09-14,2021-09-13,79.71,100.0,60.0,26.2,5.8,0.01
2021,39,WAS008,22.0,2021-09-21,2021-09-20,76.43,94.0,56.0,21.3,5.19,0.0
2021,40,WAS008,21.0,2021-09-28,2021-09-27,71.0,90.0,50.0,29.84,5.99,0.0
2021,41,WAS008,30.0,2021-10-05,2021-10-04,67.0,88.0,49.0,56.54,5.14,0.01
2021,43,WAS008,0.0,2021-10-20,2021-10-18,58.86,78.0,38.0,41.72,4.79,0.0
2021,45,WAS008,1.0,2021-11-03,2021-11-01,61.0,79.0,43.0,42.68,3.16,0.0
2021,46,WAS008,5.0,2021-11-09,2021-11-08,57.48,73.0,41.0,43.24,2.69,0.0
2021,47,WAS008,0.0,2021-11-16,2021-11-15,53.71,71.0,34.0,36.68,3.89,0.0
2021,48,WAS008,0.0,2021-11-23,2021-11-22,47.57,65.0,29.0,31.8,4.29,0.0
2021,49,WAS008,0.0,2021-11-30,2021-11-29,49.57,69.0,31.0,37.95,1.61,0.0
2021,50,WAS008,1.0,2021-12-07,2021-12-06,44.0,59.0,25.0,57.5,4.19,0.04
2021,51,WAS008,0.0,2021-12-14,2021-12-13,38.86,58.0,24.0,65.95,4.23,0.09
2022,3,WAS008,0.0,2022-01-20,2022-01-17,43.29,57.0,28.0,52.01,5.63,0.02
2022,6,WAS008,0.0,2022-02-10,2022-02-07,51.14,72.0,30.0,28.81,5.1,0.0
2022,7,WAS008,4.0,2022-02-15,2022-02-14,48.71,68.0,29.0,30.09,5.57,0.0
2022,9,WAS008,3.0,2022-03-03,2022-02-28,51.86,76.0,30.0,35.76,5.89,0.02
2022,10,WAS008,1.0,2022-03-10,2022-03-07,45.0,67.0,24.0,32.32,6.76,0.01
2022,11,WAS008,1.0,2022-03-16,2022-03-14,55.71,73.0,39.0,29.83,6.0,0.02
2022,12,WAS008,0.0,2022-03-24,2022-03-21,61.0,87.0,40.0,21.16,7.83,0.0
2022,13,WAS008,7.0,2022-03-31,2022-03-28,61.29,80.0,40.0,38.76,6.71,0.01
2022,14,WAS008,0.0,2022-04-05,2022-04-04,63.86,86.0,42.0,16.87,8.36,0.0
2022,15,WAS008,0.0,2022-04-14,2022-04-11,57.43,83.0,33.0,17.82,9.59,0.02
2022,16,WAS008,14.0,2022-04-19,2022-04-18,63.86,88.0,38.0,26.41,10.21,0.09
2022,17,WAS008,14.0,2022-04-26,2022-04-25,67.86,86.0,42.0,14.43,8.16,0.0
2022,18,WAS008,56.0,2022-05-03,2022-05-02,70.86,92.0,49.0,18.29,11.53,0.0
2022,19,WAS008,14.0,2022-05-11,2022-05-09,66.57,98.0,48.0,14.1,7.17,0.0
2022,21,WAS008,27.0,2022-05-24,2022-05-23,77.71,100.0,55.0,13.06,9.49,0.0
2022,22,WAS008,0.0,2022-05-31,2022-05-30,75.14,96.0,52.0,15.4,8.04,0.0
2022,23,WAS008,0.0,2022-06-07,2022-06-06,87.86,106.0,69.0,14.97,8.09,0.0
2022,24,WAS008,0.0,2022-06-14,2022-06-13,81.43,106.0,62.0,11.75,11.51,0.0
2022,25,WAS008,0.0,2022-06-21,2022-06-20,83.14,103.0,57.0,17.12,7.33,0.01
2022,26,WAS008,1.0,2022-06-28,2022-06-27,90.29,104.0,75.0,20.08,10.89,0.01
2022,27,WAS008,3.0,2022-07-06,2022-07-04,87.86,106.0,70.0,13.85,8.8,0.0
2022,28,WAS008,4.0,2022-07-12,2022-07-11,93.71,108.0,77.0,24.37,8.04,0.02
2022,29,WAS008,34.0,2022-07-19,2022-07-18,93.57,110.0,79.0,23.5,8.01,0.03
2022,31,WAS008,48.0,2022-08-02,2022-08-01,87.29,102.0,73.0,42.64,6.47,0.08
2022,32,WAS008,89.0,2022-08-09,2022-08-08,85.43,104.0,73.0,46.98,6.6,0.15
2022,33,WAS008,71.0,2022-08-16,2022-08-15,84.43,99.0,71.0,49.42,6.64,0.04
2022,34,WAS008,125.0,2022-08-23,2022-08-22,85.86,103.0,69.0,37.01,5.5,0.47
2022,35,WAS008,194.0,2022-08-30,2022-08-29,90.71,108.0,71.0,22.05,4.3,0.0
2022,36,WAS008,78.0,2022-09-07,2022-09-05,87.29,111.0,66.0,31.95,6.51,0.01
2022,37,WAS008,78.0,2022-09-13,2022-09-12,75.14,92.0,61.0,56.31,6.79,1.08
2022,38,WAS008,89.0,2022-09-20,2022-09-19,77.57,93.0,59.0,31.61,5.53,0.0
2022,39,WAS008,129.0,2022-09-27,2022-09-26,77.79,95.0,60.0,35.98,4.8,0.44
2022,40,WAS008,102.0,2022-10-04,2022-10-03,73.52,88.0,58.0,36.66,4.44,0.01
2022,41,WAS008,58.0,2022-10-11,2022-10-10,71.14,87.0,55.0,27.73,4.26,0.0
2022,42,WAS008,14.0,2022-10-19,2022-10-17,64.29,85.0,39.0,33.49,6.11,0.34
2022,44,WAS008,3.0,2022-11-01,2022-10-31,51.43,74.0,32.0,42.74,6.04,0.02
2022,45,WAS008,20.0,2022-11-08,2022-11-07,49.14,72.0,31.0,50.81,8.54,0.3
2022,46,WAS008,0.0,2022-11-15,2022-11-14,41.71,54.0,27.0,41.95,5.77,0.0
2022,48,WAS008,0.0,2022-12-01,2022-11-28,45.29,62.0,25.0,46.38,3.03,0.01
2023,4,WAS008,0.0,2023-01-25,2023-01-23,39.29,55.0,27.0,54.32,5.01,0.0
2023,5,WAS008,0.0,2023-02-03,2023-01-30,39.14,62.0,19.0,57.29,3.54,0.15
2023,10,WAS008,1.0,2023-03-08,2023-03-06,50.0,65.0,31.0,57.95,5.07,0.15
2023,13,WAS008,1.0,2023-03-29,2023-03-27,49.57,69.0,30.0,47.78,6.46,0.13
2023,14,WAS008,4.0,2023-04-07,2023-04-03,50.29,80.0,26.0,38.61,6.76,0.02
2023,15,WAS008,5.0,2023-04-11,2023-04-10,64.14,90.0,43.0,27.49,6.81,0.02
2023,16,WAS008,9.0,2023-04-18,2023-04-17,61.14,83.0,38.0,24.14,9.09,0.0
2023,17,WAS008,3.0,2023-04-24,2023-04-24,68.86,92.0,51.0,23.36,6.47,0.01
2023,18,WAS008,12.0,2023-05-02,2023-05-01,65.57,89.0,48.0,27.54,9.24,0.02
2023,19,WAS008,8.0,2023-05-09,2023-05-08,69.71,88.0,48.0,23.51,8.79,0.01
2023,20,WAS008,44.0,2023-05-16,2023-05-15,76.17,91.0,57.0,36.7,7.22,0.17
2023,21,WAS008,27.0,2023-05-23,2023-05-22,76.29,93.0,57.0,22.04,7.76,0.02
2023,22,WAS008,28.0,2023-05-31,2023-05-29,75.71,94.0,57.0,21.94,7.03,0.02
2023,23,WAS008,55.0,2023-06-06,2023-06-05,77.16,97.0,61.0,18.28,8.09,0.01
2023,24,WAS008,8.0,2023-06-13,2023-06-12,75.71,98.0,57.0,37.66,7.94,0.09
2023,25,WAS008,8.0,2023-06-21,2023-06-19,78.43,97.0,57.0,11.78,9.56,0.0
2023,26,WAS008,17.0,2023-06-27,2023-06-26,83.29,107.0,64.0,13.59,6.69,0.0
2023,27,WAS008,17.0,2023-07-04,2023-07-03,87.14,109.0,67.0,9.62,7.04,0.0
2023,28,WAS008,26.0,2023-07-11,2023-07-10,92.29,114.0,73.0,16.33,6.26,0.0
2023,29,WAS008,17.0,2023-07-18,2023-07-17,95.14,112.0,77.0,19.31,8.4,0.0
2023,30,WAS008,34.0,2023-07-26,2023-07-24,92.29,109.0,74.0,24.69,9.04,0.02
2023,31,WAS008,7.0,2023-08-01,2023-07-31,83.14,103.0,67.0,38.68,5.63,0.47
2023,32,WAS008,7.0,2023-08-08,2023-08-07,83.57,103.0,65.0,31.35,7.11,0.2
2023,33,WAS008,27.0,2023-08-15,2023-08-14,82.57,101.0,65.0,50.17,6.24,0.21
2023,34,WAS008,5.0,2023-08-22,2023-08-21,81.57,101.0,66.0,54.79,5.23,1.05
2023,35,WAS008,128.0,2023-08-29,2023-08-28,81.46,106.0,65.0,50.86,6.43,2.76
2023,36,WAS008,238.0,2023-09-06,2023-09-04,77.24,98.0,62.0,44.32,4.47,0.02
2023,37,WAS008,6.0,2023-09-12,2023-09-11,76.86,94.0,61.0,45.56,3.95,0.04
2023,38,WAS008,192.0,2023-09-19,2023-09-18,72.14,92.0,53.0,37.06,5.07,0.05
2023,39,WAS008,201.0,2023-09-26,2023-09-25,71.43,91.0,52.0,33.39,6.0,0.04
2023,40,WAS008,65.0,2023-10-03,2023-10-02,68.07,89.0,48.0,41.49,4.69,0.19
2023,41,WAS008,119.0,2023-10-10,2023-10-09,66.29,88.0,46.0,30.17,5.31,0.0
2023,42,WAS008,27.0,2023-10-17,2023-10-16,70.86,89.0,50.0,26.1,3.17,0.0
2023,43,WAS008,19.0,2023-10-24,2023-10-23,59.86,78.0,41.0,34.92,7.0,0.0
2023,44,WAS008,0.0,2023-10-31,2023-10-30,53.71,74.0,34.0,20.44,2.64,0.0
2023,45,WAS008,5.0,2023-11-07,2023-11-06,52.71,78.0,32.0,30.33,5.2,0.01
2023,46,WAS008,0.0,2023-11-14,2023-11-13,56.0,73.0,36.0,57.82,3.94,0.3
2023,48,WAS008,0.0,2023-11-29,2023-11-27,43.71,58.0,25.0,47.76,3.01,0.02
2023,49,WAS008,0.0,2023-12-06,2023-12-04,45.27,65.0,27.0,41.87,3.6,0.0
2024,5,WAS008,4.0,2024-01-30,2024-01-29,49.43,67.0,34.0,71.11,4.56,0.52
2024,6,WAS008,0.0,2024-02-14,2024-02-12,47.86,65.0,29.0,55.91,3.13,0.0
2024,9,WAS008,0.0,2024-02-29,2024-02-26,54.12,70.0,34.0,37.5,10.34,0.0
2024,10,WAS008,2.0,2024-03-07,2024-03-04,51.14,66.0,35.0,40.28,5.99,0.01
2024,11,WAS008,1.0,2024-03-12,2024-03-11,51.43,67.0,38.0,50.99,7.97,0.25
2024,12,WAS008,4.0,2024-03-21,2024-03-18,57.29,76.0,39.0,44.37,7.51,0.14
2024,13,WAS008,2.0,2024-03-26,2024-03-25,53.0,72.0,35.0,45.25,7.31,0.69
2024,14,WAS008,0.0,2024-04-03,2024-04-01,54.14,77.0,34.0,41.14,8.71,0.01
2024,15,WAS008,4.0,2024-04-09,2024-04-08,62.29,86.0,41.0,24.65,8.41,0.0
2024,16,WAS008,4.0,2024-04-17,2024-04-15,66.86,88.0,45.0,26.3,5.48,0.0
2024,17,WAS008,6.0,2024-04-23,2024-04-22,66.29,89.0,47.0,31.77,8.99,0.02
2024,18,WAS008,14.0,2024-05-01,2024-04-29,66.86,86.0,46.0,22.07,8.71,0.01
2024,19,WAS008,1.0,2024-05-07,2024-05-06,63.0,88.0,39.0,27.17,9.03,0.01
2024,20,WAS008,34.0,2024-05-14,2024-05-13,77.14,94.0,57.0,18.19,8.07,0.0
2024,21,WAS008,32.0,2024-05-21,2024-05-20,73.14,89.0,52.0,17.04,10.24,0.0
2024,22,WAS008,24.0,2024-05-29,2024-05-27,80.86,98.0,61.0,13.38,7.24,0.0
2024,23,WAS008,45.0,2024-06-04,2024-06-03,87.71,108.0,69.0,15.77,7.36,0.0
2024,24,WAS008,9.0,2024-06-11,2024-06-10,87.06,105.0,68.0,11.63,7.06,0.0
2024,25,WAS008,3.0,2024-06-18,2024-06-17,84.86,106.0,63.0,14.44,8.46,0.0
2024,26,WAS008,39.0,2024-06-25,2024-06-24,93.29,108.0,76.0,20.9,10.33,0.0
2024,27,WAS008,54.0,2024-07-02,2024-07-01,91.14,112.0,73.0,9.89,8.01,0.0
2024,28,WAS008,110.0,2024-07-09,2024-07-08,93.9,114.0,75.0,13.82,6.95,0.02
2024,29,WAS008,86.0,2024-07-16,2024-07-15,92.97,108.0,76.0,25.97,8.11,0.11
2024,30,WAS008,34.0,2024-07-23,2024-07-22,92.29,108.0,70.0,23.47,8.79,0.09
2024,31,WAS008,16.0,2024-07-30,2024-07-29,89.29,106.0,69.0,19.72,6.89,0.01
2024,32,WAS008,48.0,2024-08-06,2024-08-05,92.57,109.0,79.0,29.7,9.17,0.03
2024,33,WAS008,29.0,2024-08-13,2024-08-12,87.86,103.0,71.0,30.48,8.99,1.23
2024,34,WAS008,14.0,2024-08-21,2024-08-19,84.71,104.0,68.0,33.33,11.16,0.11
2024,35,WAS008,3.0,2024-08-27,2024-08-26,83.35,102.0,61.0,20.93,5.56,0.01
2024,36,WAS008,40.0,2024-09-03,2024-09-02,87.3,103.0,70.0,19.12,6.56,0.01
2024,37,WAS008,16.0,2024-09-10,2024-09-09,82.19,100.0,61.0,19.17,8.0,0.0
2024,38,WAS008,18.0,2024-09-17,2024-09-16,73.71,91.0,55.0,24.7,7.77,0.02
2024,39,WAS008,8.0,2024-09-24,2024-09-23,82.0,102.0,62.0,16.39,4.43,0.0
2024,40,WAS008,4.0,2024-10-01,2024-09-30,82.0,101.0,62.0,15.02,3.97,0.0
2024,41,WAS008,6.0,2024-10-08,2024-10-07,77.84,96.0,59.0,16.75,4.12,0.0
2024,42,WAS008,3.0,2024-10-16,2024-10-14,67.63,89.0,48.0,35.66,8.2,0.31
2024,43,WAS008,11.0,2024-10-22,2024-10-21,64.43,82.0,48.0,34.79,2.73,0.0
2024,45,WAS008,0.0,2024-11-05,2024-11-04,47.86,65.0,31.0,31.24,6.4,0.0
2024,46,WAS008,2.0,2024-11-12,2024-11-11,48.57,69.0,31.0,38.17,5.39,0.02
2024,47,WAS008,0.0,2024-11-19,2024-11-18,47.43,69.0,30.0,27.16,4.1,0.0
2025,4,WAS008,0.0,2025-01-22,2025-01-20,35.86,56.0,16.0,18.99,4.84,0.0
2025,7,WAS008,0.0,2025-02-11,2025-02-10,43.4,60.0,23.0,50.43,4.69,0.25
2025,8,WAS008,3.0,2025-02-19,2025-02-17,51.0,70.0,34.0,39.11,4.4,0.0
2025,9,WAS008,3.0,2025-02-25,2025-02-24,57.11,79.0,37.0,21.18,7.41,0.01
2025,10,WAS008,0.0,2025-03-05,2025-03-03,47.86,67.0,32.0,48.15,7.24,0.16
2025,11,WAS008,0.0,2025-03-11,2025-03-10,50.43,71.0,34.0,50.75,7.23,0.3
2025,12,WAS008,0.0,2025-03-20,2025-03-17,54.65,76.0,34.0,30.1,7.8,0.02
2025,13,WAS008,3.0,2025-03-25,2025-03-24,65.0,87.0,45.0,23.01,6.51,0.0
2025,15,WAS008,1.0,2025-04-08,2025-04-07,69.71,91.0,44.0,14.98,5.59,0.0
2025,16,WAS008,10.0,2025-04-15,2025-04-14,63.29,86.0,39.0,26.38,7.81,0.1
2025,17,WAS008,18.0,2025-04-23,2025-04-21,67.02,84.0,46.0,16.54,9.33,0.0
2025,18,WAS008,13.0,2025-04-30,2025-04-28,67.29,86.0,48.0,30.31,7.6,0.1
2025,19,WAS008,35.0,2025-05-08,2025-05-05,70.43,96.0,47.0,43.9,6.31,0.32
2025,20,WAS008,29.0,2025-05-14,2025-05-12,68.43,92.0,51.0,24.01,11.31,0.04
2025,21,WAS008,67.0,2025-05-20,2025-05-19,76.29,97.0,54.0,14.39,7.89,0.0
2025,22,WAS008,131.0,2025-05-28,2025-05-26,83.71,104.0,62.0,13.95,6.5,0.0
2025,23,WAS008,27.0,2025-06-03,2025-06-02,78.84,101.0,59.0,39.72,7.61,1.74
2025,24,WAS008,74.0,2025-06-10,2025-06-09,88.43,105.0,71.0,13.16,8.49,0.0
2025,25,WAS008,91.0,2025-06-17,2025-06-16,86.43,107.0,62.0,8.95,11.21,0.0
2025,26,WAS008,13.0,2025-06-24,2025-06-23,82.86,102.0,64.0,12.5,6.21,0.0
2025,27,WAS008,66.0,2025-07-01,2025-06-30,88.18,106.0,69.0,19.18,9.14,0.01
2025,28,WAS008,20.0,2025-07-08,2025-07-07,91.55,108.0,70.0,13.12,6.7,0.0
2025,29,WAS008,16.0,2025-07-15,2025-07-14,89.86,109.0,73.0,24.03,8.79,0.0
2025,30,WAS008,6.0,2025-07-22,2025-07-21,84.17,99.0,68.0,14.91,7.65,0.15
2025,31,WAS008,5.0,2025-07-29,2025-07-28,87.29,104.0,68.0,10.27,7.41,0.0
2025,32,WAS008,5.0,2025-08-05,2025-08-04,90.86,108.0,74.0,10.49,8.59,0.0
2025,33,WAS008,2.0,2025-08-12,2025-08-11,89.0,108.0,70.0,20.38,8.13,0.23
2025,34,WAS008,4.0,2025-08-19,2025-08-18,90.28,107.0,70.0,21.51,6.22,0.02
2025,35,WAS008,12.0,2025-08-26,2025-08-25,78.8,80.0,77.0,47.6,4.8,0.0
2019,5,WAS008-Ex,1.0,2019-01-31,2019-01-28,47.71,63.0,30.0,53.21,4.57,0.02
2020,21,WAS009,451.0,2020-05-20,2020-05-18,67.71,91.0,48.0,21.27,11.93,0.0
2020,22,WAS009,685.0,2020-05-27,2020-05-25,82.57,104.0,56.0,16.38,7.0,0.0
2020,23,WAS009,254.0,2020-06-02,2020-06-01,82.0,103.0,61.0,17.6,9.17,0.01
2020,24,WAS009,261.0,2020-06-10,2020-06-08,76.0,102.0,51.0,14.17,8.66,0.0
2020,25,WAS009,487.0,2020-06-16,2020-06-15,81.29,101.0,63.0,14.2,9.71,0.0
2020,26,WAS009,6.0,2020-06-23,2020-06-22,88.57,105.0,69.0,14.3,9.31,0.0
2020,27,WAS009,24.0,2020-06-30,2020-06-29,81.86,103.0,55.0,17.66,8.37,0.0
2020,28,WAS009,115.0,2020-07-07,2020-07-06,89.14,109.0,67.0,11.29,7.21,0.0
2020,29,WAS009,129.0,2020-07-14,2020-07-13,91.29,109.0,72.0,14.58,7.94,0.0
2020,30,WAS009,212.0,2020-07-21,2020-07-20,88.71,106.0,72.0,23.53,9.24,0.0
2020,31,WAS009,264.0,2020-07-28,2020-07-27,91.2,110.0,69.0,14.51,6.36,0.01
2020,32,WAS009,194.0,2020-08-04,2020-08-03,86.29,104.0,66.0,11.15,7.09,0.0
2020,33,WAS009,221.0,2020-08-11,2020-08-10,87.86,111.0,66.0,13.36,5.31,0.0
2020,34,WAS009,56.0,2020-08-18,2020-08-17,92.43,111.0,70.0,21.14,6.49,0.04
2020,35,WAS009,8.0,2020-08-25,2020-08-24,88.14,105.0,68.0,24.84,6.4,0.0
2020,36,WAS009,54.0,2020-09-01,2020-08-31,86.29,110.0,66.0,13.93,6.01,0.0
2020,37,WAS009,77.0,2020-09-08,2020-09-07,74.57,103.0,54.0,18.03,8.51,0.0
2020,38,WAS009,97.0,2020-09-15,2020-09-14,82.14,100.0,63.0,14.82,5.53,0.0
2020,39,WAS009,37.0,2020-09-22,2020-09-21,79.57,97.0,59.0,20.6,6.17,0.02
2020,40,WAS009,28.0,2020-09-29,2020-09-28,76.0,96.0,55.0,11.26,4.74,0.0
2020,41,WAS009,18.0,2020-10-06,2020-10-05,73.43,94.0,55.0,16.64,4.5,0.0
2020,42,WAS009,53.0,2020-10-13,2020-10-12,69.57,91.0,49.0,17.43,4.46,0.0
2020,43,WAS009,18.0,2020-10-20,2020-10-19,64.33,88.0,41.0,24.37,4.75,0.0
2020,44,WAS009,3.0,2020-10-29,2020-10-26,55.14,78.0,32.0,20.33,6.01,0.0
2020,45,WAS009,0.0,2020-11-05,2020-11-02,61.14,85.0,37.0,38.65,6.41,0.18
2021,15,WAS009,7.0,2021-04-06,2021-04-05,64.14,84.0,43.0,14.12,6.69,0.0
2021,16,WAS009,6.0,2021-04-13,2021-04-12,61.57,82.0,44.0,23.05,10.11,0.0
2021,17,WAS009,2.0,2021-04-20,2021-04-19,67.76,83.0,47.0,16.96,11.02,0.0
2021,18,WAS009,9.0,2021-04-29,2021-04-26,66.86,93.0,44.0,32.05,8.74,0.29
2021,19,WAS009,11.0,2021-05-04,2021-05-03,71.57,94.0,52.0,17.44,8.44,0.0
2021,20,WAS009,22.0,2021-05-11,2021-05-10,73.86,93.0,53.0,13.04,8.36,0.0
2021,21,WAS009,17.0,2021-05-19,2021-05-17,68.86,94.0,46.0,18.96,11.83,0.01
2021,22,WAS009,5.0,2021-05-25,2021-05-24,75.71,95.0,52.0,12.2,6.24,0.0
2021,23,WAS009,51.0,2021-06-02,2021-05-31,85.43,105.0,62.0,11.61,7.33,0.0
2021,24,WAS009,52.0,2021-06-08,2021-06-07,80.57,105.0,58.0,10.22,9.06,0.0
2021,25,WAS009,68.0,2021-06-15,2021-06-14,93.57,112.0,74.0,10.62,6.11,0.0
2021,26,WAS009,67.0,2021-06-22,2021-06-21,87.43,106.0,68.0,18.49,9.26,0.01
2021,27,WAS009,167.0,2021-06-29,2021-06-28,87.86,105.0,72.0,22.67,8.24,0.01
2021,28,WAS009,140.0,2021-07-07,2021-07-05,97.0,114.0,77.0,14.18,6.67,0.0
2021,29,WAS009,56.0,2021-07-13,2021-07-12,87.71,109.0,69.0,42.67,8.01,0.01
2021,30,WAS009,81.0,2021-07-20,2021-07-19,87.43,103.0,72.0,48.8,6.99,0.0
2021,31,WAS009,62.0,2021-07-28,2021-07-26,84.43,102.0,70.0,50.97,6.57,0.0
2021,32,WAS009,114.0,2021-08-03,2021-08-02,89.71,109.0,67.0,20.41,6.91,0.0
2021,33,WAS009,283.0,2021-08-10,2021-08-09,89.14,105.0,71.0,30.35,7.0,0.0
2021,34,WAS009,176.0,2021-08-17,2021-08-16,83.57,104.0,63.0,33.14,9.8,0.0
2021,35,WAS009,105.0,2021-08-24,2021-08-23,85.0,105.0,64.0,16.53,5.1,0.0
2021,36,WAS009,84.0,2021-08-31,2021-08-30,82.65,103.0,66.0,39.27,5.46,0.0
2021,37,WAS009,52.0,2021-09-08,2021-09-06,87.43,105.0,70.0,23.57,5.31,0.0
2021,38,WAS009,82.0,2021-09-14,2021-09-13,79.71,100.0,60.0,26.2,5.8,0.01
2021,39,WAS009,65.0,2021-09-21,2021-09-20,76.43,94.0,56.0,21.3,5.19,0.0
2021,40,WAS009,41.0,2021-09-28,2021-09-27,71.0,90.0,50.0,29.84,5.99,0.0
2021,41,WAS009,45.0,2021-10-05,2021-10-04,67.0,88.0,49.0,56.54,5.14,0.01
2021,43,WAS009,0.0,2021-10-20,2021-10-18,58.86,78.0,38.0,41.72,4.79,0.0
2021,45,WAS009,5.0,2021-11-03,2021-11-01,61.0,79.0,43.0,42.68,3.16,0.0
2021,46,WAS009,5.0,2021-11-09,2021-11-08,57.48,73.0,41.0,43.24,2.69,0.0
2021,47,WAS009,1.0,2021-11-16,2021-11-15,53.71,71.0,34.0,36.68,3.89,0.0
2021,48,WAS009,0.0,2021-11-23,2021-11-22,47.57,65.0,29.0,31.8,4.29,0.0
2021,49,WAS009,1.0,2021-11-30,2021-11-29,49.57,69.0,31.0,37.95,1.61,0.0
2021,50,WAS009,7.0,2021-12-07,2021-12-06,44.0,59.0,25.0,57.5,4.19,0.04
2021,51,WAS009,5.0,2021-12-14,2021-12-13,38.86,58.0,24.0,65.95,4.23,0.09
2022,3,WAS009,0.0,2022-01-20,2022-01-17,43.29,57.0,28.0,52.01,5.63,0.02
2022,6,WAS009,5.0,2022-02-10,2022-02-07,51.14,72.0,30.0,28.81,5.1,0.0
2022,7,WAS009,7.0,2022-02-15,2022-02-14,48.71,68.0,29.0,30.09,5.57,0.0
2022,9,WAS009,8.0,2022-03-03,2022-02-28,51.86,76.0,30.0,35.76,5.89,0.02
2022,10,WAS009,13.0,2022-03-10,2022-03-07,45.0,67.0,24.0,32.32,6.76,0.01
2022,11,WAS009,34.0,2022-03-16,2022-03-14,55.71,73.0,39.0,29.83,6.0,0.02
2022,12,WAS009,4.0,2022-03-24,2022-03-21,61.0,87.0,40.0,21.16,7.83,0.0
2022,13,WAS009,25.0,2022-03-31,2022-03-28,61.29,80.0,40.0,38.76,6.71,0.01
2022,14,WAS009,0.0,2022-04-05,2022-04-04,63.86,86.0,42.0,16.87,8.36,0.0
2022,15,WAS009,0.0,2022-04-14,2022-04-11,57.43,83.0,33.0,17.82,9.59,0.02
2022,16,WAS009,5.0,2022-04-19,2022-04-18,63.86,88.0,38.0,26.41,10.21,0.09
2022,17,WAS009,7.0,2022-04-26,2022-04-25,67.86,86.0,42.0,14.43,8.16,0.0
2022,18,WAS009,6.0,2022-05-03,2022-05-02,70.86,92.0,49.0,18.29,11.53,0.0
2022,19,WAS009,0.0,2022-05-11,2022-05-09,66.57,98.0,48.0,14.1,7.17,0.0
2022,21,WAS009,1.0,2022-05-24,2022-05-23,77.71,100.0,55.0,13.06,9.49,0.0
2022,22,WAS009,1.0,2022-05-31,2022-05-30,75.14,96.0,52.0,15.4,8.04,0.0
2022,23,WAS009,6.0,2022-06-07,2022-06-06,87.86,106.0,69.0,14.97,8.09,0.0
2022,24,WAS009,11.0,2022-06-14,2022-06-13,81.43,106.0,62.0,11.75,11.51,0.0
2022,25,WAS009,18.0,2022-06-21,2022-06-20,83.14,103.0,57.0,17.12,7.33,0.01
2022,26,WAS009,16.0,2022-06-28,2022-06-27,90.29,104.0,75.0,20.08,10.89,0.01
2022,27,WAS009,41.0,2022-07-06,2022-07-04,87.86,106.0,70.0,13.85,8.8,0.0
2022,28,WAS009,49.0,2022-07-12,2022-07-11,93.71,108.0,77.0,24.37,8.04,0.02
2022,29,WAS009,48.0,2022-07-19,2022-07-18,93.57,110.0,79.0,23.5,8.01,0.03
2022,31,WAS009,1.0,2022-08-02,2022-08-01,87.29,102.0,73.0,42.64,6.47,0.08
2022,32,WAS009,8.0,2022-08-09,2022-08-08,85.43,104.0,73.0,46.98,6.6,0.15
2022,33,WAS009,14.0,2022-08-16,2022-08-15,84.43,99.0,71.0,49.42,6.64,0.04
2022,34,WAS009,5.0,2022-08-23,2022-08-22,85.86,103.0,69.0,37.01,5.5,0.47
2022,35,WAS009,14.0,2022-08-30,2022-08-29,90.71,108.0,71.0,22.05,4.3,0.0
2022,36,WAS009,22.0,2022-09-07,2022-09-05,87.29,111.0,66.0,31.95,6.51,0.01
2022,37,WAS009,4.0,2022-09-13,2022-09-12,75.14,92.0,61.0,56.31,6.79,1.08
2022,38,WAS009,32.0,2022-09-20,2022-09-19,77.57,93.0,59.0,31.61,5.53,0.0
2022,39,WAS009,25.0,2022-09-27,2022-09-26,77.79,95.0,60.0,35.98,4.8,0.44
2022,40,WAS009,11.0,2022-10-04,2022-10-03,73.52,88.0,58.0,36.66,4.44,0.01
2022,41,WAS009,7.0,2022-10-11,2022-10-10,71.14,87.0,55.0,27.73,4.26,0.0
2023,20,WAS009,85.0,2023-05-16,2023-05-15,76.17,91.0,57.0,36.7,7.22,0.17
2023,21,WAS009,27.0,2023-05-23,2023-05-22,76.29,93.0,57.0,22.04,7.76,0.02
2023,22,WAS009,35.0,2023-05-31,2023-05-29,75.71,94.0,57.0,21.94,7.03,0.02
2023,23,WAS009,90.0,2023-06-06,2023-06-05,77.16,97.0,61.0,18.28,8.09,0.01
2023,24,WAS009,10.0,2023-06-13,2023-06-12,75.71,98.0,57.0,37.66,7.94,0.09
2023,25,WAS009,36.0,2023-06-21,2023-06-19,78.43,97.0,57.0,11.78,9.56,0.0
2023,26,WAS009,78.0,2023-06-27,2023-06-26,83.29,107.0,64.0,13.59,6.69,0.0
2023,27,WAS009,172.0,2023-07-04,2023-07-03,87.14,109.0,67.0,9.62,7.04,0.0
2023,28,WAS009,102.0,2023-07-11,2023-07-10,92.29,114.0,73.0,16.33,6.26,0.0
2023,29,WAS009,91.0,2023-07-18,2023-07-17,95.14,112.0,77.0,19.31,8.4,0.0
2023,30,WAS009,63.0,2023-07-26,2023-07-24,92.29,109.0,74.0,24.69,9.04,0.02
2023,31,WAS009,20.0,2023-08-01,2023-07-31,83.14,103.0,67.0,38.68,5.63,0.47
2023,32,WAS009,59.0,2023-08-08,2023-08-07,83.57,103.0,65.0,31.35,7.11,0.2
2023,33,WAS009,38.0,2023-08-15,2023-08-14,82.57,101.0,65.0,50.17,6.24,0.21
2023,34,WAS009,6.0,2023-08-22,2023-08-21,81.57,101.0,66.0,54.79,5.23,1.05
2023,35,WAS009,14.0,2023-08-29,2023-08-28,81.46,106.0,65.0,50.86,6.43,2.76
2023,36,WAS009,19.0,2023-09-06,2023-09-04,77.24,98.0,62.0,44.32,4.47,0.02
2023,37,WAS009,148.0,2023-09-12,2023-09-11,76.86,94.0,61.0,45.56,3.95,0.04
2023,38,WAS009,12.0,2023-09-19,2023-09-18,72.14,92.0,53.0,37.06,5.07,0.05
2023,39,WAS009,14.0,2023-09-26,2023-09-25,71.43,91.0,52.0,33.39,6.0,0.04
2023,40,WAS009,2.0,2023-10-03,2023-10-02,68.07,89.0,48.0,41.49,4.69,0.19
2023,41,WAS009,16.0,2023-10-10,2023-10-09,66.29,88.0,46.0,30.17,5.31,0.0
2023,42,WAS009,15.0,2023-10-17,2023-10-16,70.86,89.0,50.0,26.1,3.17,0.0
2023,43,WAS009,2.0,2023-10-24,2023-10-23,59.86,78.0,41.0,34.92,7.0,0.0
2023,45,WAS009,18.0,2023-11-07,2023-11-06,52.71,78.0,32.0,30.33,5.2,0.01
2023,46,WAS009,7.0,2023-11-14,2023-11-13,56.0,73.0,36.0,57.82,3.94,0.3
2023,48,WAS009,0.0,2023-11-29,2023-11-27,43.71,58.0,25.0,47.76,3.01,0.02
2023,49,WAS009,0.0,2023-12-06,2023-12-04,45.27,65.0,27.0,41.87,3.6,0.0
2024,16,WAS009,8.0,2024-04-17,2024-04-15,66.86,88.0,45.0,26.3,5.48,0.0
2024,17,WAS009,4.0,2024-04-23,2024-04-22,66.29,89.0,47.0,31.77,8.99,0.02
2024,18,WAS009,14.0,2024-05-01,2024-04-29,66.86,86.0,46.0,22.07,8.71,0.01
2024,19,WAS009,4.0,2024-05-07,2024-05-06,63.0,88.0,39.0,27.17,9.03,0.01
2024,20,WAS009,21.0,2024-05-14,2024-05-13,77.14,94.0,57.0,18.19,8.07,0.0
2024,21,WAS009,9.0,2024-05-21,2024-05-20,73.14,89.0,52.0,17.04,10.24,0.0
2024,22,WAS009,21.0,2024-05-29,2024-05-27,80.86,98.0,61.0,13.38,7.24,0.0
2024,23,WAS009,15.0,2024-06-04,2024-06-03,87.71,108.0,69.0,15.77,7.36,0.0
2024,24,WAS009,15.0,2024-06-11,2024-06-10,87.06,105.0,68.0,11.63,7.06,0.0
2024,25,WAS009,14.0,2024-06-18,2024-06-17,84.86,106.0,63.0,14.44,8.46,0.0
2024,26,WAS009,19.0,2024-06-25,2024-06-24,93.29,108.0,76.0,20.9,10.33,0.0
2024,27,WAS009,5.0,2024-07-02,2024-07-01,91.14,112.0,73.0,9.89,8.01,0.0
2024,28,WAS009,1.0,2024-07-09,2024-07-08,93.9,114.0,75.0,13.82,6.95,0.02
2024,29,WAS009,5.0,2024-07-16,2024-07-15,92.97,108.0,76.0,25.97,8.11,0.11
2024,30,WAS009,5.0,2024-07-23,2024-07-22,92.29,108.0,70.0,23.47,8.79,0.09
2024,31,WAS009,5.0,2024-07-30,2024-07-29,89.29,106.0,69.0,19.72,6.89,0.01
2024,32,WAS009,3.0,2024-08-06,2024-08-05,92.57,109.0,79.0,29.7,9.17,0.03
2024,33,WAS009,2.0,2024-08-13,2024-08-12,87.86,103.0,71.0,30.48,8.99,1.23
2024,34,WAS009,6.0,2024-08-20,2024-08-19,84.71,104.0,68.0,33.33,11.16,0.11
2024,35,WAS009,1.0,2024-08-27,2024-08-26,83.35,102.0,61.0,20.93,5.56,0.01
2024,36,WAS009,19.0,2024-09-03,2024-09-02,87.3,103.0,70.0,19.12,6.56,0.01
2024,37,WAS009,6.0,2024-09-10,2024-09-09,82.19,100.0,61.0,19.17,8.0,0.0
2024,38,WAS009,16.0,2024-09-17,2024-09-16,73.71,91.0,55.0,24.7,7.77,0.02
2024,39,WAS009,3.0,2024-09-24,2024-09-23,82.0,102.0,62.0,16.39,4.43,0.0
2024,40,WAS009,11.0,2024-10-01,2024-09-30,82.0,101.0,62.0,15.02,3.97,0.0
2025,17,WAS009,2.0,2025-04-23,2025-04-21,67.02,84.0,46.0,16.54,9.33,0.0
2025,18,WAS009,1.0,2025-04-30,2025-04-28,67.29,86.0,48.0,30.31,7.6,0.1
2025,20,WAS009,1.0,2025-05-14,2025-05-12,68.43,92.0,51.0,24.01,11.31,0.04
2023,37,WAS009-EX,26.0,2023-09-12,2023-09-11,76.86,94.0,61.0,45.56,3.95,0.04
2021,24,WAS010,60.0,2021-06-08,2021-06-07,80.57,105.0,58.0,10.22,9.06,0.0
2021,25,WAS010,87.0,2021-06-15,2021-06-14,93.57,112.0,74.0,10.62,6.11,0.0
2021,26,WAS010,106.0,2021-06-22,2021-06-21,87.43,106.0,68.0,18.49,9.26,0.01
2021,27,WAS010,61.0,2021-06-29,2021-06-28,87.86,105.0,72.0,22.67,8.24,0.01
2021,28,WAS010,61.0,2021-07-07,2021-07-05,97.0,114.0,77.0,14.18,6.67,0.0
2021,29,WAS010,7.0,2021-07-13,2021-07-12,87.71,109.0,69.0,42.67,8.01,0.01
2021,30,WAS010,53.0,2021-07-20,2021-07-19,87.43,103.0,72.0,48.8,6.99,0.0
2021,31,WAS010,210.0,2021-07-28,2021-07-26,84.43,102.0,70.0,50.97,6.57,0.0
2021,32,WAS010,39.0,2021-08-03,2021-08-02,89.71,109.0,67.0,20.41,6.91,0.0
2021,33,WAS010,79.0,2021-08-10,2021-08-09,89.14,105.0,71.0,30.35,7.0,0.0
2021,34,WAS010,8.0,2021-08-17,2021-08-16,83.57,104.0,63.0,33.14,9.8,0.0
2021,35,WAS010,31.0,2021-08-24,2021-08-23,85.0,105.0,64.0,16.53,5.1,0.0
2021,36,WAS010,29.0,2021-08-31,2021-08-30,82.65,103.0,66.0,39.27,5.46,0.0
2021,37,WAS010,0.0,2021-09-08,2021-09-06,87.43,105.0,70.0,23.57,5.31,0.0
2021,38,WAS010,68.0,2021-09-14,2021-09-13,79.71,100.0,60.0,26.2,5.8,0.01
2021,39,WAS010,27.0,2021-09-21,2021-09-20,76.43,94.0,56.0,21.3,5.19,0.0
2021,40,WAS010,86.0,2021-09-28,2021-09-27,71.0,90.0,50.0,29.84,5.99,0.0
2021,41,WAS010,76.0,2021-10-05,2021-10-04,67.0,88.0,49.0,56.54,5.14,0.01
2021,43,WAS010,2.0,2021-10-20,2021-10-18,58.86,78.0,38.0,41.72,4.79,0.0
2021,45,WAS010,15.0,2021-11-03,2021-11-01,61.0,79.0,43.0,42.68,3.16,0.0
2021,46,WAS010,17.0,2021-11-09,2021-11-08,57.48,73.0,41.0,43.24,2.69,0.0
2021,47,WAS010,9.0,2021-11-16,2021-11-15,53.71,71.0,34.0,36.68,3.89,0.0
2021,48,WAS010,2.0,2021-11-23,2021-11-22,47.57,65.0,29.0,31.8,4.29,0.0
2021,49,WAS010,3.0,2021-11-30,2021-11-29,49.57,69.0,31.0,37.95,1.61,0.0
2021,50,WAS010,5.0,2021-12-07,2021-12-06,44.0,59.0,25.0,57.5,4.19,0.04
2021,51,WAS010,1.0,2021-12-14,2021-12-13,38.86,58.0,24.0,65.95,4.23,0.09
2022,6,WAS011,1.0,2022-02-10,2022-02-07,51.14,72.0,30.0,28.81,5.1,0.0
2022,7,WAS011,2.0,2022-02-15,2022-02-14,48.71,68.0,29.0,30.09,5.57,0.0
2022,9,WAS011,7.0,2022-03-03,2022-02-28,51.86,76.0,30.0,35.76,5.89,0.02
2022,10,WAS011,1.0,2022-03-10,2022-03-07,45.0,67.0,24.0,32.32,6.76,0.01
2022,11,WAS011,4.0,2022-03-16,2022-03-14,55.71,73.0,39.0,29.83,6.0,0.02
2022,12,WAS011,6.0,2022-03-24,2022-03-21,61.0,87.0,40.0,21.16,7.83,0.0
2022,13,WAS011,13.0,2022-03-31,2022-03-28,61.29,80.0,40.0,38.76,6.71,0.01
2022,14,WAS011,3.0,2022-04-05,2022-04-04,63.86,86.0,42.0,16.87,8.36,0.0
2022,15,WAS011,2.0,2022-04-14,2022-04-11,57.43,83.0,33.0,17.82,9.59,0.02
2022,16,WAS011,11.0,2022-04-19,2022-04-18,63.86,88.0,38.0,26.41,10.21,0.09
2022,17,WAS011,2.0,2022-04-26,2022-04-25,67.86,86.0,42.0,14.43,8.16,0.0
2022,18,WAS011,1.0,2022-05-03,2022-05-02,70.86,92.0,49.0,18.29,11.53,0.0
2022,19,WAS011,0.0,2022-05-11,2022-05-09,66.57,98.0,48.0,14.1,7.17,0.0
2022,21,WAS011,0.0,2022-05-24,2022-05-23,77.71,100.0,55.0,13.06,9.49,0.0
2022,22,WAS011,0.0,2022-05-31,2022-05-30,75.14,96.0,52.0,15.4,8.04,0.0
2022,23,WAS011,0.0,2022-06-07,2022-06-06,87.86,106.0,69.0,14.97,8.09,0.0
2022,24,WAS011,0.0,2022-06-14,2022-06-13,81.43,106.0,62.0,11.75,11.51,0.0
2022,25,WAS011,0.0,2022-06-21,2022-06-20,83.14,103.0,57.0,17.12,7.33,0.01
2022,26,WAS011,8.0,2022-06-28,2022-06-27,90.29,104.0,75.0,20.08,10.89,0.01
2022,29,WAS011,20.0,2022-07-19,2022-07-18,93.57,110.0,79.0,23.5,8.01,0.03
2022,33,WAS011,5.0,2022-08-16,2022-08-15,84.43,99.0,71.0,49.42,6.64,0.04
2022,34,WAS011,14.0,2022-08-23,2022-08-22,85.86,103.0,69.0,37.01,5.5,0.47
2022,35,WAS011,21.0,2022-08-30,2022-08-29,90.71,108.0,71.0,22.05,4.3,0.0
2022,37,WAS011,6.0,2022-09-13,2022-09-12,75.14,92.0,61.0,56.31,6.79,1.08
2022,38,WAS011,13.0,2022-09-20,2022-09-19,77.57,93.0,59.0,31.61,5.53,0.0
2023,15,WAS011,0.0,2023-04-11,2023-04-10,64.14,90.0,43.0,27.49,6.81,0.02
2023,16,WAS011,2.0,2023-04-18,2023-04-17,61.14,83.0,38.0,24.14,9.09,0.0
2024,10,WAS011,4.0,2024-03-07,2024-03-04,51.14,66.0,35.0,40.28,5.99,0.01
2024,11,WAS011,118.0,2024-03-12,2024-03-11,51.43,67.0,38.0,50.99,7.97,0.25
2024,12,WAS011,151.0,2024-03-19,2024-03-18,57.29,76.0,39.0,44.37,7.51,0.14
2024,13,WAS011,83.0,2024-03-26,2024-03-25,53.0,72.0,35.0,45.25,7.31,0.69
2024,14,WAS011,84.0,2024-04-03,2024-04-01,54.14,77.0,34.0,41.14,8.71,0.01
2024,15,WAS011,31.0,2024-04-09,2024-04-08,62.29,86.0,41.0,24.65,8.41,0.0
2024,16,WAS011,93.0,2024-04-17,2024-04-15,66.86,88.0,45.0,26.3,5.48,0.0
2024,17,WAS011,221.0,2024-04-23,2024-04-22,66.29,89.0,47.0,31.77,8.99,0.02
2024,18,WAS011,82.0,2024-05-01,2024-04-29,66.86,86.0,46.0,22.07,8.71,0.01
2024,19,WAS011,15.0,2024-05-07,2024-05-06,63.0,88.0,39.0,27.17,9.03,0.01
2024,20,WAS011,180.0,2024-05-14,2024-05-13,77.14,94.0,57.0,18.19,8.07,0.0
2024,21,WAS011,47.0,2024-05-21,2024-05-20,73.14,89.0,52.0,17.04,10.24,0.0
2024,22,WAS011,60.0,2024-05-29,2024-05-27,80.86,98.0,61.0,13.38,7.24,0.0
2024,41,WAS011,19.0,2024-10-08,2024-10-07,77.84,96.0,59.0,16.75,4.12,0.0
2024,42,WAS011,3.0,2024-10-16,2024-10-14,67.63,89.0,48.0,35.66,8.2,0.31
2024,43,WAS011,0.0,2024-10-22,2024-10-21,64.43,82.0,48.0,34.79,2.73,0.0
2025,13,WAS011,13.0,2025-03-25,2025-03-24,65.0,87.0,45.0,23.01,6.51,0.0
2025,15,WAS011,8.0,2025-04-08,2025-04-07,69.71,91.0,44.0,14.98,5.59,0.0
2025,16,WAS011,1.0,2025-04-15,2025-04-14,63.29,86.0,39.0,26.38,7.81,0.1
2025,21,WAS011,1067.0,2025-05-20,2025-05-19,76.29,97.0,54.0,14.39,7.89,0.0
2025,22,WAS011,173.0,2025-05-28,2025-05-26,83.71,104.0,62.0,13.95,6.5,0.0
2025,23,WAS011,44.0,2025-06-03,2025-06-02,78.84,101.0,59.0,39.72,7.61,1.74
2025,24,WAS011,209.0,2025-06-10,2025-06-09,88.43,105.0,71.0,13.16,8.49,0.0
2025,25,WAS011,339.0,2025-06-17,2025-06-16,86.43,107.0,62.0,8.95,11.21,0.0
2025,26,WAS011,252.0,2025-06-24,2025-06-23,82.86,102.0,64.0,12.5,6.21,0.0
2025,27,WAS011,490.0,2025-07-01,2025-06-30,88.18,106.0,69.0,19.18,9.14,0.01
2025,28,WAS011,324.0,2025-07-08,2025-07-07,91.55,108.0,70.0,13.12,6.7,0.0
2025,29,WAS011,354.0,2025-07-15,2025-07-14,89.86,109.0,73.0,24.03,8.79,0.0
2025,30,WAS011,77.0,2025-07-22,2025-07-21,84.17,99.0,68.0,14.91,7.65,0.15
2025,31,WAS011,136.0,2025-07-29,2025-07-28,87.29,104.0,68.0,10.27,7.41,0.0
2025,32,WAS011,115.0,2025-08-05,2025-08-04,90.86,108.0,74.0,10.49,8.59,0.0
2025,33,WAS011,243.0,2025-08-12,2025-08-11,89.0,108.0,70.0,20.38,8.13,0.23
2025,34,WAS011,119.0,2025-08-19,2025-08-18,90.28,107.0,70.0,21.51,6.22,0.02
2025,35,WAS011,180.0,2025-08-26,2025-08-25,78.8,80.0,77.0,47.6,4.8,0.0
