date,temp,precip,precip_7d,rh,wind,weather_risk
2018-01-01 23:59:00,41.0,0.0,0.0,,1.6,0.001
2018-01-02 23:59:00,40.0,0.0,0.0,,1.9,0.0011
2018-01-03 23:59:00,43.0,0.0,0.0,,1.7,0.001
2018-01-04 23:59:00,44.0,0.0,0.0,,1.1,0.0007
2018-01-05 23:59:00,48.0,0.0,0.0,,1.2,0.0007
2018-01-06 23:59:00,50.0,0.0,0.0,,2.7,0.0016
2018-01-07 23:59:00,48.0,0.0,0.0,,3.3,0.002
2018-01-08 23:59:00,42.0,0.04,0.04,,2.7,0.0064
2018-01-09 23:59:00,46.0,1.03,1.07,,4.0,0.0624
2018-01-10 23:59:00,47.0,0.02,1.09,,9.1,0.0655
2018-01-11 23:59:00,46.0,0.0,1.09,,1.7,0.061
2018-01-12 23:59:00,44.0,0.0,1.09,,1.3,0.0608
2018-01-13 23:59:00,45.0,0.0,1.09,,2.7,0.0616
2018-01-14 23:59:00,48.0,0.0,1.09,,1.8,0.0611
2018-01-15 23:59:00,49.0,0.0,1.05,,1.6,0.061
2018-01-16 23:59:00,47.0,0.0,0.02,,2.4,0.0038
2018-01-17 23:59:00,48.0,0.0,0.0,,1.7,0.001
2018-01-18 23:59:00,46.0,0.0,0.0,,2.7,0.0016
2018-01-19 23:59:00,52.0,0.0,0.0,,2.4,0.0014
2018-01-20 23:59:00,46.0,0.18,0.18,,9.4,0.0272
2018-01-21 23:59:00,40.0,0.0,0.18,,6.5,0.0255
2018-01-22 23:59:00,36.0,0.0,0.18,,1.8,0.0227
2018-01-23 23:59:00,38.0,0.0,0.18,,1.1,0.0223
2018-01-24 23:59:00,43.0,0.0,0.18,,2.7,0.0232
2018-01-25 23:59:00,49.0,0.0,0.18,,10.1,0.0277
2018-01-26 23:59:00,43.0,0.0,0.18,,2.5,0.0231
2018-01-27 23:59:00,41.0,0.0,0.0,,1.5,0.0009
2018-01-28 23:59:00,46.0,0.0,0.0,,3.2,0.0019
2018-01-29 23:59:00,49.0,0.0,0.0,,2.4,0.0014
2018-01-30 23:59:00,50.0,0.0,0.0,,2.3,0.0014
2018-01-31 23:59:00,,0.0,0.0,,1.2,
2018-02-01 23:59:00,50.0,0.0,0.0,,0.4,0.0002
2018-02-02 23:59:00,54.0,0.0,0.0,,1.5,0.0009
2018-02-03 23:59:00,53.0,0.0,0.0,,1.7,0.001
2018-02-04 23:59:00,54.0,0.0,0.0,,2.6,0.0016
2018-02-05 23:59:00,55.0,0.0,0.0,,3.5,0.0021
2018-02-06 23:59:00,52.0,0.0,0.0,,7.1,0.0043
2018-02-07 23:59:00,50.0,0.0,0.0,,3.2,0.0019
2018-02-08 23:59:00,52.0,0.0,0.0,,2.1,0.0013
2018-02-09 23:59:00,53.0,0.0,0.0,,2.5,0.0015
2018-02-10 23:59:00,54.0,0.0,0.0,,10.3,0.0062
2018-02-11 23:59:00,43.0,0.0,0.0,,7.4,0.0044
2018-02-12 23:59:00,46.0,0.3,0.3,,6.4,0.0398
2018-02-13 23:59:00,47.0,0.26,0.56,,2.0,0.0612
2018-02-14 23:59:00,50.0,0.03,0.59,,4.3,0.0626
2018-02-15 23:59:00,,0.0,0.59,,0.0,
2018-02-16 23:59:00,42.0,0.0,0.59,,2.7,0.0616
2018-02-17 23:59:00,46.0,0.0,0.59,,1.3,0.0608
2018-02-18 23:59:00,47.0,0.0,0.59,,7.8,0.0647
2018-02-19 23:59:00,45.0,0.0,0.29000000000000004,,17.2,0.0451
2018-02-20 23:59:00,35.0,0.0,0.03,,4.3,0.0062
2018-02-21 23:59:00,36.0,0.0,0.0,,2.9,0.0017
2018-02-22 23:59:00,39.0,0.0,0.0,,8.2,0.0049
2018-02-23 23:59:00,37.0,0.05,0.05,,4.7,0.0088
2018-02-24 23:59:00,34.0,0.0,0.05,,3.8,0.0083
2018-02-25 23:59:00,40.0,0.0,0.05,,4.7,0.0088
2018-02-26 23:59:00,43.0,0.0,0.05,,6.0,0.0096
2018-02-27 23:59:00,45.0,0.0,0.05,,8.6,0.0112
2018-02-28 23:59:00,44.0,0.0,0.05,,8.7,0.0112
2018-03-01 23:59:00,47.0,0.0,0.05,,5.8,0.0095
2018-03-02 23:59:00,54.0,0.0,0.0,,14.7,0.0088
2018-03-03 23:59:00,53.0,0.03,0.03,,12.5,0.0111
2018-03-04 23:59:00,46.0,0.0,0.03,,10.8,0.0101
2018-03-05 23:59:00,42.0,0.0,0.03,,3.4,0.0056
2018-03-06 23:59:00,46.0,0.0,0.03,,4.3,0.0062
2018-03-07 23:59:00,44.0,0.0,0.03,,1.7,0.0046
2018-03-08 23:59:00,51.0,0.0,0.03,,2.1,0.0049
2018-03-09 23:59:00,54.0,0.0,0.03,,3.8,0.0059
2018-03-10 23:59:00,53.0,0.01,0.01,,3.1,0.0031
2018-03-11 23:59:00,55.0,0.35,0.36,,3.5,0.0453
2018-03-12 23:59:00,56.0,0.0,0.36,,2.6,0.0448
2018-03-13 23:59:00,60.0,0.0,0.36,,3.1,0.0451
2018-03-14 23:59:00,65.0,0.0,0.36,,14.0,0.0516
2018-03-15 23:59:00,47.0,0.05,0.41,,7.5,0.0537
2018-03-16 23:59:00,48.0,0.0,0.41,,6.5,0.0531
2018-03-17 23:59:00,50.0,0.0,0.39999999999999997,,12.8,0.0557
2018-03-18 23:59:00,49.0,0.0,0.05,,11.4,0.0128
2018-03-19 23:59:00,49.0,0.0,0.05,,3.3,0.008
2018-03-20 23:59:00,51.0,0.0,0.05,,3.5,0.0081
2018-03-21 23:59:00,59.0,0.0,0.05,,4.6,0.0088
2018-03-22 23:59:00,63.0,0.0,0.0,,10.4,0.0062
2018-03-23 23:59:00,59.0,0.12,0.12,,5.7,0.0178
2018-03-24 23:59:00,58.0,0.0,0.12,,10.5,0.0207
2018-03-25 23:59:00,53.0,0.0,0.12,,8.6,0.0196
2018-03-26 23:59:00,49.0,0.0,0.12,,11.3,0.0212
2018-03-27 23:59:00,51.0,0.0,0.12,,7.3,0.0188
2018-03-29 23:59:00,59.0,0.0,0.12,,3.5,0.0165
2018-03-30 23:59:00,62.0,0.0,0.12,,5.6,0.0178
2018-03-31 23:59:00,65.0,0.0,0.0,,3.5,0.0021
2018-04-01 23:59:00,68.0,0.0,0.0,,4.4,0.0604
2018-04-02 23:59:00,64.0,0.0,0.0,,9.6,0.0058
2018-04-03 23:59:00,58.0,0.0,0.0,,7.8,0.0047
2018-04-04 23:59:00,59.0,0.0,0.0,,3.4,0.002
2018-04-05 23:59:00,67.0,0.0,0.0,,5.8,0.042
2018-04-06 23:59:00,72.0,0.0,0.0,,6.9,0.1389
2018-04-07 23:59:00,72.0,0.21,0.21,,5.7,0.1634
2018-04-08 23:59:00,64.0,0.0,0.21,,10.0,0.0312
2018-04-09 23:59:00,63.0,0.0,0.21,,8.6,0.0304
2018-04-10 23:59:00,67.0,0.0,0.21,,3.0,0.0655
2018-04-12 23:59:00,64.0,0.0,0.21,,24.8,0.0372
2018-04-13 23:59:00,56.0,0.0,0.21,,14.2,0.0337
2018-04-14 23:59:00,58.0,0.0,0.21,,4.7,0.028
2018-04-15 23:59:00,62.0,0.0,0.0,,5.2,0.0031
2018-04-16 23:59:00,68.0,0.0,0.0,,22.7,0.0697
2018-04-17 23:59:00,57.0,0.0,0.0,,11.5,0.0069
2018-04-18 23:59:00,58.0,0.0,0.0,,6.8,0.0041
2018-04-19 23:59:00,61.0,0.04,0.04,,15.5,0.0141
2018-04-20 23:59:00,56.0,0.03,0.07,,7.0,0.0126
2018-04-21 23:59:00,62.0,0.0,0.07,,4.7,0.0112
2018-04-22 23:59:00,69.0,0.0,0.07,,4.8,0.0883
2018-04-23 23:59:00,70.0,0.0,0.07,,5.8,0.1081
2018-04-24 23:59:00,73.0,0.0,0.07,,9.6,0.1682
2018-04-25 23:59:00,72.0,0.0,0.07,,5.7,0.1466
2018-04-26 23:59:00,75.0,0.0,0.03,,6.3,0.1999
2018-04-27 23:59:00,77.0,0.0,0.0,,9.6,0.2368
2018-04-28 23:59:00,77.0,0.0,0.0,,14.4,0.2396
2018-04-29 23:59:00,70.0,0.0,0.0,,10.5,0.1026
2018-04-30 23:59:00,64.0,0.0,0.0,,10.1,0.0061
2018-05-01 23:59:00,58.0,0.1,0.1,,6.9,0.0161
2018-05-02 23:59:00,55.0,0.2,0.30000000000000004,,4.7,0.0388
2018-05-03 23:59:00,60.0,0.0,0.30000000000000004,,3.8,0.0383
2018-05-04 23:59:00,68.0,0.0,0.30000000000000004,,2.5,0.0952
2018-05-05 23:59:00,73.0,0.0,0.30000000000000004,,4.2,0.1925
2018-05-06 23:59:00,78.0,0.0,0.30000000000000004,,6.4,0.2901
2018-05-07 23:59:00,79.0,0.0,0.30000000000000004,,4.1,0.308
2018-05-08 23:59:00,79.0,0.0,0.2,,4.9,0.2964
2018-05-09 23:59:00,82.0,0.0,0.0,,6.1,0.3309
2018-05-10 23:59:00,82.0,0.0,0.0,,9.5,0.3329
2018-05-11 23:59:00,76.0,0.0,0.0,,18.1,0.2226
2018-05-12 23:59:00,64.0,0.0,0.0,,8.7,0.0052
2018-05-13 23:59:00,67.0,0.0,0.0,,7.4,0.0429
2018-05-14 23:59:00,71.0,0.0,0.0,,8.6,0.1207
2018-05-15 23:59:00,71.0,0.0,0.0,,6.8,0.1196
2018-05-16 23:59:00,74.0,0.0,0.0,,10.1,0.1793
2018-05-17 23:59:00,72.0,0.0,0.0,,9.0,0.1401
2018-05-18 23:59:00,72.0,0.0,0.0,,6.9,0.1389
2018-05-19 23:59:00,77.0,0.0,0.0,,7.7,0.2356
2018-05-20 23:59:00,76.0,0.0,0.0,,7.2,0.2161
2018-05-21 23:59:00,74.0,0.0,0.0,,8.2,0.1782
2018-05-22 23:59:00,74.0,0.02,0.02,,10.0,0.1817
2018-05-23 23:59:00,74.0,0.0,0.02,,7.0,0.1799
2018-05-24 23:59:00,77.0,0.0,0.02,,8.1,0.2383
2018-05-25 23:59:00,78.0,0.0,0.02,,10.2,0.2588
2018-05-26 23:59:00,72.0,0.0,0.02,,11.1,0.1438
2018-05-27 23:59:00,71.0,0.0,0.02,,6.9,0.122
2018-05-28 23:59:00,73.0,0.0,0.02,,7.1,0.1607
2018-05-29 23:59:00,77.0,0.0,0.0,,5.1,0.2341
2018-05-30 23:59:00,82.0,0.0,0.0,,9.5,0.3329
2018-05-31 23:59:00,80.0,0.0,0.0,,16.2,0.2985
2018-06-01 23:59:00,78.0,0.0,0.0,,7.7,0.2549
2018-06-02 23:59:00,84.0,0.0,0.0,,10.5,0.372
2018-06-03 23:59:00,84.0,0.0,0.0,,6.3,0.3695
2018-06-04 23:59:00,86.0,0.0,0.0,,8.6,0.4094
2018-06-05 23:59:00,86.0,0.0,0.0,,9.8,0.4101
2018-06-06 23:59:00,83.0,0.0,0.0,,10.2,0.3526
2018-06-07 23:59:00,83.0,0.0,0.0,,10.4,0.3527
2018-06-08 23:59:00,83.0,0.0,0.0,,8.1,0.3514
2018-06-09 23:59:00,84.0,0.0,0.0,,12.9,0.3735
2018-06-10 23:59:00,81.0,0.0,0.0,,8.2,0.3129
2018-06-11 23:59:00,83.0,0.0,0.0,,6.2,0.3502
2018-06-12 23:59:00,85.0,0.0,0.0,,6.3,0.3888
2018-06-13 23:59:00,85.0,0.0,0.0,,5.9,0.3885
2018-06-14 23:59:00,90.0,0.0,0.0,,9.3,0.4868
2018-06-15 23:59:00,87.0,0.0,0.0,,17.3,0.4339
2018-06-16 23:59:00,83.0,0.0,0.0,,14.0,0.3549
2018-06-17 23:59:00,82.0,0.0,0.0,,16.4,0.3371
2018-06-18 23:59:00,78.0,0.0,0.0,,8.5,0.2554
2018-06-19 23:59:00,80.0,0.0,0.0,,5.1,0.2918
2018-06-20 23:59:00,86.0,0.0,0.0,,5.0,0.4073
2018-06-21 23:59:00,89.0,0.0,0.0,,8.4,0.467
2018-06-22 23:59:00,89.0,0.0,0.0,,7.8,0.4667
2018-06-23 23:59:00,89.0,0.0,0.0,,10.2,0.4681
2018-06-24 23:59:00,91.0,0.0,0.0,,8.8,0.5058
2018-06-26 23:59:00,90.0,0.0,0.0,,7.7,0.4859
2018-06-27 23:59:00,88.0,0.0,0.0,,7.2,0.4471
2018-06-28 23:59:00,89.0,0.0,0.0,,12.9,0.4697
2018-06-29 23:59:00,86.0,0.0,0.0,,9.8,0.4101
2018-06-30 23:59:00,,0.0,0.0,,7.6,
2018-07-01 23:59:00,87.0,0.0,0.0,,5.9,0.427
2018-07-02 23:59:00,89.0,0.0,0.0,,9.2,0.4675
2018-07-03 23:59:00,89.0,0.0,0.0,,12.2,0.4693
2018-07-04 23:59:00,88.0,0.0,0.0,,9.9,0.4487
2018-07-05 23:59:00,89.0,0.0,0.0,,7.4,0.4664
2018-07-06 23:59:00,91.0,0.0,0.0,,7.7,0.5051
2018-07-07 23:59:00,95.0,0.0,0.0,,9.3,0.5831
2018-07-08 23:59:00,94.0,0.0,0.0,,8.9,0.5636
2018-07-09 23:59:00,94.0,0.0,0.0,,8.8,0.5635
2018-07-10 23:59:00,86.0,0.01,0.01,,9.3,0.411
2018-07-11 23:59:00,88.0,0.0,0.01,,9.5,0.4496
2018-07-12 23:59:00,82.0,0.01,0.02,,7.3,0.334
2018-07-13 23:59:00,82.0,0.0,0.02,,5.1,0.3327
2018-07-14 23:59:00,85.0,0.0,0.02,,5.4,0.3906
2018-07-15 23:59:00,88.0,0.0,0.02,,6.6,0.4491
2018-07-16 23:59:00,92.0,0.0,0.02,,6.7,0.5262
2018-07-17 23:59:00,94.0,0.0,0.01,,11.0,0.5661
2018-07-18 23:59:00,91.0,0.0,0.01,,8.2,0.5066
2018-07-19 23:59:00,89.0,0.01,0.01,,10.0,0.4692
2018-07-20 23:59:00,86.0,0.0,0.01,,5.6,0.4088
2018-07-21 23:59:00,88.0,0.0,0.01,,9.2,0.4495
2018-07-23 23:59:00,93.0,0.0,0.01,,5.6,0.5436
2018-07-24 23:59:00,95.0,0.0,0.01,,7.8,0.5834
2018-07-25 23:59:00,93.0,0.0,0.01,,6.6,0.5442
2018-07-26 23:59:00,93.0,0.0,0.01,,7.5,0.5447
2018-07-27 23:59:00,92.0,0.0,0.0,,6.9,0.5239
2018-07-28 23:59:00,95.0,0.0,0.0,,11.0,0.5841
2018-07-29 23:59:00,93.0,0.0,0.0,,8.7,0.5442
2018-07-30 23:59:00,93.0,0.0,0.0,,7.0,0.5432
2018-07-31 23:59:00,,0.0,0.0,,6.5,
2018-08-01 23:59:00,93.0,0.0,0.0,,7.9,0.5437
2018-08-02 23:59:00,89.0,0.29,0.29,,12.2,0.5041
2018-08-03 23:59:00,85.0,0.0,0.29,,4.1,0.4223
2018-08-04 23:59:00,91.0,0.0,0.29,,6.6,0.5393
2018-08-05 23:59:00,92.0,0.0,0.29,,8.4,0.5596
2018-08-06 23:59:00,87.0,0.0,0.29,,4.9,0.4612
2018-08-07 23:59:00,89.0,0.0,0.29,,5.5,0.5001
2018-08-08 23:59:00,89.0,0.0,0.29,,7.5,0.5013
2018-08-09 23:59:00,91.0,0.0,0.0,,7.3,0.5049
2018-08-10 23:59:00,91.0,0.0,0.0,,8.2,0.5054
2018-08-11 23:59:00,87.0,0.12,0.12,,7.8,0.4426
2018-08-12 23:59:00,83.0,0.0,0.12,,7.5,0.3654
2018-08-13 23:59:00,88.0,0.0,0.12,,6.1,0.4608
2018-08-14 23:59:00,90.0,0.0,0.12,,8.2,0.5006
2018-08-15 23:59:00,87.0,0.0,0.12,,10.3,0.4441
2018-08-16 23:59:00,83.0,0.0,0.12,,4.7,0.3637
2018-08-17 23:59:00,88.0,0.0,0.12,,6.4,0.461
2018-08-18 23:59:00,91.0,0.0,0.0,,8.7,0.5057
2018-08-20 23:59:00,90.0,0.0,0.0,,9.7,0.4871
2018-08-21 23:59:00,88.0,0.11,0.11,,14.7,0.4648
2018-08-22 23:59:00,76.0,0.7,0.8099999999999999,,12.1,0.279
2018-08-23 23:59:00,82.0,0.0,0.8099999999999999,,7.3,0.3916
2018-08-24 23:59:00,84.0,0.0,0.8099999999999999,,4.6,0.4285
2018-08-25 23:59:00,85.0,0.0,0.8099999999999999,,6.5,0.4489
2018-08-26 23:59:00,86.0,0.0,0.8099999999999999,,9.4,0.4699
2018-08-27 23:59:00,86.0,0.0,0.8099999999999999,,7.4,0.4687
2018-08-28 23:59:00,80.0,0.0,0.7,,6.5,0.3526
2018-08-31 23:59:00,85.0,0.0,0.0,,0.0,0.385
2018-09-01 23:59:00,80.0,0.0,0.0,,4.9,0.2917
2018-09-03 23:59:00,83.0,0.14,0.14,,8.1,0.3682
2018-09-09 23:59:00,84.0,0.0,0.14,,5.0,0.3855
2018-09-10 23:59:00,,0.0,0.14,,4.7,
2018-09-11 23:59:00,84.0,0.0,0.14,,6.1,0.3862
2018-09-12 23:59:00,84.0,0.0,0.14,,12.7,0.3902
2018-09-13 23:59:00,82.0,0.0,0.14,,8.8,0.3493
2018-09-14 23:59:00,80.0,0.0,0.14,,4.4,0.3082
2018-09-15 23:59:00,,0.0,0.0,,0.0,
2018-09-16 23:59:00,85.0,0.0,0.0,,6.9,0.3891
2018-09-17 23:59:00,85.0,0.0,0.0,,8.2,0.3899
2018-09-18 23:59:00,83.0,0.0,0.0,,6.9,0.3506
2018-09-19 23:59:00,79.0,0.0,0.0,,6.8,0.2736
2018-09-20 23:59:00,76.0,0.0,0.0,,4.1,0.2142
2018-09-21 23:59:00,77.0,0.0,0.0,,4.7,0.2338
2018-09-22 23:59:00,78.0,0.0,0.0,,4.0,0.2527
2018-09-23 23:59:00,81.0,0.0,0.0,,5.8,0.3115
2018-09-24 23:59:00,80.0,0.0,0.0,,6.4,0.2926
2018-09-25 23:59:00,79.0,0.0,0.0,,6.0,0.2731
2018-09-26 23:59:00,76.0,0.0,0.0,,4.1,0.2142
2018-09-27 23:59:00,76.0,0.0,0.0,,5.2,0.2149
2018-09-28 23:59:00,76.0,0.0,0.0,,3.8,0.214
2018-09-29 23:59:00,80.0,0.0,0.0,,10.4,0.295
2018-09-30 23:59:00,81.0,0.0,0.0,,10.9,0.3145
2018-10-01 23:59:00,78.0,0.0,0.0,,6.5,0.2542
2018-10-02 23:59:00,73.0,0.24,0.24,,4.5,0.1855
2018-10-03 23:59:00,73.0,0.03,0.27,,7.4,0.1908
2018-10-04 23:59:00,66.0,0.31,0.58,,6.1,0.0829
2018-10-05 23:59:00,67.0,0.0,0.58,,4.7,0.1013
2018-10-06 23:59:00,59.0,0.15,0.73,,6.4,0.0638
2018-10-07 23:59:00,56.0,0.0,0.73,,7.2,0.0643
2018-10-08 23:59:00,60.0,0.0,0.73,,8.2,0.0649
2018-10-09 23:59:00,60.0,0.0,0.49,,6.0,0.0624
2018-10-10 23:59:00,63.0,0.0,0.45999999999999996,,4.8,0.0581
2018-10-11 23:59:00,62.0,0.0,0.15,,10.4,0.0242
2018-10-12 23:59:00,62.0,0.0,0.15,,6.9,0.0221
2018-10-13 23:59:00,64.0,0.0,0.0,,4.7,0.0028
2018-10-14 23:59:00,57.0,0.0,0.0,,16.7,0.01
2018-10-15 23:59:00,54.0,0.0,0.0,,15.9,0.0095
2018-10-16 23:59:00,52.0,0.0,0.0,,8.1,0.0049
2018-10-17 23:59:00,60.0,0.0,0.0,,4.0,0.0024
2018-10-18 23:59:00,57.0,0.0,0.0,,3.4,0.002
2018-10-19 23:59:00,62.0,0.0,0.0,,4.2,0.0025
2018-10-20 23:59:00,65.0,0.0,0.0,,4.5,0.0027
2018-10-21 23:59:00,66.0,0.06,0.06,,5.8,0.0299
2018-10-22 23:59:00,63.0,0.59,0.6499999999999999,,4.5,0.0627
2018-10-23 23:59:00,61.0,0.0,0.65,,1.8,0.0611
2018-10-24 23:59:00,63.0,0.0,0.65,,2.2,0.0613
2018-10-25 23:59:00,64.0,0.0,0.65,,4.4,0.0626
2018-10-26 23:59:00,63.0,0.0,0.65,,2.8,0.0617
2018-10-27 23:59:00,63.0,0.0,0.65,,1.6,0.061
2018-10-28 23:59:00,61.0,0.0,0.5900000000000001,,1.8,0.0611
2018-10-29 23:59:00,64.0,0.0,0.0,,3.0,0.0018
2018-10-30 23:59:00,61.0,0.0,0.0,,13.0,0.0078
2018-10-31 23:59:00,56.0,0.0,0.0,,6.0,0.0036
2018-11-01 23:59:00,55.0,0.0,0.0,,1.7,0.001
2018-11-03 23:59:00,60.0,0.0,0.0,,6.8,0.0041
2018-11-04 23:59:00,56.0,0.0,0.0,,3.1,0.0019
2018-11-05 23:59:00,58.0,0.0,0.0,,2.9,0.0017
2018-11-06 23:59:00,56.0,0.0,0.0,,2.8,0.0017
2018-11-07 23:59:00,53.0,0.0,0.0,,4.9,0.0029
2018-11-08 23:59:00,52.0,0.0,0.0,,14.2,0.0085
2018-11-09 23:59:00,48.0,0.0,0.0,,5.8,0.0035
2018-11-10 23:59:00,46.0,0.0,0.0,,1.5,0.0009
2018-11-11 23:59:00,45.0,0.0,0.0,,9.3,0.0056
2018-11-12 23:59:00,41.0,0.0,0.0,,6.8,0.0041
2018-11-13 23:59:00,42.0,0.0,0.0,,2.4,0.0014
2018-11-14 23:59:00,47.0,0.0,0.0,,1.6,0.001
2018-11-15 23:59:00,49.0,0.0,0.0,,2.0,0.0012
2018-11-16 23:59:00,49.0,0.0,0.0,,1.4,0.0008
2018-11-17 23:59:00,48.0,0.0,0.0,,2.0,0.0012
2018-11-18 23:59:00,48.0,0.0,0.0,,4.1,0.0025
2018-11-19 23:59:00,45.0,0.0,0.0,,2.3,0.0014
2018-11-20 23:59:00,43.0,0.0,0.0,,1.4,0.0008
2018-11-21 23:59:00,46.0,0.0,0.0,,1.8,0.0011
2018-11-22 23:59:00,51.0,0.0,0.0,,3.5,0.0021
2018-11-23 23:59:00,45.0,0.0,0.0,,1.7,0.001
2018-11-24 23:59:00,47.0,0.0,0.0,,7.7,0.0046
2018-11-25 23:59:00,44.0,0.0,0.0,,6.5,0.0039
2018-11-26 23:59:00,43.0,0.0,0.0,,2.6,0.0016
2018-11-27 23:59:00,42.0,0.0,0.0,,1.9,0.0011
2018-11-28 23:59:00,46.0,0.01,0.01,,3.9,0.0035
2018-11-29 23:59:00,51.0,0.0,0.01,,7.0,0.0054
2018-11-30 23:59:00,,0.0,0.01,,6.2,
2018-12-01 23:59:00,41.0,0.0,0.01,,3.3,0.0032
2018-12-02 23:59:00,40.0,0.0,0.01,,6.3,0.005
2018-12-03 23:59:00,38.0,0.0,0.01,,0.8,0.0017
2018-12-04 23:59:00,36.0,0.0,0.01,,2.0,0.0024
2018-12-05 23:59:00,40.0,0.0,0.0,,2.4,0.0014
2018-12-06 23:59:00,,0.0,0.0,,0.0,
2018-12-07 23:59:00,50.0,0.0,0.0,,0.0,0.0
2018-12-09 23:59:00,44.0,0.0,0.0,,2.4,0.0014
2018-12-10 23:59:00,45.0,0.0,0.0,,3.4,0.002
2018-12-11 23:59:00,48.0,0.0,0.0,,2.8,0.0017
2018-12-12 23:59:00,47.0,0.0,0.0,,7.5,0.0045
2018-12-13 23:59:00,41.0,0.0,0.0,,3.7,0.0022
2018-12-14 23:59:00,39.0,0.0,0.0,,2.4,0.0014
2018-12-15 23:59:00,45.0,0.0,0.0,,2.4,0.0014
2018-12-16 23:59:00,46.0,0.0,0.0,,1.9,0.0011
2018-12-17 23:59:00,42.0,0.0,0.0,,2.3,0.0014
2018-12-18 23:59:00,42.0,0.0,0.0,,1.4,0.0008
2018-12-19 23:59:00,44.0,0.0,0.0,,1.0,0.0006
2018-12-20 23:59:00,43.0,0.0,0.0,,1.2,0.0007
2018-12-21 23:59:00,47.0,0.0,0.0,,1.8,0.0011
2018-12-22 23:59:00,44.0,0.0,0.0,,2.6,0.0016
2018-12-23 23:59:00,45.0,0.0,0.0,,2.7,0.0016
2018-12-24 23:59:00,42.0,0.0,0.0,,1.5,0.0009
2018-12-25 23:59:00,43.0,0.0,0.0,,5.1,0.0031
2018-12-26 23:59:00,41.0,0.0,0.0,,5.6,0.0034
2018-12-27 23:59:00,37.0,0.0,0.0,,6.9,0.0041
2018-12-28 23:59:00,36.0,0.0,0.0,,9.2,0.0055
2018-12-29 23:59:00,32.0,0.0,0.0,,4.6,0.0028
2018-12-30 23:59:00,36.0,0.0,0.0,,2.6,0.0016
2018-12-31 23:59:00,36.0,0.0,0.0,,11.3,0.0068
2019-01-01 23:59:00,30.0,0.0,0.0,,8.2,0.0049
2019-01-02 23:59:00,,0.0,0.0,,4.0,
2019-01-03 23:59:00,32.0,0.0,0.0,,1.2,0.0007
2019-01-04 23:59:00,36.0,0.0,0.0,,3.3,0.002
2019-01-05 23:59:00,36.0,0.0,0.0,,2.0,0.0012
2019-01-06 23:59:00,42.0,0.01,0.01,,4.2,0.0037
2019-01-07 23:59:00,43.0,0.0,0.01,,4.0,0.0036
2019-01-08 23:59:00,44.0,0.0,0.01,,2.2,0.0025
2019-01-09 23:59:00,49.0,0.0,0.01,,5.1,0.0043
2019-01-10 23:59:00,44.0,0.0,0.01,,2.3,0.0026
2019-01-11 23:59:00,44.0,0.0,0.01,,5.1,0.0043
2019-01-12 23:59:00,42.0,0.0,0.01,,3.9,0.0035
2019-01-13 23:59:00,40.0,0.0,0.0,,3.1,0.0019
2019-01-14 23:59:00,40.0,0.0,0.0,,3.0,0.0018
2019-01-15 23:59:00,45.0,0.01,0.01,,7.5,0.0057
2019-01-16 23:59:00,46.0,0.0,0.01,,2.3,0.0026
2019-01-17 23:59:00,48.0,0.0,0.01,,5.0,0.0042
2019-01-18 23:59:00,49.0,0.0,0.01,,5.9,0.0047
2019-01-19 23:59:00,42.0,0.0,0.01,,2.0,0.0024
2019-01-20 23:59:00,42.0,0.0,0.01,,1.8,0.0023
2019-01-21 23:59:00,45.0,0.01,0.02,,13.0,0.0102
2019-01-22 23:59:00,39.0,0.0,0.01,,9.4,0.0068
2019-01-23 23:59:00,37.0,0.0,0.01,,2.1,0.0025
2019-01-24 23:59:00,41.0,0.0,0.01,,1.7,0.0022
2019-01-25 23:59:00,42.0,0.0,0.01,,2.4,0.0026
2019-01-26 23:59:00,45.0,0.0,0.01,,3.3,0.0032
2019-01-27 23:59:00,47.0,0.0,0.01,,2.3,0.0026
2019-01-28 23:59:00,47.0,0.0,0.0,,5.8,0.0035
2019-01-29 23:59:00,49.0,0.0,0.0,,3.6,0.0022
2019-01-30 23:59:00,45.0,0.0,0.0,,2.4,0.0014
2019-01-31 23:59:00,43.0,0.0,0.0,,2.2,0.0013
2019-02-01 23:59:00,50.0,0.0,0.0,,3.4,0.002
2019-02-02 23:59:00,50.0,0.01,0.01,,6.7,0.0052
2019-02-03 23:59:00,50.0,0.0,0.01,,7.9,0.0059
2019-02-04 23:59:00,51.0,0.0,0.01,,12.7,0.0088
2019-02-05 23:59:00,42.0,0.0,0.01,,9.2,0.0067
2019-02-06 23:59:00,37.0,0.05,0.060000000000000005,,10.7,0.0136
2019-02-07 23:59:00,33.0,0.0,0.060000000000000005,,2.4,0.0086
2019-02-08 23:59:00,37.0,0.0,0.060000000000000005,,2.8,0.0089
2019-02-09 23:59:00,39.0,0.0,0.05,,4.0,0.0084
2019-02-10 23:59:00,45.0,0.01,0.060000000000000005,,17.0,0.0174
2019-02-11 23:59:00,36.0,0.0,0.060000000000000005,,5.8,0.0107
2019-02-12 23:59:00,38.0,0.0,0.060000000000000005,,4.1,0.0097
2019-02-13 23:59:00,42.0,0.0,0.01,,3.3,0.0032
2019-02-14 23:59:00,46.0,0.01,0.02,,3.7,0.0046
2019-02-15 23:59:00,48.0,0.0,0.02,,10.2,0.0085
2019-02-16 23:59:00,41.0,0.0,0.02,,7.4,0.0068
2019-02-17 23:59:00,39.0,0.01,0.02,,7.6,0.007
2019-02-18 23:59:00,36.0,0.0,0.02,,6.7,0.0064
2019-02-19 23:59:00,35.0,0.0,0.02,,7.9,0.0071
2019-02-20 23:59:00,31.0,0.01,0.03,,4.0,0.006
2019-02-21 23:59:00,33.0,0.0,0.019999999999999997,,4.8,0.0053
2019-02-22 23:59:00,34.0,0.0,0.019999999999999997,,5.9,0.0059
2019-02-23 23:59:00,34.0,0.0,0.019999999999999997,,4.4,0.005
2019-02-24 23:59:00,39.0,0.0,0.01,,4.2,0.0037
2019-02-25 23:59:00,43.0,0.0,0.01,,2.9,0.0029
2019-02-26 23:59:00,47.0,0.0,0.01,,3.0,0.003
2019-02-27 23:59:00,52.0,0.0,0.0,,2.5,0.0015
2019-02-28 23:59:00,56.0,0.0,0.0,,3.3,0.002
2019-03-01 23:59:00,54.0,0.0,0.0,,2.5,0.0015
2019-03-02 23:59:00,53.0,0.01,0.01,,3.9,0.0035
2019-03-03 23:59:00,54.0,0.0,0.01,,4.7,0.004
2019-03-04 23:59:00,,0.0,0.01,,0.0,
2019-03-05 23:59:00,,0.0,0.01,,0.0,
2019-03-06 23:59:00,52.0,0.0,0.01,,8.1,0.0061
2019-03-07 23:59:00,53.0,0.0,0.01,,3.0,0.003
2019-03-08 23:59:00,47.0,0.0,0.01,,9.9,0.0071
2019-03-09 23:59:00,44.0,0.0,0.0,,3.6,0.0022
2019-03-10 23:59:00,48.0,0.0,0.0,,5.2,0.0031
2019-03-11 23:59:00,50.0,0.01,0.01,,6.4,0.005
2019-03-12 23:59:00,54.0,0.0,0.01,,7.9,0.0059
2019-03-13 23:59:00,43.0,0.0,0.01,,15.9,0.0107
2019-03-14 23:59:00,43.0,0.0,0.01,,7.9,0.0059
2019-03-15 23:59:00,48.0,0.0,0.01,,8.5,0.0063
2019-03-16 23:59:00,52.0,0.0,0.01,,4.0,0.0036
2019-03-17 23:59:00,54.0,0.0,0.01,,2.8,0.0029
2019-03-18 23:59:00,56.0,0.0,0.0,,4.2,0.0025
2019-03-19 23:59:00,57.0,0.0,0.0,,4.6,0.0028
2019-03-20 23:59:00,61.0,0.01,0.01,,7.5,0.0057
2019-03-21 23:59:00,47.0,0.0,0.01,,8.5,0.0063
2019-03-22 23:59:00,49.0,0.0,0.01,,4.6,0.004
2019-03-23 23:59:00,55.0,0.0,0.01,,3.3,0.0032
2019-03-24 23:59:00,56.0,0.0,0.01,,6.4,0.005
2019-03-25 23:59:00,58.0,0.0,0.01,,4.9,0.0041
2019-03-26 23:59:00,58.0,0.0,0.01,,3.3,0.0032
2019-03-28 23:59:00,57.0,0.0,0.0,,5.8,0.0035
2019-03-29 23:59:00,57.0,0.0,0.0,,8.1,0.0049
2019-03-30 23:59:00,54.0,0.0,0.0,,8.4,0.005
2019-03-31 23:59:00,55.0,0.0,0.0,,6.4,0.0038
2019-04-01 23:59:00,56.0,0.0,0.0,,4.6,0.0028
2019-04-02 23:59:00,60.0,0.0,0.0,,5.8,0.0035
2019-04-03 23:59:00,59.0,0.0,0.0,,7.5,0.0045
2019-04-04 23:59:00,60.0,0.0,0.0,,4.6,0.0028
2019-04-05 23:59:00,59.0,0.0,0.0,,6.4,0.0038
2019-04-07 23:59:00,62.0,0.0,0.0,,4.0,0.0024
2019-04-08 23:59:00,67.0,0.0,0.0,,3.7,0.0407
2019-04-09 23:59:00,67.0,0.0,0.0,,12.8,0.0462
2019-04-11 23:59:00,,0.0,0.0,,0.0,
2019-04-12 23:59:00,53.0,0.0,0.0,,6.0,0.0036
2019-04-13 23:59:00,54.0,0.0,0.0,,5.8,0.0035
2019-04-14 23:59:00,61.0,0.0,0.0,,5.8,0.0035
2019-04-15 23:59:00,67.0,0.0,0.0,,9.5,0.0442
2019-04-16 23:59:00,57.0,0.01,0.01,,9.7,0.007
2019-04-17 23:59:00,58.0,0.0,0.01,,7.1,0.0055
2019-04-18 23:59:00,65.0,0.0,0.01,,4.6,0.004
2019-04-19 23:59:00,69.0,0.0,0.01,,4.9,0.0811
2019-04-20 23:59:00,70.0,0.0,0.01,,8.3,0.1024
2019-04-21 23:59:00,66.0,0.0,0.01,,10.0,0.0264
2019-04-22 23:59:00,62.0,0.01,0.02,,4.9,0.0053
2019-04-23 23:59:00,66.0,0.0,0.01,,5.5,0.0238
2019-04-24 23:59:00,70.0,0.0,0.01,,5.2,0.1006
2019-04-25 23:59:00,75.0,0.0,0.01,,8.5,0.1988
2019-04-26 23:59:00,76.0,0.0,0.01,,7.1,0.2172
2019-04-27 23:59:00,74.0,0.0,0.01,,6.8,0.1785
2019-04-28 23:59:00,76.0,0.0,0.01,,8.1,0.2178
2019-04-29 23:59:00,61.0,0.02,0.02,,8.3,0.0074
2019-04-30 23:59:00,61.0,0.03,0.05,,7.8,0.0107
2019-05-01 23:59:00,58.0,0.01,0.06,,7.7,0.0118
2019-05-02 23:59:00,61.0,0.0,0.06,,4.3,0.0098
2019-05-03 23:59:00,65.0,0.0,0.06,,3.1,0.0091
2019-05-04 23:59:00,70.0,0.0,0.06,,4.7,0.1063
2019-05-05 23:59:00,70.0,0.0,0.06,,7.0,0.1076
2019-05-06 23:59:00,68.0,0.0,0.039999999999999994,,8.1,0.0674
2019-05-07 23:59:00,68.0,0.01,0.02,,10.0,0.0662
2019-05-08 23:59:00,,0.0,0.01,,0.0,
2019-05-09 23:59:00,66.0,0.0,0.01,,0.0,0.0205
2019-05-10 23:59:00,60.0,0.98,0.99,,7.5,0.0645
2019-05-11 23:59:00,65.0,0.0,0.99,,4.6,0.0628
2019-05-12 23:59:00,69.0,0.0,0.99,,4.9,0.1399
2019-05-13 23:59:00,72.0,0.0,0.99,,4.5,0.1974
2019-05-14 23:59:00,74.0,0.0,0.98,,3.4,0.2353
2019-05-15 23:59:00,75.0,0.0,0.98,,10.7,0.2589
2019-05-16 23:59:00,68.0,0.0,0.98,,13.1,0.1256
2019-05-17 23:59:00,55.0,0.0,0.0,,8.4,0.005
2019-05-18 23:59:00,59.0,0.0,0.0,,4.3,0.0026
2019-05-19 23:59:00,62.0,0.04,0.04,,15.7,0.0142
2019-05-20 23:59:00,54.0,0.13,0.17,,7.5,0.0249
2019-05-21 23:59:00,58.0,0.0,0.17,,6.9,0.0245
2019-05-22 23:59:00,55.0,0.0,0.17,,8.0,0.0252
2019-05-23 23:59:00,56.0,0.04,0.21000000000000002,,7.4,0.0296
2019-05-24 23:59:00,63.0,0.0,0.21000000000000002,,4.6,0.028
2019-05-25 23:59:00,66.0,0.0,0.21000000000000002,,7.1,0.0487
2019-05-26 23:59:00,67.0,0.0,0.17,,14.9,0.0678
2019-05-27 23:59:00,57.0,0.07,0.11000000000000001,,9.2,0.0187
2019-05-28 23:59:00,,0.0,0.11000000000000001,,0.0,
2019-05-29 23:59:00,66.0,0.0,0.11000000000000001,,0.0,0.0325
2019-05-30 23:59:00,69.0,0.0,0.07,,5.9,0.0889
2019-05-31 23:59:00,72.0,0.0,0.07,,6.2,0.1469
2019-06-01 23:59:00,,0.0,0.07,,6.4,
2019-06-02 23:59:00,,0.0,0.07,,5.6,
2019-06-03 23:59:00,,0.0,0.0,,4.6,
2019-06-04 23:59:00,,0.0,0.0,,5.1,
2019-06-05 23:59:00,,0.0,0.0,,4.6,
2019-06-06 23:59:00,,0.0,0.0,,10.1,
2019-06-07 23:59:00,,0.0,0.0,,17.2,
2019-06-08 23:59:00,,0.0,0.0,,10.7,
2019-06-09 23:59:00,,0.0,0.0,,10.2,
2019-06-10 23:59:00,,0.0,0.0,,5.7,
2019-06-11 23:59:00,,0.0,0.0,,4.3,
2019-06-12 23:59:00,,0.0,0.0,,5.7,
2019-06-13 23:59:00,,0.0,0.0,,7.6,
2019-06-14 23:59:00,,0.0,0.0,,6.7,
2019-06-15 23:59:00,,0.0,0.0,,5.1,
2019-06-16 23:59:00,,0.03,0.03,,7.7,
2019-06-17 23:59:00,,0.0,0.03,,6.3,
2019-06-18 23:59:00,,0.0,0.03,,5.1,
2019-06-19 23:59:00,,0.0,0.03,,8.2,
2019-06-20 23:59:00,,0.0,0.03,,13.8,
2019-06-21 23:59:00,,0.0,0.03,,8.9,
2019-06-22 23:59:00,,0.0,0.03,,9.9,
2019-06-23 23:59:00,,0.0,0.0,,4.6,
2019-06-24 23:59:00,,0.0,0.0,,4.7,
2019-06-25 23:59:00,,0.0,0.0,,7.9,
2019-06-26 23:59:00,,0.0,0.0,,10.7,
2019-06-27 23:59:00,,0.0,0.0,,10.4,
2019-06-28 23:59:00,,0.0,0.0,,10.0,
2019-06-29 23:59:00,,0.0,0.0,,8.2,
2019-06-30 23:59:00,,0.0,0.0,,0.0,
2019-07-01 23:59:00,84.0,0.0,0.0,,5.5,0.369
2019-07-02 23:59:00,85.0,0.0,0.0,,6.9,0.3891
2019-07-03 23:59:00,85.0,0.0,0.0,,10.9,0.3915
2019-07-04 23:59:00,83.0,0.0,0.0,,7.8,0.3512
2019-07-05 23:59:00,84.0,0.0,0.0,,4.7,0.3686
2019-07-06 23:59:00,83.0,0.0,0.0,,6.2,0.3502
2019-07-07 23:59:00,85.0,0.0,0.0,,11.3,0.3918
2019-07-08 23:59:00,83.0,0.0,0.0,,8.6,0.3517
2019-07-09 23:59:00,83.0,0.0,0.0,,5.7,0.3499
2019-07-10 23:59:00,86.0,0.0,0.0,,4.9,0.4072
2019-07-11 23:59:00,89.0,0.0,0.0,,8.1,0.4669
2019-07-12 23:59:00,90.0,0.0,0.0,,6.6,0.4852
2019-07-13 23:59:00,93.0,0.0,0.0,,8.5,0.5441
2019-07-14 23:59:00,90.0,0.0,0.0,,7.5,0.4858
2019-07-15 23:59:00,90.0,0.0,0.0,,6.1,0.4849
2019-07-16 23:59:00,89.0,0.0,0.0,,10.8,0.4685
2019-07-17 23:59:00,89.0,0.0,0.0,,9.9,0.4679
2019-07-18 23:59:00,88.0,0.0,0.0,,6.4,0.4466
2019-07-19 23:59:00,88.0,0.0,0.0,,7.8,0.4474
2019-07-20 23:59:00,86.0,0.0,0.0,,5.8,0.4077
2019-07-21 23:59:00,87.0,0.0,0.0,,4.9,0.4264
2019-07-22 23:59:00,86.0,0.0,0.0,,5.8,0.4077
2019-07-23 23:59:00,92.0,0.0,0.0,,6.3,0.5235
2019-07-24 23:59:00,,0.0,0.0,,0.0,
2019-07-25 23:59:00,89.0,0.0,0.0,,6.7,0.466
2019-07-26 23:59:00,91.0,0.0,0.0,,9.5,0.5062
2019-07-27 23:59:00,89.0,0.0,0.0,,7.5,0.4665
2019-07-28 23:59:00,92.0,0.0,0.0,,4.0,0.5222
2019-07-29 23:59:00,92.0,0.0,0.0,,5.2,0.5229
2019-07-30 23:59:00,92.0,0.0,0.0,,8.6,0.5249
2019-07-31 23:59:00,81.0,0.0,0.0,,8.6,0.3132
2019-08-02 23:59:00,,0.0,0.0,,0.0,
2019-08-04 23:59:00,93.0,0.0,0.0,,7.7,0.5436
2019-08-05 23:59:00,93.0,0.0,0.0,,8.0,0.5438
2019-08-06 23:59:00,92.0,0.0,0.0,,7.1,0.524
2019-08-07 23:59:00,,0.0,0.0,,0.0,
2019-08-08 23:59:00,88.0,0.0,0.0,,7.8,0.4474
2019-08-09 23:59:00,,0.0,0.0,,11.4,
2019-08-10 23:59:00,,0.0,0.0,,12.3,
2019-08-11 23:59:00,,0.0,0.0,,7.4,
2019-08-12 23:59:00,,0.0,0.0,,5.8,
2019-08-13 23:59:00,,0.0,0.0,,4.6,
2019-08-14 23:59:00,87.0,0.0,0.0,,4.0,0.4259
2019-08-15 23:59:00,89.0,0.0,0.0,,6.0,0.4656
2019-08-16 23:59:00,87.0,0.0,0.0,,5.5,0.4268
2019-08-17 23:59:00,86.0,0.0,0.0,,7.0,0.4085
2019-08-18 23:59:00,86.0,0.0,0.0,,6.9,0.4084
2019-08-19 23:59:00,85.0,0.0,0.0,,4.9,0.3879
2019-08-20 23:59:00,86.0,0.0,0.0,,5.7,0.4077
2019-08-21 23:59:00,86.0,0.0,0.0,,5.6,0.4076
2019-08-22 23:59:00,86.0,0.0,0.0,,4.6,0.407
2019-08-23 23:59:00,85.0,0.0,0.0,,6.2,0.3887
2019-08-24 23:59:00,84.0,0.0,0.0,,6.9,0.3699
2019-08-25 23:59:00,86.0,0.0,0.0,,7.2,0.4086
2019-08-26 23:59:00,88.0,0.0,0.0,,4.9,0.4457
2019-08-27 23:59:00,89.0,0.0,0.0,,5.3,0.4652
2019-08-28 23:59:00,88.0,0.0,0.0,,11.8,0.4498
2019-08-29 23:59:00,86.0,0.0,0.0,,5.8,0.4077
2019-08-30 23:59:00,88.0,0.0,0.0,,4.7,0.4456
2019-08-31 23:59:00,87.0,0.0,0.0,,4.0,0.4259
2019-09-01 23:59:00,86.0,0.0,0.0,,4.1,0.4067
2019-09-02 23:59:00,89.0,0.0,0.0,,7.4,0.4664
2019-09-03 23:59:00,88.0,0.0,0.0,,5.8,0.4462
2019-09-04 23:59:00,91.0,0.0,0.0,,5.7,0.5039
2019-09-05 23:59:00,89.0,0.0,0.0,,7.9,0.4667
2019-09-06 23:59:00,87.0,0.0,0.0,,7.2,0.4278
2019-09-07 23:59:00,87.0,0.0,0.0,,5.3,0.4267
2019-09-08 23:59:00,83.0,0.0,0.0,,10.9,0.353
2019-09-09 23:59:00,79.0,0.0,0.0,,6.5,0.2734
2019-09-10 23:59:00,80.0,0.0,0.0,,15.9,0.2983
2019-09-11 23:59:00,77.0,0.0,0.0,,9.5,0.2367
2019-09-12 23:59:00,74.0,0.0,0.0,,6.9,0.1774
2019-09-13 23:59:00,78.0,0.0,0.0,,2.8,0.2519
2019-09-14 23:59:00,80.0,0.0,0.0,,5.5,0.2921
2019-09-15 23:59:00,80.0,0.0,0.0,,4.6,0.2915
2019-09-16 23:59:00,84.0,0.0,0.0,,14.5,0.3744
2019-09-17 23:59:00,76.0,0.0,0.0,,7.4,0.2162
2019-09-18 23:59:00,74.0,0.0,0.0,,7.1,0.1775
2019-09-19 23:59:00,78.0,0.0,0.0,,15.4,0.2595
2019-09-20 23:59:00,69.0,0.0,0.0,,8.2,0.0819
2019-09-21 23:59:00,67.0,0.0,0.0,,4.8,0.0414
2019-09-22 23:59:00,70.0,0.0,0.0,,6.1,0.0999
2019-09-23 23:59:00,71.0,0.0,0.0,,5.9,0.119
2019-09-24 23:59:00,75.0,0.0,0.0,,4.7,0.1953
2019-09-25 23:59:00,78.0,0.0,0.0,,4.3,0.2528
2019-09-26 23:59:00,75.0,0.0,0.0,,7.5,0.197
2019-09-27 23:59:00,74.0,0.0,0.0,,8.4,0.1783
2019-09-28 23:59:00,77.0,0.0,0.0,,19.0,0.2424
2019-09-29 23:59:00,65.0,0.0,0.0,,12.3,0.0074
2019-09-30 23:59:00,63.0,0.0,0.0,,6.3,0.0038
2019-10-01 23:59:00,59.0,0.0,0.0,,5.5,0.0033
2019-10-02 23:59:00,62.0,0.0,0.0,,2.3,0.0014
2019-10-03 23:59:00,65.0,0.0,0.0,,3.5,0.0021
2019-10-04 23:59:00,66.0,0.0,0.0,,7.3,0.0236
2019-10-05 23:59:00,66.0,0.0,0.0,,5.2,0.0224
2019-10-06 23:59:00,65.0,0.0,0.0,,6.5,0.0039
2019-10-07 23:59:00,67.0,0.0,0.0,,3.4,0.0405
2019-10-08 23:59:00,69.0,0.0,0.0,,3.5,0.0791
2019-10-09 23:59:00,68.0,0.0,0.0,,9.1,0.0632
2019-10-10 23:59:00,55.0,0.0,0.0,,15.7,0.0094
2019-10-11 23:59:00,52.0,0.0,0.0,,5.2,0.0031
2019-10-12 23:59:00,56.0,0.0,0.0,,2.1,0.0013
2019-10-13 23:59:00,59.0,0.0,0.0,,2.9,0.0017
2019-10-14 23:59:00,61.0,0.0,0.0,,3.3,0.002
2019-10-15 23:59:00,64.0,0.0,0.0,,2.4,0.0014
2019-10-17 23:59:00,68.0,0.0,0.0,,9.2,0.0633
2019-10-18 23:59:00,63.0,0.0,0.0,,8.3,0.005
2019-10-19 23:59:00,,0.0,0.0,,3.4,
2019-10-20 23:59:00,58.0,0.0,0.0,,5.6,0.0034
2019-10-21 23:59:00,57.0,0.0,0.0,,2.6,0.0016
2019-10-22 23:59:00,,0.0,0.0,,2.1,
2019-10-23 23:59:00,61.0,0.0,0.0,,5.6,0.0034
2019-10-24 23:59:00,61.0,0.0,0.0,,12.1,0.0073
2019-10-25 23:59:00,58.0,0.0,0.0,,3.2,0.0019
2019-10-26 23:59:00,60.0,0.0,0.0,,2.9,0.0017
2019-10-27 23:59:00,52.0,0.0,0.0,,10.7,0.0064
2019-10-28 23:59:00,,0.0,0.0,,8.8,
2019-10-29 23:59:00,44.0,0.0,0.0,,12.5,0.0075
2019-10-30 23:59:00,37.0,0.0,0.0,,6.9,0.0041
2019-10-31 23:59:00,40.0,0.0,0.0,,2.3,0.0014
2019-11-01 23:59:00,47.0,0.0,0.0,,2.9,0.0017
2019-11-02 23:59:00,52.0,0.0,0.0,,2.3,0.0014
2019-11-03 23:59:00,53.0,0.0,0.0,,1.4,0.0008
2019-11-04 23:59:00,55.0,0.0,0.0,,1.7,0.001
2019-11-05 23:59:00,58.0,0.0,0.0,,1.8,0.0011
2019-11-06 23:59:00,57.0,0.0,0.0,,1.9,0.0011
2019-11-07 23:59:00,56.0,0.0,0.0,,2.0,0.0012
2019-11-08 23:59:00,57.0,0.0,0.0,,0.9,0.0005
2019-11-09 23:59:00,56.0,0.0,0.0,,1.8,0.0011
2019-11-10 23:59:00,54.0,0.0,0.0,,1.6,0.001
2019-11-11 23:59:00,56.0,0.0,0.0,,3.5,0.0021
2019-11-12 23:59:00,55.0,0.0,0.0,,2.4,0.0014
2019-11-13 23:59:00,54.0,0.0,0.0,,2.1,0.0013
2019-11-14 23:59:00,53.0,0.0,0.0,,0.5,0.0003
2019-11-15 23:59:00,59.0,0.0,0.0,,3.0,0.0018
2019-11-16 23:59:00,57.0,0.0,0.0,,4.3,0.0026
2019-11-17 23:59:00,57.0,0.0,0.0,,3.5,0.0021
2019-11-18 23:59:00,56.0,0.0,0.0,,1.6,0.001
2019-11-19 23:59:00,,0.0,0.0,,0.0,
2019-11-20 23:59:00,,0.0,0.0,,0.0,
2019-11-21 23:59:00,,0.0,0.0,,0.0,
2019-11-22 23:59:00,,0.0,0.0,,3.3,
2019-11-24 23:59:00,45.0,0.0,0.0,,2.7,0.0016
2019-11-25 23:59:00,,0.0,0.0,,6.4,
2019-11-26 23:59:00,,0.0,0.0,,4.0,
2019-11-27 23:59:00,,0.0,0.0,,14.5,
2019-11-28 23:59:00,41.0,0.0,0.0,,5.5,0.0033
2019-11-29 23:59:00,39.0,0.0,0.0,,6.9,0.0041
2019-11-30 23:59:00,38.0,0.0,0.0,,4.4,0.0026
2019-12-01 23:59:00,40.0,0.0,0.0,,4.4,0.0026
2019-12-02 23:59:00,45.0,0.0,0.0,,5.0,0.003
2019-12-03 23:59:00,44.0,0.0,0.0,,1.0,0.0006
2019-12-04 23:59:00,48.0,0.0,0.0,,2.7,0.0016
2019-12-05 23:59:00,50.0,0.0,0.0,,5.4,0.0032
2019-12-06 23:59:00,50.0,0.0,0.0,,2.5,0.0015
2019-12-07 23:59:00,52.0,0.0,0.0,,3.2,0.0019
2019-12-08 23:59:00,49.0,0.0,0.0,,4.0,0.0024
2019-12-09 23:59:00,46.0,0.0,0.0,,3.1,0.0019
2019-12-10 23:59:00,43.0,0.0,0.0,,2.7,0.0016
2019-12-11 23:59:00,42.0,0.0,0.0,,1.7,0.001
2019-12-12 23:59:00,43.0,0.0,0.0,,0.8,0.0005
2019-12-13 23:59:00,,0.0,0.0,,1.6,
2019-12-14 23:59:00,47.0,0.0,0.0,,2.2,0.0013
2019-12-15 23:59:00,40.0,0.01,0.01,,6.0,0.0048
2019-12-16 23:59:00,38.0,0.0,0.01,,6.9,0.0053
2019-12-17 23:59:00,34.0,0.0,0.01,,5.1,0.0043
2019-12-18 23:59:00,38.0,0.0,0.01,,5.4,0.0044
2019-12-19 23:59:00,41.0,0.0,0.01,,3.0,0.003
2019-12-20 23:59:00,38.0,0.0,0.01,,1.8,0.0023
2019-12-21 23:59:00,41.0,0.0,0.01,,3.3,0.0032
2019-12-22 23:59:00,45.0,0.0,0.0,,6.2,0.0037
2019-12-23 23:59:00,47.0,0.05,0.05,,5.1,0.0091
2019-12-24 23:59:00,47.0,0.08,0.13,,5.3,0.0188
2019-12-25 23:59:00,41.0,0.12,0.25,,3.9,0.0323
2019-12-26 23:59:00,39.0,0.0,0.25,,4.2,0.0325
2019-12-27 23:59:00,39.0,0.02,0.27,,6.1,0.0361
2019-12-28 23:59:00,37.0,0.0,0.27,,7.6,0.037
2019-12-29 23:59:00,34.0,0.0,0.27,,3.2,0.0343
2019-12-30 23:59:00,38.0,0.0,0.22,,2.1,0.0277
2019-12-31 23:59:00,38.0,0.0,0.13999999999999999,,3.1,0.0187
2020-01-01 23:59:00,34.0,0.03,0.05,,3.7,0.0082
2020-01-02 23:59:00,39.0,0.0,0.05,,3.7,0.0082
2020-01-03 23:59:00,40.0,0.0,0.03,,2.3,0.005
2020-01-04 23:59:00,41.0,0.0,0.03,,1.9,0.0047
2020-01-05 23:59:00,42.0,0.0,0.03,,1.5,0.0045
2020-01-06 23:59:00,40.0,0.0,0.03,,1.7,0.0046
2020-01-07 23:59:00,41.0,0.0,0.03,,4.1,0.0061
2020-01-08 23:59:00,44.0,0.0,0.0,,6.4,0.0038
2020-01-09 23:59:00,42.0,0.0,0.0,,1.8,0.0011
2020-01-10 23:59:00,39.0,0.0,0.0,,4.2,0.0025
2020-01-11 23:59:00,35.0,0.0,0.0,,2.4,0.0014
2020-01-12 23:59:00,36.0,0.0,0.0,,1.2,0.0007
2020-01-13 23:59:00,39.0,0.0,0.0,,1.4,0.0008
2020-01-14 23:59:00,40.0,0.0,0.0,,1.8,0.0011
2020-01-15 23:59:00,39.0,0.0,0.0,,0.9,0.0005
2020-01-16 23:59:00,41.0,0.0,0.0,,3.9,0.0023
2020-01-17 23:59:00,44.0,0.0,0.0,,11.5,0.0069
2020-01-18 23:59:00,39.0,0.0,0.0,,2.3,0.0014
2020-01-19 23:59:00,41.0,0.0,0.0,,2.3,0.0014
2020-01-20 23:59:00,46.0,0.0,0.0,,3.7,0.0022
2020-01-21 23:59:00,46.0,0.0,0.0,,4.1,0.0025
2020-01-22 23:59:00,44.0,0.0,0.0,,2.3,0.0014
2020-01-23 23:59:00,45.0,0.0,0.0,,1.7,0.001
2020-01-24 23:59:00,46.0,0.0,0.0,,1.7,0.001
2020-01-25 23:59:00,47.0,0.0,0.0,,2.2,0.0013
2020-01-26 23:59:00,47.0,0.0,0.0,,2.1,0.0013
2020-01-27 23:59:00,49.0,0.01,0.01,,3.3,0.0032
2020-01-28 23:59:00,42.0,0.0,0.01,,1.9,0.0023
2020-01-29 23:59:00,43.0,0.0,0.01,,8.9,0.0065
2020-01-30 23:59:00,,0.0,0.01,,6.2,
2020-01-31 23:59:00,43.0,0.0,0.01,,2.7,0.0028
2020-02-01 23:59:00,47.0,0.0,0.01,,1.7,0.0022
2020-02-02 23:59:00,50.0,0.0,0.01,,7.3,0.0056
2020-02-03 23:59:00,43.0,0.0,0.0,,16.6,0.01
2020-02-04 23:59:00,31.0,0.0,0.0,,14.7,0.0088
2020-02-05 23:59:00,33.0,0.0,0.0,,3.6,0.0022
2020-02-06 23:59:00,39.0,0.0,0.0,,1.4,0.0008
2020-02-07 23:59:00,46.0,0.0,0.0,,3.3,0.002
2020-02-08 23:59:00,47.0,0.0,0.0,,4.5,0.0027
2020-02-09 23:59:00,47.0,0.0,0.0,,14.3,0.0086
2020-02-10 23:59:00,46.0,0.0,0.0,,12.7,0.0076
2020-02-11 23:59:00,44.0,0.0,0.0,,15.6,0.0094
2020-02-12 23:59:00,43.0,0.0,0.0,,2.8,0.0017
2020-02-13 23:59:00,44.0,0.0,0.0,,4.0,0.0024
2020-02-14 23:59:00,44.0,0.0,0.0,,3.0,0.0018
2020-02-15 23:59:00,46.0,0.0,0.0,,2.8,0.0017
2020-02-16 23:59:00,48.0,0.0,0.0,,2.5,0.0015
2020-02-17 23:59:00,52.0,0.0,0.0,,6.1,0.0037
2020-02-18 23:59:00,45.0,0.0,0.0,,3.6,0.0022
2020-02-19 23:59:00,46.0,0.0,0.0,,4.8,0.0029
2020-02-20 23:59:00,45.0,0.0,0.0,,2.9,0.0017
2020-02-21 23:59:00,50.0,0.0,0.0,,3.0,0.0018
2020-02-22 23:59:00,51.0,0.8,0.8,,6.1,0.0637
2020-02-23 23:59:00,50.0,0.14,0.9400000000000001,,4.8,0.0629
2020-02-24 23:59:00,48.0,0.0,0.9400000000000001,,5.3,0.0632
2020-02-25 23:59:00,46.0,0.0,0.9400000000000001,,16.1,0.0697
2020-02-26 23:59:00,45.0,0.0,0.9400000000000001,,1.0,0.0606
2020-02-27 23:59:00,47.0,0.0,0.9400000000000001,,2.0,0.0612
2020-02-28 23:59:00,50.0,0.0,0.9400000000000001,,3.1,0.0619
2020-02-29 23:59:00,50.0,0.0,0.14,,1.8,0.0179
2020-03-01 23:59:00,52.0,0.05,0.05,,9.9,0.0119
2020-03-02 23:59:00,48.0,0.09,0.14,,9.1,0.0223
2020-03-04 23:59:00,,0.0,0.14,,0.0,
2020-03-05 23:59:00,56.0,0.0,0.14,,3.9,0.0191
2020-03-06 23:59:00,59.0,0.0,0.14,,3.9,0.0191
2020-03-07 23:59:00,60.0,0.0,0.14,,9.4,0.0224
2020-03-08 23:59:00,57.0,0.0,0.14,,5.8,0.0203
2020-03-09 23:59:00,55.0,0.0,0.09,,4.9,0.0137
2020-03-10 23:59:00,57.0,0.0,0.0,,5.7,0.0034
2020-03-11 23:59:00,59.0,0.4,0.4,,5.3,0.0512
2020-03-12 23:59:00,59.0,0.35,0.75,,4.1,0.0625
2020-03-13 23:59:00,49.0,0.9,1.65,,6.0,0.0636
2020-03-14 23:59:00,56.0,0.05,1.7,,8.8,0.0653
2020-03-15 23:59:00,58.0,0.0,1.7,,9.8,0.0659
2020-03-16 23:59:00,56.0,0.0,1.7,,9.1,0.0655
2020-03-17 23:59:00,53.0,0.0,1.7,,9.5,0.0657
2020-03-18 23:59:00,46.0,0.23,1.5299999999999998,,5.8,0.0635
2020-03-19 23:59:00,50.0,0.03,1.21,,7.1,0.0643
2020-03-20 23:59:00,47.0,0.18,0.49,,4.5,0.0615
2020-03-21 23:59:00,50.0,0.0,0.44000000000000006,,2.4,0.0542
2020-03-22 23:59:00,51.0,0.0,0.44000000000000006,,2.4,0.0542
2020-03-23 23:59:00,51.0,0.34,0.78,,4.8,0.0629
2020-03-24 23:59:00,52.0,0.0,0.78,,6.3,0.0638
2020-03-25 23:59:00,58.0,0.0,0.55,,10.8,0.0665
2020-03-26 23:59:00,50.0,0.0,0.52,,8.7,0.0652
2020-03-27 23:59:00,46.0,0.0,0.33999999999999997,,8.7,0.046
2020-03-28 23:59:00,47.0,0.0,0.33999999999999997,,3.2,0.0427
2020-03-29 23:59:00,52.0,0.0,0.33999999999999997,,4.6,0.0436
2020-03-30 23:59:00,53.0,0.0,0.0,,4.9,0.0029
2020-03-31 23:59:00,57.0,0.0,0.0,,5.2,0.0031
2020-04-01 23:59:00,59.0,0.0,0.0,,3.5,0.0021
2020-04-02 23:59:00,56.0,0.0,0.0,,10.5,0.0063
2020-04-03 23:59:00,53.0,0.0,0.0,,3.9,0.0023
2020-04-04 23:59:00,57.0,0.0,0.0,,5.5,0.0033
2020-04-05 23:59:00,63.0,0.0,0.0,,14.9,0.0089
2020-04-06 23:59:00,60.0,0.0,0.0,,10.6,0.0064
2020-04-07 23:59:00,61.0,0.0,0.0,,5.9,0.0035
2020-04-08 23:59:00,61.0,0.49,0.49,,8.6,0.064
2020-04-09 23:59:00,51.0,0.0,0.49,,6.1,0.0625
2020-04-10 23:59:00,54.0,0.0,0.49,,6.8,0.0629
2020-04-11 23:59:00,56.0,0.0,0.49,,5.8,0.0623
2020-04-12 23:59:00,60.0,0.01,0.5,,7.9,0.0647
2020-04-13 23:59:00,55.0,0.0,0.5,,10.4,0.0662
2020-04-14 23:59:00,52.0,0.0,0.5,,6.5,0.0639
2020-04-15 23:59:00,55.0,0.0,0.01,,6.2,0.0049
2020-04-16 23:59:00,59.0,0.0,0.01,,7.8,0.0059
2020-04-17 23:59:00,62.0,0.0,0.01,,8.7,0.0064
2020-04-18 23:59:00,60.0,0.0,0.01,,7.3,0.0056
2020-04-19 23:59:00,60.0,0.0,0.0,,6.9,0.0041
2020-04-20 23:59:00,62.0,0.0,0.0,,8.1,0.0049
2020-04-21 23:59:00,60.0,0.2,0.2,,4.1,0.0265
2020-04-22 23:59:00,63.0,0.0,0.2,,4.5,0.0267
2020-04-23 23:59:00,68.0,0.0,0.2,,6.9,0.0859
2020-04-24 23:59:00,69.0,0.0,0.2,,6.0,0.1046
2020-04-25 23:59:00,69.0,0.0,0.2,,3.8,0.1033
2020-04-26 23:59:00,71.0,0.0,0.2,,3.8,0.1418
2020-04-27 23:59:00,72.0,0.0,0.2,,5.7,0.1622
2020-04-28 23:59:00,74.0,0.0,0.0,,4.7,0.1761
2020-04-29 23:59:00,77.0,0.0,0.0,,5.1,0.2341
2020-04-30 23:59:00,78.0,0.0,0.0,,5.7,0.2537
2020-05-01 23:59:00,76.0,0.0,0.0,,8.0,0.2166
2020-05-02 23:59:00,74.0,0.0,0.0,,6.1,0.1769
2020-05-03 23:59:00,71.0,0.0,0.0,,7.0,0.1197
2020-05-04 23:59:00,71.0,0.0,0.0,,7.2,0.1198
2020-05-05 23:59:00,71.0,0.0,0.0,,4.0,0.1179
2020-05-06 23:59:00,74.0,0.0,0.0,,4.7,0.1761
2020-05-07 23:59:00,76.0,0.0,0.0,,9.3,0.2173
2020-05-08 23:59:00,73.0,0.0,0.0,,5.1,0.1571
2020-05-09 23:59:00,76.0,0.0,0.0,,5.3,0.2149
2020-05-10 23:59:00,76.0,0.0,0.0,,9.4,0.2174
2020-05-11 23:59:00,78.0,0.0,0.0,,15.8,0.2597
2020-05-12 23:59:00,74.0,0.0,0.0,,16.1,0.1829
2020-05-13 23:59:00,69.0,0.0,0.0,,7.5,0.0815
2020-05-14 23:59:00,70.0,0.0,0.0,,7.0,0.1004
2020-05-15 23:59:00,72.0,0.0,0.0,,5.6,0.1381
2020-05-16 23:59:00,74.0,0.0,0.0,,6.5,0.1772
2020-05-17 23:59:00,78.0,0.0,0.0,,10.9,0.2568
2020-05-18 23:59:00,78.0,0.0,0.0,,19.1,0.2617
2020-05-19 23:59:00,67.0,0.0,0.0,,17.3,0.0489
2020-05-20 23:59:00,61.0,0.0,0.0,,6.9,0.0041
2020-05-21 23:59:00,66.0,0.0,0.0,,4.9,0.0222
2020-05-22 23:59:00,69.0,0.0,0.0,,13.4,0.085
2020-05-23 23:59:00,67.0,0.0,0.0,,12.8,0.0462
2020-05-24 23:59:00,66.0,0.0,0.0,,9.1,0.0247
2020-05-25 23:59:00,72.0,0.0,0.0,,6.2,0.1385
2020-05-26 23:59:00,78.0,0.0,0.0,,6.3,0.254
2020-05-27 23:59:00,84.0,0.0,0.0,,5.8,0.3692
2020-05-28 23:59:00,87.0,0.0,0.0,,4.9,0.4264
2020-05-29 23:59:00,86.0,0.0,0.0,,7.2,0.4086
2020-05-30 23:59:00,88.0,0.0,0.0,,10.9,0.4493
2020-05-31 23:59:00,83.0,0.0,0.0,,7.7,0.3511
2020-06-01 23:59:00,81.0,0.0,0.0,,6.8,0.3121
2020-06-02 23:59:00,81.0,0.0,0.0,,4.6,0.3108
2020-06-03 23:59:00,85.0,0.0,0.0,,4.5,0.3877
2020-06-04 23:59:00,86.0,0.0,0.0,,5.2,0.4074
2020-06-05 23:59:00,89.0,0.0,0.0,,12.4,0.4694
2020-06-06 23:59:00,79.0,0.0,0.0,,18.4,0.2805
2020-06-07 23:59:00,73.0,0.0,0.0,,12.3,0.1614
2020-06-08 23:59:00,66.0,0.0,0.0,,11.5,0.0262
2020-06-09 23:59:00,68.0,0.0,0.0,,6.2,0.0615
2020-06-10 23:59:00,75.0,0.0,0.0,,4.0,0.1949
2020-06-11 23:59:00,81.0,0.0,0.0,,7.6,0.3126
2020-06-12 23:59:00,85.0,0.0,0.0,,11.8,0.3921
2020-06-13 23:59:00,80.0,0.0,0.0,,12.7,0.2964
2020-06-14 23:59:00,77.0,0.0,0.0,,6.8,0.2351
2020-06-15 23:59:00,80.0,0.0,0.0,,8.3,0.2937
2020-06-16 23:59:00,84.0,0.0,0.0,,20.3,0.3777
2020-06-17 23:59:00,81.0,0.0,0.0,,10.7,0.3144
2020-06-18 23:59:00,78.0,0.0,0.0,,10.0,0.2563
2020-06-19 23:59:00,79.0,0.0,0.0,,5.6,0.2729
2020-06-20 23:59:00,82.0,0.0,0.0,,6.5,0.3312
2020-06-21 23:59:00,85.0,0.0,0.0,,6.6,0.389
2020-06-22 23:59:00,87.0,0.0,0.0,,6.0,0.4271
2020-06-23 23:59:00,89.0,0.0,0.0,,5.8,0.4655
2020-06-24 23:59:00,89.0,0.0,0.0,,6.9,0.4661
2020-06-25 23:59:00,88.0,0.0,0.0,,8.3,0.4477
2020-06-26 23:59:00,89.0,0.0,0.0,,5.7,0.4654
2020-06-27 23:59:00,87.0,0.0,0.0,,8.6,0.4287
2020-06-28 23:59:00,91.0,0.0,0.0,,23.9,0.5125
2020-06-29 23:59:00,77.0,0.0,0.0,,11.7,0.238
2020-06-30 23:59:00,72.0,0.0,0.0,,5.6,0.1381
2020-07-01 23:59:00,79.0,0.0,0.0,,7.0,0.2737
2020-07-02 23:59:00,84.0,0.0,0.0,,10.3,0.3719
2020-07-03 23:59:00,86.0,0.0,0.0,,9.7,0.4101
2020-07-04 23:59:00,88.0,0.0,0.0,,7.9,0.4475
2020-07-05 23:59:00,87.0,0.0,0.0,,6.4,0.4273
2020-07-06 23:59:00,89.0,0.0,0.0,,8.7,0.4672
2020-07-07 23:59:00,89.0,0.0,0.0,,9.6,0.4678
2020-07-08 23:59:00,88.0,0.0,0.0,,6.4,0.4466
2020-07-09 23:59:00,87.0,0.0,0.0,,7.0,0.4277
2020-07-10 23:59:00,86.0,0.0,0.0,,5.6,0.4076
2020-07-11 23:59:00,92.0,0.0,0.0,,5.6,0.5231
2020-07-12 23:59:00,93.0,0.0,0.0,,7.6,0.5436
2020-07-13 23:59:00,97.0,0.0,0.0,,11.1,0.6227
2020-07-14 23:59:00,94.0,0.0,0.0,,8.8,0.5635
2020-07-15 23:59:00,88.0,0.0,0.0,,6.6,0.4467
2020-07-16 23:59:00,90.0,0.0,0.0,,8.0,0.486
2020-07-17 23:59:00,90.0,0.0,0.0,,8.3,0.4862
2020-07-18 23:59:00,90.0,0.0,0.0,,5.8,0.4847
2020-07-19 23:59:00,90.0,0.0,0.0,,7.0,0.4854
2020-07-20 23:59:00,91.0,0.0,0.0,,9.1,0.506
2020-07-21 23:59:00,92.0,0.0,0.0,,9.2,0.5253
2020-07-22 23:59:00,90.0,0.0,0.0,,9.8,0.4871
2020-07-23 23:59:00,89.0,0.0,0.0,,11.6,0.469
2020-07-24 23:59:00,85.0,0.0,0.0,,11.4,0.3918
2020-07-25 23:59:00,86.0,0.0,0.0,,8.1,0.4091
2020-07-26 23:59:00,88.0,0.0,0.0,,5.5,0.446
2020-07-27 23:59:00,91.0,0.0,0.0,,6.9,0.5046
2020-07-28 23:59:00,90.0,0.0,0.0,,8.0,0.486
2020-07-29 23:59:00,88.0,0.0,0.0,,4.3,0.4453
2020-07-30 23:59:00,,0.0,0.0,,4.6,
2020-07-31 23:59:00,93.0,0.0,0.0,,6.4,0.5428
2020-08-01 23:59:00,94.0,0.0,0.0,,7.3,0.5626
2020-08-02 23:59:00,91.0,0.0,0.0,,7.0,0.5047
2020-08-03 23:59:00,87.0,0.0,0.0,,6.3,0.4273
2020-08-04 23:59:00,88.0,0.0,0.0,,6.4,0.4466
2020-08-05 23:59:00,89.0,0.0,0.0,,8.7,0.4672
2020-08-06 23:59:00,87.0,0.0,0.0,,9.2,0.429
2020-08-07 23:59:00,85.0,0.0,0.0,,7.9,0.3897
2020-08-08 23:59:00,84.0,0.0,0.0,,5.9,0.3693
2020-08-09 23:59:00,84.0,0.0,0.0,,5.2,0.3689
2020-08-10 23:59:00,84.0,0.0,0.0,,7.4,0.3702
2020-08-11 23:59:00,84.0,0.0,0.0,,6.7,0.3698
2020-08-12 23:59:00,86.0,0.0,0.0,,6.8,0.4083
2020-08-13 23:59:00,86.0,0.0,0.0,,4.5,0.407
2020-08-14 23:59:00,90.0,0.0,0.0,,4.1,0.4837
2020-08-15 23:59:00,91.0,0.0,0.0,,2.9,0.5022
2020-08-16 23:59:00,94.0,0.0,0.0,,4.8,0.5611
2020-08-17 23:59:00,96.0,0.0,0.0,,4.0,0.5992
2020-08-18 23:59:00,94.0,0.0,0.0,,5.3,0.5614
2020-08-19 23:59:00,95.0,0.0,0.0,,6.3,0.5813
2020-08-20 23:59:00,92.0,0.0,0.0,,6.6,0.5237
2020-08-21 23:59:00,90.0,0.0,0.0,,5.6,0.4846
2020-08-22 23:59:00,92.0,0.0,0.0,,8.0,0.5246
2020-08-23 23:59:00,88.0,0.04,0.04,,9.6,0.4533
2020-08-24 23:59:00,86.0,0.0,0.04,,3.3,0.411
2020-08-25 23:59:00,89.0,0.0,0.04,,6.2,0.4705
2020-08-26 23:59:00,91.0,0.0,0.04,,7.3,0.5097
2020-08-27 23:59:00,90.0,0.0,0.04,,6.3,0.4898
2020-08-28 23:59:00,89.0,0.0,0.04,,6.5,0.4707
2020-08-29 23:59:00,88.0,0.0,0.04,,8.5,0.4526
2020-08-30 23:59:00,84.0,0.0,0.0,,6.7,0.3698
2020-08-31 23:59:00,83.0,0.0,0.0,,7.8,0.3512
2020-09-01 23:59:00,82.0,0.0,0.0,,7.3,0.3316
2020-09-02 23:59:00,83.0,0.0,0.0,,6.6,0.3505
2020-09-03 23:59:00,88.0,0.0,0.0,,5.6,0.4461
2020-09-04 23:59:00,88.0,0.0,0.0,,4.3,0.4453
2020-09-05 23:59:00,89.0,0.0,0.0,,4.6,0.4648
2020-09-06 23:59:00,91.0,0.0,0.0,,5.9,0.504
2020-09-07 23:59:00,88.0,0.0,0.0,,5.3,0.4459
2020-09-08 23:59:00,71.0,0.0,0.0,,18.9,0.1268
2020-09-09 23:59:00,66.0,0.0,0.0,,17.7,0.0299
2020-09-10 23:59:00,68.0,0.0,0.0,,4.9,0.0607
2020-09-11 23:59:00,73.0,0.0,0.0,,4.0,0.1564
2020-09-12 23:59:00,76.0,0.0,0.0,,3.0,0.2136
2020-09-13 23:59:00,80.0,0.0,0.0,,5.8,0.2922
2020-09-14 23:59:00,82.0,0.0,0.0,,5.2,0.3304
2020-09-15 23:59:00,81.0,0.0,0.0,,3.8,0.3103
2020-09-16 23:59:00,82.0,0.0,0.0,,3.2,0.3292
2020-09-17 23:59:00,82.0,0.0,0.0,,4.9,0.3302
2020-09-18 23:59:00,83.0,0.0,0.0,,6.1,0.3502
2020-09-19 23:59:00,85.0,0.0,0.0,,9.3,0.3906
2020-09-20 23:59:00,80.0,0.0,0.0,,6.2,0.2925
2020-09-21 23:59:00,81.0,0.0,0.0,,7.5,0.3125
2020-09-22 23:59:00,83.0,0.0,0.0,,7.2,0.3508
2020-09-23 23:59:00,80.0,0.0,0.0,,5.0,0.2918
2020-09-24 23:59:00,80.0,0.0,0.0,,4.2,0.2913
2020-09-25 23:59:00,79.0,0.0,0.0,,4.8,0.2724
2020-09-26 23:59:00,77.0,0.0,0.0,,4.3,0.2336
2020-09-27 23:59:00,77.0,0.0,0.0,,10.2,0.2371
2020-09-28 23:59:00,76.0,0.0,0.0,,12.0,0.219
2020-09-29 23:59:00,73.0,0.0,0.0,,2.9,0.1557
2020-09-30 23:59:00,75.0,0.0,0.0,,3.4,0.1945
2020-10-01 23:59:00,78.0,0.0,0.0,,4.6,0.253
2020-10-02 23:59:00,77.0,0.0,0.0,,3.4,0.233
2020-10-03 23:59:00,77.0,0.0,0.0,,2.7,0.2326
2020-10-04 23:59:00,76.0,0.0,0.0,,4.2,0.2143
2020-10-05 23:59:00,75.0,0.0,0.0,,4.0,0.1949
2020-10-06 23:59:00,74.0,0.0,0.0,,2.4,0.1747
2020-10-07 23:59:00,73.0,0.0,0.0,,3.5,0.1561
2020-10-08 23:59:00,73.0,0.0,0.0,,3.4,0.156
2020-10-09 23:59:00,75.0,0.0,0.0,,4.8,0.1954
2020-10-10 23:59:00,72.0,0.0,0.0,,5.2,0.1379
2020-10-11 23:59:00,72.0,0.0,0.0,,8.2,0.1397
2020-10-12 23:59:00,70.0,0.0,0.0,,4.1,0.0987
2020-10-13 23:59:00,69.0,0.0,0.0,,2.8,0.0787
2020-10-14 23:59:00,71.0,0.0,0.0,,4.5,0.1182
2020-10-15 23:59:00,71.0,0.0,0.0,,7.6,0.1201
2020-10-16 23:59:00,68.0,0.0,0.0,,3.2,0.0597
2020-10-17 23:59:00,68.0,0.0,0.0,,4.6,0.0605
2020-10-18 23:59:00,70.0,0.0,0.0,,4.4,0.0989
2020-10-19 23:59:00,70.0,0.0,0.0,,3.5,0.0984
2020-10-20 23:59:00,68.0,0.0,0.0,,3.0,0.0596
2020-10-23 23:59:00,60.0,0.0,0.0,,2.7,0.0016
2020-10-24 23:59:00,64.0,0.0,0.0,,3.1,0.0019
2020-10-25 23:59:00,58.0,0.0,0.0,,13.3,0.008
2020-10-26 23:59:00,41.0,0.0,0.0,,20.9,0.012
2020-10-27 23:59:00,47.0,0.0,0.0,,7.5,0.0045
2020-10-28 23:59:00,57.0,0.0,0.0,,6.5,0.0039
2020-10-29 23:59:00,60.0,0.0,0.0,,2.6,0.0016
2020-10-30 23:59:00,60.0,0.0,0.0,,1.3,0.0008
2020-10-31 23:59:00,60.0,0.0,0.0,,1.8,0.0011
2020-11-01 23:59:00,61.0,0.0,0.0,,1.5,0.0009
2020-11-02 23:59:00,61.0,0.0,0.0,,3.7,0.0022
2020-11-03 23:59:00,69.0,0.0,0.0,,4.2,0.0795
2020-11-04 23:59:00,65.0,0.0,0.0,,2.8,0.0017
2020-11-05 23:59:00,64.0,0.0,0.0,,2.0,0.0012
2020-11-06 23:59:00,70.0,0.0,0.0,,10.3,0.1024
2020-11-07 23:59:00,56.0,0.06,0.06,,13.4,0.0152
2020-11-08 23:59:00,43.0,0.11,0.16999999999999998,,8.5,0.0255
2020-11-09 23:59:00,41.0,0.01,0.18,,3.5,0.0237
2020-11-10 23:59:00,40.0,0.0,0.18,,3.1,0.0235
2020-11-11 23:59:00,43.0,0.0,0.18,,2.4,0.023
2020-11-12 23:59:00,46.0,0.0,0.18,,2.1,0.0229
2020-11-13 23:59:00,47.0,0.0,0.18,,2.0,0.0228
2020-11-14 23:59:00,49.0,0.0,0.12,,4.2,0.0169
2020-11-15 23:59:00,47.0,0.0,0.01,,1.2,0.0019
2020-11-16 23:59:00,50.0,0.0,0.0,,0.7,0.0004
2020-11-17 23:59:00,55.0,0.0,0.0,,2.7,0.0016
2020-11-18 23:59:00,65.0,0.0,0.0,,8.4,0.005
2020-11-19 23:59:00,58.0,0.0,0.0,,3.9,0.0023
2020-11-20 23:59:00,52.0,0.0,0.0,,2.3,0.0014
2020-11-21 23:59:00,55.0,0.0,0.0,,3.0,0.0018
2020-11-22 23:59:00,50.0,0.0,0.0,,1.5,0.0009
2020-11-23 23:59:00,45.0,0.0,0.0,,1.7,0.001
2020-11-24 23:59:00,47.0,0.0,0.0,,6.3,0.0038
2020-11-25 23:59:00,42.0,0.0,0.0,,3.5,0.0021
2020-11-26 23:59:00,42.0,0.0,0.0,,8.2,0.0049
2020-11-27 23:59:00,41.0,0.0,0.0,,5.8,0.0035
2020-11-28 23:59:00,39.0,0.0,0.0,,2.5,0.0015
2020-11-29 23:59:00,42.0,0.0,0.0,,1.4,0.0008
2020-11-30 23:59:00,43.0,0.0,0.0,,1.9,0.0011
2020-12-01 23:59:00,42.0,0.0,0.0,,6.9,0.0041
2020-12-02 23:59:00,41.0,0.0,0.0,,11.5,0.0069
2020-12-03 23:59:00,38.0,0.0,0.0,,2.4,0.0014
2020-12-04 23:59:00,38.0,0.0,0.0,,2.3,0.0014
2020-12-05 23:59:00,40.0,0.0,0.0,,2.1,0.0013
2020-12-06 23:59:00,40.0,0.0,0.0,,0.9,0.0005
2020-12-07 23:59:00,46.0,0.0,0.0,,4.1,0.0025
2020-12-08 23:59:00,44.0,0.0,0.0,,2.6,0.0016
2020-12-09 23:59:00,44.0,0.0,0.0,,1.3,0.0008
2020-12-10 23:59:00,49.0,0.0,0.0,,3.4,0.002
2020-12-11 23:59:00,40.0,0.0,0.0,,3.8,0.0023
2020-12-12 23:59:00,39.0,0.02,0.02,,7.5,0.0069
2020-12-13 23:59:00,33.0,0.0,0.02,,4.6,0.0052
2020-12-14 23:59:00,42.0,0.0,0.02,,6.0,0.006
2020-12-15 23:59:00,37.0,0.0,0.02,,4.3,0.005
2020-12-16 23:59:00,35.0,0.0,0.02,,1.8,0.0035
2020-12-17 23:59:00,41.0,0.0,0.02,,3.8,0.0047
2020-12-18 23:59:00,44.0,0.0,0.02,,5.2,0.0055
2020-12-19 23:59:00,38.0,0.0,0.0,,2.5,0.0015
2020-12-20 23:59:00,38.0,0.0,0.0,,1.8,0.0011
2020-12-21 23:59:00,43.0,0.0,0.0,,0.8,0.0005
2020-12-22 23:59:00,45.0,0.0,0.0,,4.9,0.0029
2020-12-23 23:59:00,39.0,0.0,0.0,,10.0,0.006
2020-12-24 23:59:00,33.0,0.0,0.0,,2.9,0.0017
2020-12-25 23:59:00,35.0,0.0,0.0,,2.1,0.0013
2020-12-26 23:59:00,36.0,0.0,0.0,,2.2,0.0013
2020-12-27 23:59:00,40.0,0.0,0.0,,2.3,0.0014
2020-12-28 23:59:00,38.0,0.0,0.0,,2.7,0.0016
2020-12-29 23:59:00,41.0,0.0,0.0,,3.9,0.0023
2020-12-30 23:59:00,34.0,0.0,0.0,,3.1,0.0019
2020-12-31 23:59:00,35.0,0.0,0.0,,3.2,0.0019
2021-01-01 23:59:00,38.0,0.0,0.0,,4.8,0.0029
2021-01-02 23:59:00,36.0,0.0,0.0,,1.9,0.0011
2021-01-03 23:59:00,38.0,0.0,0.0,,2.2,0.0013
2021-01-04 23:59:00,42.0,0.0,0.0,,3.3,0.002
2021-01-05 23:59:00,43.0,0.0,0.0,,2.8,0.0017
2021-01-06 23:59:00,41.0,0.0,0.0,,3.3,0.002
2021-01-07 23:59:00,39.0,0.0,0.0,,1.5,0.0009
2021-01-08 23:59:00,40.0,0.0,0.0,,1.7,0.001
2021-01-09 23:59:00,39.0,0.0,0.0,,9.0,0.0054
2021-01-10 23:59:00,37.0,0.0,0.0,,3.1,0.0019
2021-01-11 23:59:00,38.0,0.0,0.0,,4.8,0.0029
2021-01-12 23:59:00,35.0,0.0,0.0,,3.3,0.002
2021-01-13 23:59:00,38.0,0.0,0.0,,2.3,0.0014
2021-01-14 23:59:00,45.0,0.0,0.0,,4.3,0.0026
2021-01-15 23:59:00,47.0,0.0,0.0,,3.7,0.0022
2021-01-16 23:59:00,49.0,0.0,0.0,,4.1,0.0025
2021-01-17 23:59:00,46.0,0.0,0.0,,3.0,0.0018
2021-01-18 23:59:00,47.0,0.0,0.0,,6.7,0.004
2021-01-19 23:59:00,47.0,0.0,0.0,,8.4,0.005
2021-01-20 23:59:00,51.0,0.0,0.0,,3.0,0.0018
2021-01-21 23:59:00,49.0,0.0,0.0,,4.0,0.0024
2021-01-22 23:59:00,47.0,0.05,0.05,,3.9,0.0083
2021-01-23 23:59:00,46.0,0.07,0.12000000000000001,,6.2,0.0181
2021-01-24 23:59:00,40.0,0.0,0.12000000000000001,,3.9,0.0167
2021-01-25 23:59:00,38.0,0.41,0.53,,8.1,0.0649
2021-01-26 23:59:00,35.0,0.0,0.53,,7.1,0.0643
2021-01-27 23:59:00,39.0,0.0,0.53,,11.4,0.0668
2021-01-28 23:59:00,48.0,0.0,0.53,,12.6,0.0676
2021-01-29 23:59:00,,0.0,0.48,,0.0,
2021-01-30 23:59:00,39.0,0.0,0.41,,1.1,0.0499
2021-01-31 23:59:00,41.0,0.0,0.41,,1.2,0.0499
2021-02-01 23:59:00,49.0,0.0,0.0,,4.9,0.0029
2021-02-02 23:59:00,55.0,0.0,0.0,,4.1,0.0025
2021-02-03 23:59:00,53.0,0.0,0.0,,6.7,0.004
2021-02-04 23:59:00,45.0,0.0,0.0,,6.7,0.004
2021-02-05 23:59:00,45.0,0.0,0.0,,6.1,0.0037
2021-02-06 23:59:00,48.0,0.0,0.0,,4.4,0.0026
2021-02-07 23:59:00,46.0,0.0,0.0,,2.9,0.0017
2021-02-08 23:59:00,47.0,0.0,0.0,,2.3,0.0014
2021-02-09 23:59:00,49.0,0.0,0.0,,1.9,0.0011
2021-02-10 23:59:00,53.0,0.0,0.0,,3.5,0.0021
2021-02-11 23:59:00,50.0,0.0,0.0,,3.5,0.0021
2021-02-12 23:59:00,54.0,0.0,0.0,,4.3,0.0026
2021-02-13 23:59:00,47.0,0.1,0.1,,7.1,0.0163
2021-02-14 23:59:00,45.0,0.0,0.1,,8.4,0.017
2021-02-15 23:59:00,44.0,0.0,0.1,,3.9,0.0143
2021-02-16 23:59:00,48.0,0.0,0.1,,10.7,0.0184
2021-02-17 23:59:00,42.0,0.0,0.1,,8.0,0.0168
2021-02-18 23:59:00,39.0,0.0,0.1,,5.2,0.0151
2021-02-19 23:59:00,44.0,0.0,0.1,,3.1,0.0139
2021-02-20 23:59:00,43.0,0.0,0.0,,6.5,0.0039
2021-02-21 23:59:00,44.0,0.0,0.0,,4.6,0.0028
2021-02-22 23:59:00,48.0,0.0,0.0,,3.6,0.0022
2021-02-23 23:59:00,52.0,0.0,0.0,,3.7,0.0022
2021-02-24 23:59:00,49.0,0.0,0.0,,9.5,0.0057
2021-02-25 23:59:00,43.0,0.0,0.0,,7.9,0.0047
2021-02-26 23:59:00,42.0,0.0,0.0,,3.4,0.002
2021-02-27 23:59:00,45.0,0.0,0.0,,11.2,0.0067
2021-02-28 23:59:00,40.0,0.0,0.0,,7.1,0.0043
2021-03-01 23:59:00,44.0,0.0,0.0,,5.4,0.0032
2021-03-02 23:59:00,49.0,0.0,0.0,,2.9,0.0017
2021-03-03 23:59:00,54.0,0.0,0.0,,7.1,0.0043
2021-03-04 23:59:00,51.0,0.0,0.0,,4.0,0.0024
2021-03-05 23:59:00,55.0,0.0,0.0,,2.4,0.0014
2021-03-06 23:59:00,63.0,0.0,0.0,,9.1,0.0055
2021-03-07 23:59:00,56.0,0.0,0.0,,4.4,0.0026
2021-03-08 23:59:00,61.0,0.0,0.0,,10.5,0.0063
2021-03-09 23:59:00,53.0,0.0,0.0,,10.8,0.0065
2021-03-10 23:59:00,45.0,0.0,0.0,,9.0,0.0054
2021-03-11 23:59:00,42.0,0.15,0.15,,5.1,0.0211
2021-03-12 23:59:00,38.0,0.45,0.6,,3.7,0.0622
2021-03-13 23:59:00,41.0,0.28,0.8800000000000001,,5.1,0.0631
2021-03-14 23:59:00,48.0,0.0,0.8800000000000001,,7.7,0.0646
2021-03-15 23:59:00,52.0,0.02,0.9,,9.1,0.0655
2021-03-16 23:59:00,40.0,0.58,1.48,,4.7,0.0628
2021-03-17 23:59:00,49.0,0.0,1.48,,2.0,0.0612
2021-03-18 23:59:00,57.0,0.0,1.33,,4.8,0.0629
2021-03-19 23:59:00,57.0,0.0,0.88,,3.6,0.0622
2021-03-20 23:59:00,61.0,0.0,0.6,,18.0,0.0708
2021-03-21 23:59:00,51.0,0.0,0.6,,9.2,0.0655
2021-03-22 23:59:00,48.0,0.0,0.58,,7.5,0.0645
2021-03-23 23:59:00,53.0,0.0,0.0,,13.9,0.0083
2021-03-24 23:59:00,51.0,0.0,0.0,,6.6,0.004
2021-03-25 23:59:00,53.0,0.0,0.0,,12.2,0.0073
2021-03-26 23:59:00,52.0,0.0,0.0,,8.9,0.0053
2021-03-27 23:59:00,54.0,0.0,0.0,,6.8,0.0041
2021-03-28 23:59:00,59.0,0.0,0.0,,5.9,0.0035
2021-03-29 23:59:00,60.0,0.0,0.0,,8.2,0.0049
2021-03-30 23:59:00,53.0,0.0,0.0,,10.4,0.0062
2021-03-31 23:59:00,52.0,0.0,0.0,,3.8,0.0023
2021-04-01 23:59:00,58.0,0.0,0.0,,2.9,0.0017
2021-04-02 23:59:00,66.0,0.0,0.0,,3.4,0.0213
2021-04-03 23:59:00,69.0,0.0,0.0,,4.3,0.0796
2021-04-04 23:59:00,68.0,0.0,0.0,,3.9,0.0601
2021-04-05 23:59:00,68.0,0.0,0.0,,7.0,0.062
2021-04-06 23:59:00,61.0,0.0,0.0,,9.1,0.0055
2021-04-07 23:59:00,61.0,0.0,0.0,,4.1,0.0025
2021-04-08 23:59:00,64.0,0.0,0.0,,7.2,0.0043
2021-04-09 23:59:00,66.0,0.0,0.0,,6.2,0.023
2021-04-10 23:59:00,64.0,0.0,0.0,,5.4,0.0032
2021-04-11 23:59:00,65.0,0.0,0.0,,7.8,0.0047
2021-04-12 23:59:00,65.0,0.0,0.0,,6.5,0.0039
2021-04-13 23:59:00,68.0,0.0,0.0,,11.1,0.0644
2021-04-14 23:59:00,65.0,0.0,0.0,,13.0,0.0078
2021-04-15 23:59:00,58.0,0.0,0.0,,12.7,0.0076
2021-04-16 23:59:00,56.0,0.0,0.0,,8.9,0.0053
2021-04-17 23:59:00,59.0,0.0,0.0,,10.5,0.0063
2021-04-18 23:59:00,60.0,0.0,0.0,,8.1,0.0049
2021-04-19 23:59:00,64.0,0.0,0.0,,9.0,0.0054
2021-04-20 23:59:00,67.0,0.0,0.0,,8.5,0.0436
2021-04-21 23:59:00,69.0,0.0,0.0,,13.4,0.085
2021-04-24 23:59:00,,0.0,0.0,,12.6,
2021-04-25 23:59:00,73.0,0.0,0.0,,17.5,0.1645
2021-04-26 23:59:00,60.0,0.0,0.0,,13.6,0.0082
2021-04-27 23:59:00,54.0,0.27,0.27,,8.3,0.0374
2021-04-28 23:59:00,64.0,0.0,0.27,,8.6,0.0376
2021-04-29 23:59:00,69.0,0.0,0.27,,5.5,0.1127
2021-04-30 23:59:00,75.0,0.0,0.27,,5.4,0.2281
2021-05-01 23:59:00,75.0,0.0,0.27,,8.9,0.2302
2021-05-02 23:59:00,71.0,0.0,0.27,,10.9,0.1544
2021-05-03 23:59:00,66.0,0.0,0.27,,8.5,0.0568
2021-05-04 23:59:00,68.0,0.0,0.0,,5.9,0.0613
2021-05-05 23:59:00,72.0,0.0,0.0,,5.1,0.1378
2021-05-06 23:59:00,77.0,0.0,0.0,,7.3,0.2354
2021-05-07 23:59:00,77.0,0.0,0.0,,12.8,0.2387
2021-05-08 23:59:00,73.0,0.0,0.0,,12.3,0.1614
2021-05-09 23:59:00,68.0,0.0,0.0,,7.2,0.0621
2021-05-10 23:59:00,71.0,0.0,0.0,,8.3,0.1205
2021-05-11 23:59:00,71.0,0.0,0.0,,9.0,0.1209
2021-05-12 23:59:00,71.0,0.0,0.0,,5.8,0.119
2021-05-13 23:59:00,75.0,0.0,0.0,,5.5,0.1958
2021-05-14 23:59:00,77.0,0.0,0.0,,4.6,0.2338
2021-05-15 23:59:00,78.0,0.0,0.0,,14.0,0.2587
2021-05-16 23:59:00,74.0,0.0,0.0,,11.3,0.18
2021-05-17 23:59:00,69.0,0.0,0.0,,8.5,0.0821
2021-05-18 23:59:00,75.0,0.0,0.0,,7.2,0.1968
2021-05-19 23:59:00,79.0,0.0,0.0,,11.2,0.2762
2021-05-20 23:59:00,77.0,0.0,0.0,,20.1,0.243
2021-05-21 23:59:00,62.0,0.0,0.0,,18.0,0.0108
2021-05-22 23:59:00,58.0,0.0,0.0,,10.4,0.0062
2021-05-23 23:59:00,62.0,0.0,0.0,,7.4,0.0044
2021-05-24 23:59:00,67.0,0.0,0.0,,6.1,0.0422
2021-05-25 23:59:00,73.0,0.0,0.0,,7.8,0.1587
2021-05-26 23:59:00,80.0,0.0,0.0,,7.7,0.2934
2021-05-27 23:59:00,76.0,0.0,0.0,,5.3,0.2149
2021-05-28 23:59:00,78.0,0.0,0.0,,5.6,0.2536
2021-05-29 23:59:00,77.0,0.0,0.0,,6.2,0.2347
2021-05-30 23:59:00,79.0,0.0,0.0,,5.0,0.2725
2021-05-31 23:59:00,79.0,0.0,0.0,,7.2,0.2738
2021-06-01 23:59:00,82.0,0.0,0.0,,5.8,0.3307
2021-06-02 23:59:00,85.0,0.0,0.0,,6.0,0.3886
2021-06-03 23:59:00,87.0,0.0,0.0,,6.8,0.4276
2021-06-04 23:59:00,90.0,0.0,0.0,,7.0,0.4854
2021-06-05 23:59:00,87.0,0.0,0.0,,7.7,0.4281
2021-06-06 23:59:00,88.0,0.0,0.0,,10.8,0.4492
2021-06-07 23:59:00,83.0,0.0,0.0,,8.4,0.3515
2021-06-08 23:59:00,81.0,0.0,0.0,,12.8,0.3157
2021-06-09 23:59:00,82.0,0.0,0.0,,14.0,0.3356
2021-06-10 23:59:00,76.0,0.0,0.0,,10.1,0.2178
2021-06-11 23:59:00,76.0,0.0,0.0,,5.6,0.2151
2021-06-12 23:59:00,81.0,0.0,0.0,,4.3,0.3106
2021-06-13 23:59:00,85.0,0.0,0.0,,8.2,0.3899
2021-06-14 23:59:00,90.0,0.0,0.0,,5.1,0.4843
2021-06-15 23:59:00,92.0,0.0,0.0,,4.4,0.5224
2021-06-16 23:59:00,94.0,0.0,0.0,,5.1,0.5613
2021-06-17 23:59:00,96.0,0.0,0.0,,6.6,0.6007
2021-06-18 23:59:00,94.0,0.0,0.0,,6.6,0.5622
2021-06-19 23:59:00,95.0,0.0,0.0,,7.1,0.5818
2021-06-20 23:59:00,94.0,0.0,0.0,,7.9,0.563
2021-06-21 23:59:00,93.0,0.0,0.0,,7.6,0.5436
2021-06-22 23:59:00,90.0,0.0,0.0,,12.5,0.4888
2021-06-23 23:59:00,85.0,0.0,0.0,,12.0,0.3922
2021-06-24 23:59:00,83.0,0.0,0.0,,8.5,0.3516
2021-06-25 23:59:00,84.0,0.0,0.0,,6.3,0.3695
2021-06-26 23:59:00,86.0,0.0,0.0,,8.6,0.4094
2021-06-27 23:59:00,91.0,0.0,0.0,,9.3,0.5061
2021-06-28 23:59:00,91.0,0.0,0.0,,9.4,0.5061
2021-06-29 23:59:00,86.0,0.0,0.0,,11.4,0.4111
2021-06-30 23:59:00,82.0,0.0,0.0,,5.9,0.3308
2021-07-01 23:59:00,87.0,0.0,0.0,,8.0,0.4283
2021-07-02 23:59:00,88.0,0.0,0.0,,6.8,0.4468
2021-07-03 23:59:00,91.0,0.0,0.0,,8.2,0.5054
2021-07-04 23:59:00,90.0,0.0,0.0,,8.0,0.486
2021-07-05 23:59:00,92.0,0.0,0.0,,6.6,0.5237
2021-07-06 23:59:00,94.0,0.0,0.0,,4.7,0.5611
2021-07-07 23:59:00,97.0,0.0,0.0,,6.8,0.6201
2021-07-08 23:59:00,98.0,0.0,0.0,,6.8,0.6393
2021-07-09 23:59:00,99.0,0.0,0.0,,6.4,0.6583
2021-07-10 23:59:00,100.0,0.0,0.0,,7.4,0.6782
2021-07-11 23:59:00,99.0,0.0,0.0,,8.0,0.6593
2021-07-12 23:59:00,97.0,0.0,0.0,,7.8,0.6207
2021-07-13 23:59:00,88.0,0.0,0.0,,11.5,0.4496
2021-07-14 23:59:00,85.0,0.0,0.0,,9.2,0.3905
2021-07-15 23:59:00,83.0,0.0,0.0,,7.5,0.351
2021-07-16 23:59:00,84.0,0.0,0.0,,7.3,0.3701
2021-07-17 23:59:00,90.0,0.0,0.0,,6.0,0.4848
2021-07-18 23:59:00,87.0,0.0,0.0,,6.8,0.4276
2021-07-19 23:59:00,88.0,0.0,0.0,,5.2,0.4459
2021-07-20 23:59:00,89.0,0.0,0.0,,6.4,0.4658
2021-07-21 23:59:00,92.0,0.0,0.0,,9.7,0.5256
2021-07-22 23:59:00,85.0,0.0,0.0,,8.8,0.3903
2021-07-23 23:59:00,87.0,0.0,0.0,,8.1,0.4284
2021-07-24 23:59:00,86.0,0.0,0.0,,5.3,0.4074
2021-07-25 23:59:00,85.0,0.0,0.0,,5.4,0.3882
2021-07-26 23:59:00,81.0,0.0,0.0,,5.8,0.3115
2021-07-27 23:59:00,83.0,0.0,0.0,,4.8,0.3494
2021-07-28 23:59:00,88.0,0.0,0.0,,5.8,0.4462
2021-07-29 23:59:00,87.0,0.0,0.0,,8.1,0.4284
2021-07-30 23:59:00,83.0,0.0,0.0,,6.1,0.3502
2021-07-31 23:59:00,84.0,0.0,0.0,,9.0,0.3712
2021-08-01 23:59:00,85.0,0.0,0.0,,6.4,0.3888
2021-08-02 23:59:00,87.0,0.0,0.0,,6.0,0.4271
2021-08-03 23:59:00,92.0,0.0,0.0,,6.8,0.5238
2021-08-04 23:59:00,92.0,0.0,0.0,,3.6,0.5219
2021-08-05 23:59:00,94.0,0.0,0.0,,7.2,0.5626
2021-08-06 23:59:00,93.0,0.0,0.0,,13.5,0.5471
2021-08-07 23:59:00,85.0,0.0,0.0,,6.1,0.3887
2021-08-08 23:59:00,85.0,0.0,0.0,,5.2,0.3881
2021-08-09 23:59:00,87.0,0.0,0.0,,4.8,0.4264
2021-08-10 23:59:00,88.0,0.0,0.0,,7.1,0.447
2021-08-11 23:59:00,88.0,0.0,0.0,,7.0,0.447
2021-08-12 23:59:00,89.0,0.0,0.0,,9.7,0.4678
2021-08-13 23:59:00,92.0,0.0,0.0,,8.6,0.5249
2021-08-14 23:59:00,91.0,0.0,0.0,,5.6,0.5039
2021-08-15 23:59:00,89.0,0.0,0.0,,6.2,0.4657
2021-08-16 23:59:00,90.0,0.0,0.0,,6.0,0.4848
2021-08-17 23:59:00,90.0,0.0,0.0,,10.1,0.4873
2021-08-18 23:59:00,81.0,0.0,0.0,,20.0,0.32
2021-08-19 23:59:00,76.0,0.0,0.0,,8.8,0.217
2021-08-20 23:59:00,79.0,0.0,0.0,,4.4,0.2721
2021-08-21 23:59:00,84.0,0.0,0.0,,11.5,0.3726
2021-08-22 23:59:00,85.0,0.0,0.0,,7.8,0.3897
2021-08-23 23:59:00,84.0,0.0,0.0,,6.2,0.3695
2021-08-24 23:59:00,84.0,0.0,0.0,,4.8,0.3686
2021-08-25 23:59:00,84.0,0.0,0.0,,4.5,0.3684
2021-08-26 23:59:00,87.0,0.0,0.0,,6.5,0.4274
2021-08-27 23:59:00,83.0,0.0,0.0,,5.0,0.3495
2021-08-28 23:59:00,85.0,0.0,0.0,,4.6,0.3878
2021-08-29 23:59:00,88.0,0.0,0.0,,4.1,0.4452
2021-08-30 23:59:00,89.0,0.0,0.0,,8.1,0.4669
2021-08-31 23:59:00,,0.0,0.0,,9.3,
2021-09-01 23:59:00,75.0,0.0,0.0,,5.9,0.196
2021-09-02 23:59:00,80.0,0.0,0.0,,3.6,0.2909
2021-09-03 23:59:00,81.0,0.0,0.0,,4.1,0.3105
2021-09-04 23:59:00,83.0,0.0,0.0,,3.8,0.3488
2021-09-05 23:59:00,86.0,0.0,0.0,,3.4,0.4063
2021-09-06 23:59:00,87.0,0.0,0.0,,4.9,0.4264
2021-09-07 23:59:00,88.0,0.0,0.0,,5.0,0.4458
2021-09-08 23:59:00,88.0,0.0,0.0,,3.5,0.4448
2021-09-09 23:59:00,86.0,0.0,0.0,,5.2,0.4074
2021-09-10 23:59:00,88.0,0.0,0.0,,5.8,0.4462
2021-09-11 23:59:00,88.0,0.0,0.0,,7.0,0.447
2021-09-12 23:59:00,87.0,0.0,0.0,,5.8,0.427
2021-09-13 23:59:00,84.0,0.0,0.0,,5.4,0.369
2021-09-14 23:59:00,83.0,0.0,0.0,,4.2,0.349
2021-09-15 23:59:00,80.0,0.0,0.0,,4.1,0.2912
2021-09-16 23:59:00,81.0,0.0,0.0,,5.2,0.3111
2021-09-17 23:59:00,77.0,0.0,0.0,,6.9,0.2351
2021-09-18 23:59:00,75.0,0.0,0.0,,7.9,0.1972
2021-09-19 23:59:00,78.0,0.0,0.0,,6.9,0.2544
2021-09-20 23:59:00,74.0,0.0,0.0,,7.5,0.1778
2021-09-21 23:59:00,72.0,0.0,0.0,,4.7,0.1376
2021-09-22 23:59:00,77.0,0.0,0.0,,4.3,0.2336
2021-09-23 23:59:00,77.0,0.0,0.0,,3.4,0.233
2021-09-24 23:59:00,79.0,0.0,0.0,,4.9,0.2724
2021-09-25 23:59:00,77.0,0.0,0.0,,6.1,0.2347
2021-09-26 23:59:00,79.0,0.0,0.0,,5.4,0.2727
2021-09-27 23:59:00,77.0,0.0,0.0,,5.8,0.2345
2021-09-28 23:59:00,76.0,0.0,0.0,,8.9,0.2171
2021-09-29 23:59:00,68.0,0.0,0.0,,9.2,0.0633
2021-09-30 23:59:00,64.0,0.0,0.0,,6.5,0.0039
2021-10-01 23:59:00,68.0,0.0,0.0,,3.8,0.06
2021-10-02 23:59:00,70.0,0.0,0.0,,2.6,0.0978
2021-10-03 23:59:00,74.0,0.0,0.0,,5.1,0.1763
2021-10-04 23:59:00,74.0,0.0,0.0,,4.1,0.1757
2021-10-05 23:59:00,71.0,0.0,0.0,,8.0,0.1203
2021-10-06 23:59:00,69.0,0.0,0.0,,3.4,0.079
2021-10-07 23:59:00,68.0,0.0,0.0,,3.0,0.0596
2021-10-08 23:59:00,64.0,0.0,0.0,,7.2,0.0043
2021-10-09 23:59:00,62.0,0.0,0.0,,5.8,0.0035
2021-10-10 23:59:00,61.0,0.0,0.0,,4.5,0.0027
2021-10-11 23:59:00,62.0,0.0,0.0,,12.5,0.0075
2021-10-12 23:59:00,48.0,0.0,0.0,,10.3,0.0062
2021-10-13 23:59:00,51.0,0.0,0.0,,2.0,0.0012
2021-10-14 23:59:00,54.0,0.0,0.0,,7.0,0.0042
2021-10-15 23:59:00,56.0,0.0,0.0,,4.4,0.0026
2021-10-16 23:59:00,60.0,0.0,0.0,,2.5,0.0015
2021-10-17 23:59:00,64.0,0.0,0.0,,3.5,0.0021
2021-10-18 23:59:00,57.0,0.0,0.0,,14.5,0.0087
2021-10-19 23:59:00,52.0,0.0,0.0,,1.9,0.0011
2021-10-20 23:59:00,57.0,0.0,0.0,,2.6,0.0016
2021-10-21 23:59:00,58.0,0.0,0.0,,1.8,0.0011
2021-10-22 23:59:00,62.0,0.0,0.0,,3.0,0.0018
2021-10-23 23:59:00,63.0,0.0,0.0,,4.5,0.0027
2021-10-24 23:59:00,63.0,0.0,0.0,,5.2,0.0031
2021-10-25 23:59:00,64.0,0.01,0.01,,15.8,0.0107
2021-10-26 23:59:00,54.0,0.0,0.01,,9.5,0.0069
2021-10-27 23:59:00,54.0,0.0,0.01,,2.0,0.0024
2021-10-28 23:59:00,59.0,0.0,0.01,,2.6,0.0028
2021-10-29 23:59:00,61.0,0.0,0.01,,2.8,0.0029
2021-10-30 23:59:00,61.0,0.0,0.01,,2.2,0.0025
2021-10-31 23:59:00,63.0,0.0,0.01,,2.3,0.0026
2021-11-01 23:59:00,62.0,0.0,0.0,,2.7,0.0016
2021-11-02 23:59:00,62.0,0.0,0.0,,3.0,0.0018
2021-11-03 23:59:00,61.0,0.0,0.0,,3.2,0.0019
2021-11-04 23:59:00,60.0,0.0,0.0,,3.0,0.0018
2021-11-05 23:59:00,59.0,0.0,0.0,,1.3,0.0008
2021-11-06 23:59:00,60.0,0.0,0.0,,4.0,0.0024
2021-11-07 23:59:00,63.0,0.0,0.0,,4.9,0.0029
2021-11-08 23:59:00,61.0,0.0,0.0,,3.3,0.002
2021-11-09 23:59:00,,0.0,0.0,,0.0,
2021-11-10 23:59:00,58.0,0.0,0.0,,4.0,0.0024
2021-11-11 23:59:00,,0.0,0.0,,0.0,
2021-11-12 23:59:00,57.0,0.0,0.0,,2.8,0.0017
2021-11-13 23:59:00,58.0,0.0,0.0,,2.4,0.0014
2021-11-14 23:59:00,55.0,0.0,0.0,,0.5,0.0003
2021-11-15 23:59:00,56.0,0.0,0.0,,1.4,0.0008
2021-11-16 23:59:00,58.0,0.0,0.0,,3.0,0.0018
2021-11-17 23:59:00,54.0,0.0,0.0,,4.0,0.0024
2021-11-18 23:59:00,48.0,0.0,0.0,,3.1,0.0019
2021-11-19 23:59:00,53.0,0.0,0.0,,1.4,0.0008
2021-11-20 23:59:00,55.0,0.0,0.0,,6.7,0.004
2021-11-21 23:59:00,52.0,0.0,0.0,,7.6,0.0046
2021-11-22 23:59:00,48.0,0.0,0.0,,1.2,0.0007
2021-11-23 23:59:00,50.0,0.0,0.0,,1.8,0.0011
2021-11-24 23:59:00,47.0,0.0,0.0,,16.2,0.0097
2021-11-25 23:59:00,46.0,0.0,0.0,,6.0,0.0036
2021-11-26 23:59:00,44.0,0.0,0.0,,0.8,0.0005
2021-11-27 23:59:00,48.0,0.0,0.0,,1.9,0.0011
2021-11-28 23:59:00,50.0,0.0,0.0,,2.1,0.0013
2021-11-29 23:59:00,50.0,0.0,0.0,,1.0,0.0006
2021-11-30 23:59:00,53.0,0.0,0.0,,2.0,0.0012
2021-12-01 23:59:00,51.0,0.0,0.0,,2.1,0.0013
2021-12-02 23:59:00,50.0,0.0,0.0,,1.8,0.0011
2021-12-03 23:59:00,48.0,0.0,0.0,,0.6,0.0004
2021-12-04 23:59:00,49.0,0.0,0.0,,1.4,0.0008
2021-12-05 23:59:00,46.0,0.0,0.0,,2.4,0.0014
2021-12-06 23:59:00,45.0,0.0,0.0,,2.0,0.0012
2021-12-07 23:59:00,51.0,0.0,0.0,,3.4,0.002
2021-12-08 23:59:00,49.0,0.01,0.01,,2.7,0.0028
2021-12-09 23:59:00,49.0,0.03,0.04,,5.1,0.0079
2021-12-10 23:59:00,40.0,0.0,0.04,,11.4,0.0116
2021-12-11 23:59:00,35.0,0.0,0.04,,2.4,0.0062
2021-12-12 23:59:00,39.0,0.0,0.04,,2.3,0.0062
2021-12-13 23:59:00,41.0,0.0,0.04,,3.0,0.0066
2021-12-14 23:59:00,48.0,0.08,0.12,,10.7,0.0208
2021-12-15 23:59:00,38.0,0.0,0.11000000000000001,,7.2,0.0175
2021-12-16 23:59:00,36.0,0.0,0.08000000000000002,,2.5,0.0111
2021-12-17 23:59:00,35.0,0.0,0.08000000000000002,,2.4,0.011
2021-12-18 23:59:00,38.0,0.0,0.08000000000000002,,2.5,0.0111
2021-12-19 23:59:00,36.0,0.0,0.08000000000000002,,1.3,0.0104
2021-12-20 23:59:00,37.0,0.0,0.08000000000000002,,1.2,0.0103
2021-12-21 23:59:00,39.0,0.0,0.0,,1.4,0.0008
2021-12-22 23:59:00,37.0,0.0,0.0,,1.1,0.0007
2021-12-23 23:59:00,45.0,0.09,0.09,,4.0,0.0132
2021-12-24 23:59:00,51.0,0.15,0.24,,7.8,0.0335
2021-12-25 23:59:00,49.0,0.01,0.25,,8.3,0.035
2021-12-26 23:59:00,45.0,0.01,0.26,,15.8,0.0407
2021-12-27 23:59:00,40.0,0.0,0.26,,6.0,0.0348
2021-12-28 23:59:00,40.0,0.0,0.26,,7.1,0.0355
2021-12-29 23:59:00,41.0,0.0,0.26,,5.7,0.0346
2021-12-30 23:59:00,43.0,0.0,0.16999999999999998,,3.5,0.0225
2021-12-31 23:59:00,45.0,0.0,0.02,,5.8,0.0059
2022-01-01 23:59:00,34.0,0.0,0.01,,7.3,0.0056
2022-01-02 23:59:00,32.0,0.0,0.0,,2.7,0.0016
2022-01-03 23:59:00,38.0,0.0,0.0,,3.2,0.0019
2022-01-04 23:59:00,36.0,0.0,0.0,,1.8,0.0011
2022-01-06 23:59:00,42.0,0.0,0.0,,0.0,0.0
2022-01-07 23:59:00,44.0,0.0,0.0,,2.0,0.0012
2022-01-08 23:59:00,48.0,0.0,0.0,,6.1,0.0037
2022-01-09 23:59:00,43.0,0.0,0.0,,3.0,0.0018
2022-01-10 23:59:00,39.0,0.0,0.0,,1.6,0.001
2022-01-11 23:59:00,40.0,0.0,0.0,,3.1,0.0019
2022-01-12 23:59:00,43.0,0.0,0.0,,2.6,0.0016
2022-01-13 23:59:00,44.0,0.0,0.0,,1.9,0.0011
2022-01-14 23:59:00,45.0,0.0,0.0,,11.5,0.0069
2022-01-15 23:59:00,42.0,0.0,0.0,,3.1,0.0019
2022-01-16 23:59:00,39.0,0.0,0.0,,0.9,0.0005
2022-01-17 23:59:00,41.0,0.0,0.0,,1.1,0.0007
2022-01-18 23:59:00,43.0,0.0,0.0,,1.7,0.001
2022-01-19 23:59:00,43.0,0.0,0.0,,3.7,0.0022
2022-01-20 23:59:00,44.0,0.0,0.0,,3.1,0.0019
2022-01-21 23:59:00,43.0,0.0,0.0,,12.8,0.0077
2022-01-22 23:59:00,47.0,0.0,0.0,,13.4,0.008
2022-01-23 23:59:00,42.0,0.0,0.0,,3.6,0.0022
2022-01-24 23:59:00,44.0,0.0,0.0,,3.0,0.0018
2022-01-25 23:59:00,41.0,0.0,0.0,,9.0,0.0054
2022-01-26 23:59:00,40.0,0.0,0.0,,2.7,0.0016
2022-01-27 23:59:00,41.0,0.0,0.0,,12.5,0.0075
2022-01-28 23:59:00,41.0,0.0,0.0,,3.8,0.0023
2022-01-29 23:59:00,40.0,0.0,0.0,,1.6,0.001
2022-01-30 23:59:00,44.0,0.0,0.0,,1.4,0.0008
2022-01-31 23:59:00,42.0,0.0,0.0,,2.1,0.0013
2022-02-01 23:59:00,43.0,0.0,0.0,,6.1,0.0037
2022-02-02 23:59:00,35.0,0.0,0.0,,16.4,0.0098
2022-02-03 23:59:00,34.0,0.0,0.0,,10.5,0.0063
2022-02-04 23:59:00,38.0,0.0,0.0,,5.1,0.0031
2022-02-05 23:59:00,40.0,0.0,0.0,,2.7,0.0016
2022-02-06 23:59:00,44.0,0.0,0.0,,10.5,0.0063
2022-02-07 23:59:00,46.0,0.0,0.0,,3.1,0.0019
2022-02-08 23:59:00,49.0,0.0,0.0,,3.7,0.0022
2022-02-09 23:59:00,51.0,0.0,0.0,,8.2,0.0049
2022-02-10 23:59:00,54.0,0.0,0.0,,7.3,0.0044
2022-02-11 23:59:00,55.0,0.0,0.0,,7.6,0.0046
2022-02-12 23:59:00,54.0,0.0,0.0,,4.7,0.0028
2022-02-13 23:59:00,49.0,0.0,0.0,,1.1,0.0007
2022-02-14 23:59:00,48.0,0.0,0.0,,2.3,0.0014
2022-02-15 23:59:00,56.0,0.0,0.0,,11.9,0.0071
2022-02-16 23:59:00,47.0,0.0,0.0,,8.9,0.0053
2022-02-17 23:59:00,46.0,0.0,0.0,,5.5,0.0033
2022-02-18 23:59:00,46.0,0.0,0.0,,4.0,0.0024
2022-02-19 23:59:00,49.0,0.0,0.0,,3.2,0.0019
2022-02-20 23:59:00,49.0,0.0,0.0,,3.2,0.0019
2022-02-21 23:59:00,53.0,0.0,0.0,,11.5,0.0069
2022-02-22 23:59:00,41.0,0.02,0.02,,8.4,0.0074
2022-02-23 23:59:00,35.0,0.0,0.02,,8.5,0.0075
2022-02-24 23:59:00,33.0,0.0,0.02,,3.8,0.0047
2022-02-25 23:59:00,37.0,0.0,0.02,,4.5,0.0051
2022-02-26 23:59:00,39.0,0.0,0.02,,6.0,0.006
2022-02-27 23:59:00,40.0,0.0,0.02,,3.1,0.0043
2022-02-28 23:59:00,49.0,0.0,0.02,,4.5,0.0051
2022-03-01 23:59:00,54.0,0.0,0.0,,2.3,0.0014
2022-03-02 23:59:00,58.0,0.0,0.0,,1.3,0.0008
2022-03-03 23:59:00,59.0,0.0,0.0,,4.0,0.0024
2022-03-04 23:59:00,56.0,0.0,0.0,,10.5,0.0063
2022-03-05 23:59:00,46.0,0.01,0.01,,13.7,0.0094
2022-03-06 23:59:00,41.0,0.0,0.01,,4.9,0.0041
2022-03-07 23:59:00,43.0,0.0,0.01,,10.0,0.0072
2022-03-08 23:59:00,41.0,0.0,0.01,,3.8,0.0035
2022-03-09 23:59:00,46.0,0.0,0.01,,6.2,0.0049
2022-03-10 23:59:00,43.0,0.0,0.01,,15.2,0.0103
2022-03-11 23:59:00,42.0,0.0,0.01,,4.3,0.0038
2022-03-12 23:59:00,49.0,0.0,0.0,,2.8,0.0017
2022-03-13 23:59:00,51.0,0.0,0.0,,5.0,0.003
2022-03-14 23:59:00,55.0,0.0,0.0,,3.9,0.0023
2022-03-15 23:59:00,57.0,0.0,0.0,,3.2,0.0019
2022-03-16 23:59:00,57.0,0.0,0.0,,8.8,0.0053
2022-03-17 23:59:00,54.0,0.0,0.0,,5.5,0.0033
2022-03-18 23:59:00,55.0,0.0,0.0,,3.8,0.0023
2022-03-19 23:59:00,57.0,0.0,0.0,,5.7,0.0034
2022-03-20 23:59:00,55.0,0.01,0.01,,11.1,0.0079
2022-03-21 23:59:00,52.0,0.0,0.01,,15.2,0.0103
2022-03-22 23:59:00,55.0,0.0,0.01,,13.9,0.0095
2022-03-23 23:59:00,57.0,0.0,0.01,,6.0,0.0048
2022-03-24 23:59:00,61.0,0.0,0.01,,4.2,0.0037
2022-03-25 23:59:00,66.0,0.0,0.01,,3.5,0.0226
2022-03-26 23:59:00,68.0,0.0,0.01,,3.5,0.061
2022-03-27 23:59:00,68.0,0.0,0.0,,8.5,0.0628
2022-03-28 23:59:00,66.0,0.0,0.0,,15.7,0.0287
2022-03-29 23:59:00,55.0,0.01,0.01,,7.4,0.0056
2022-03-30 23:59:00,56.0,0.0,0.01,,4.9,0.0041
2022-03-31 23:59:00,62.0,0.0,0.01,,5.4,0.0044
2022-04-01 23:59:00,62.0,0.0,0.01,,4.0,0.0036
2022-04-02 23:59:00,64.0,0.0,0.01,,5.0,0.0042
2022-04-03 23:59:00,64.0,0.0,0.01,,4.6,0.004
2022-04-04 23:59:00,64.0,0.0,0.01,,6.6,0.0052
2022-04-05 23:59:00,68.0,0.0,0.0,,11.2,0.0645
2022-04-06 23:59:00,60.0,0.0,0.0,,12.6,0.0076
2022-04-07 23:59:00,61.0,0.0,0.0,,8.3,0.005
2022-04-08 23:59:00,67.0,0.0,0.0,,4.8,0.0414
2022-04-09 23:59:00,68.0,0.0,0.0,,9.0,0.0632
2022-04-10 23:59:00,59.0,0.0,0.0,,6.0,0.0036
2022-04-11 23:59:00,59.0,0.0,0.0,,15.8,0.0095
2022-04-12 23:59:00,49.0,0.0,0.0,,14.4,0.0086
2022-04-13 23:59:00,48.0,0.0,0.0,,9.3,0.0056
2022-04-14 23:59:00,54.0,0.0,0.0,,3.4,0.002
2022-04-15 23:59:00,60.0,0.0,0.0,,4.8,0.0029
2022-04-16 23:59:00,67.0,0.0,0.0,,15.2,0.0476
2022-04-17 23:59:00,65.0,0.0,0.0,,4.2,0.0025
2022-04-18 23:59:00,67.0,0.0,0.0,,4.8,0.0414
2022-04-19 23:59:00,73.0,0.0,0.0,,14.4,0.1626
2022-04-20 23:59:00,66.0,0.0,0.0,,6.4,0.0231
2022-04-21 23:59:00,72.0,0.0,0.0,,17.9,0.1455
2022-04-22 23:59:00,58.0,0.09,0.09,,12.4,0.0182
2022-04-23 23:59:00,53.0,0.0,0.09,,6.6,0.0148
2022-04-24 23:59:00,58.0,0.0,0.09,,9.0,0.0162
2022-04-25 23:59:00,60.0,0.0,0.09,,4.7,0.0136
2022-04-26 23:59:00,68.0,0.0,0.09,,4.3,0.0711
2022-04-27 23:59:00,70.0,0.0,0.09,,6.9,0.1112
2022-04-28 23:59:00,74.0,0.0,0.09,,12.3,0.1914
2022-04-29 23:59:00,67.0,0.0,0.0,,11.2,0.0452
2022-04-30 23:59:00,68.0,0.0,0.0,,6.1,0.0614
2022-05-01 23:59:00,68.0,0.0,0.0,,11.6,0.0647
2022-05-02 23:59:00,66.0,0.0,0.0,,7.8,0.0239
2022-05-03 23:59:00,67.0,0.0,0.0,,15.1,0.0476
2022-05-04 23:59:00,64.0,0.0,0.0,,10.1,0.0061
2022-05-05 23:59:00,70.0,0.0,0.0,,6.0,0.0999
2022-05-06 23:59:00,77.0,0.0,0.0,,5.2,0.2341
2022-05-07 23:59:00,79.0,0.0,0.0,,14.7,0.2783
2022-05-08 23:59:00,73.0,0.0,0.0,,21.8,0.166
2022-05-09 23:59:00,62.0,0.0,0.0,,8.9,0.0053
2022-05-10 23:59:00,62.0,0.0,0.0,,8.0,0.0048
2022-05-11 23:59:00,62.0,0.0,0.0,,13.5,0.0081
2022-05-12 23:59:00,61.0,0.0,0.0,,5.3,0.0032
2022-05-13 23:59:00,67.0,0.0,0.0,,4.3,0.0411
2022-05-14 23:59:00,74.0,0.0,0.0,,3.8,0.1755
2022-05-15 23:59:00,78.0,0.0,0.0,,6.4,0.2541
2022-05-16 23:59:00,79.0,0.0,0.0,,6.6,0.2735
2022-05-17 23:59:00,79.0,0.0,0.0,,7.9,0.2742
2022-05-18 23:59:00,80.0,0.0,0.0,,6.2,0.2925
2022-05-19 23:59:00,82.0,0.0,0.0,,14.6,0.336
2022-05-20 23:59:00,70.0,0.0,0.0,,16.0,0.1058
2022-05-21 23:59:00,66.0,0.0,0.0,,6.4,0.0231
2022-05-22 23:59:00,70.0,0.0,0.0,,7.6,0.1008
2022-05-23 23:59:00,73.0,0.0,0.0,,10.4,0.1602
2022-05-24 23:59:00,71.0,0.0,0.0,,5.2,0.1186
2022-05-25 23:59:00,77.0,0.0,0.0,,3.6,0.2332
2022-05-26 23:59:00,82.0,0.0,0.0,,9.0,0.3326
2022-05-27 23:59:00,86.0,0.0,0.0,,10.4,0.4105
2022-05-28 23:59:00,82.0,0.0,0.0,,12.9,0.335
2022-05-29 23:59:00,73.0,0.0,0.0,,14.9,0.1629
2022-05-30 23:59:00,65.0,0.0,0.0,,8.1,0.0049
2022-05-31 23:59:00,69.0,0.0,0.0,,10.6,0.0834
2022-06-01 23:59:00,74.0,0.0,0.0,,8.0,0.1781
2022-06-02 23:59:00,77.0,0.0,0.0,,6.5,0.2349
2022-06-03 23:59:00,80.0,0.0,0.0,,9.2,0.2943
2022-06-04 23:59:00,80.0,0.0,0.0,,7.5,0.2932
2022-06-05 23:59:00,81.0,0.0,0.0,,6.4,0.3118
2022-06-06 23:59:00,84.0,0.0,0.0,,8.0,0.3706
2022-06-07 23:59:00,86.0,0.0,0.0,,5.2,0.4074
2022-06-08 23:59:00,88.0,0.0,0.0,,4.8,0.4456
2022-06-09 23:59:00,88.0,0.0,0.0,,7.5,0.4472
2022-06-10 23:59:00,88.0,0.0,0.0,,7.2,0.4471
2022-06-11 23:59:00,90.0,0.0,0.0,,8.3,0.4862
2022-06-12 23:59:00,91.0,0.0,0.0,,15.6,0.5099
2022-06-13 23:59:00,83.0,0.0,0.0,,18.1,0.3574
2022-06-14 23:59:00,77.0,0.0,0.0,,8.7,0.2362
2022-06-15 23:59:00,81.0,0.0,0.0,,2.7,0.3096
2022-06-16 23:59:00,85.0,0.0,0.0,,6.1,0.3887
2022-06-17 23:59:00,90.0,0.0,0.0,,18.7,0.4925
2022-06-18 23:59:00,81.0,0.0,0.0,,15.4,0.3172
2022-06-19 23:59:00,73.0,0.0,0.0,,10.9,0.1605
2022-06-20 23:59:00,74.0,0.0,0.0,,4.3,0.1758
2022-06-21 23:59:00,80.0,0.0,0.0,,6.8,0.2928
2022-06-22 23:59:00,81.0,0.0,0.0,,5.8,0.3115
2022-06-23 23:59:00,84.0,0.0,0.0,,9.3,0.3713
2022-06-24 23:59:00,85.0,0.0,0.0,,8.7,0.3902
2022-06-25 23:59:00,87.0,0.0,0.0,,7.8,0.4282
2022-06-26 23:59:00,91.0,0.0,0.0,,8.6,0.5057
2022-06-27 23:59:00,89.0,0.0,0.0,,6.6,0.466
2022-06-28 23:59:00,90.0,0.0,0.0,,7.0,0.4854
2022-06-29 23:59:00,94.0,0.0,0.0,,13.5,0.5664
2022-06-30 23:59:00,90.0,0.0,0.0,,10.7,0.4877
2022-07-01 23:59:00,90.0,0.0,0.0,,10.6,0.4876
2022-07-02 23:59:00,90.0,0.0,0.0,,9.7,0.4871
2022-07-03 23:59:00,89.0,0.0,0.0,,18.1,0.4729
2022-07-04 23:59:00,86.0,0.0,0.0,,11.3,0.411
2022-07-05 23:59:00,86.0,0.0,0.0,,9.9,0.4102
2022-07-06 23:59:00,86.0,0.0,0.0,,10.7,0.4107
2022-07-07 23:59:00,86.0,0.0,0.0,,8.5,0.4094
2022-07-08 23:59:00,89.0,0.0,0.0,,8.6,0.4672
2022-07-09 23:59:00,91.0,0.0,0.0,,6.6,0.5045
2022-07-10 23:59:00,91.0,0.0,0.0,,6.0,0.5041
2022-07-11 23:59:00,93.0,0.0,0.0,,5.6,0.5424
2022-07-12 23:59:00,96.0,0.0,0.0,,8.4,0.6018
2022-07-13 23:59:00,96.0,0.0,0.0,,10.9,0.6033
2022-07-14 23:59:00,92.0,0.0,0.0,,9.4,0.5254
2022-07-15 23:59:00,91.0,0.0,0.0,,6.3,0.5043
2022-07-16 23:59:00,94.0,0.0,0.0,,5.3,0.5614
2022-07-17 23:59:00,94.0,0.0,0.0,,10.4,0.5645
2022-07-18 23:59:00,93.0,0.0,0.0,,9.2,0.5445
2022-07-19 23:59:00,93.0,0.0,0.0,,6.9,0.5431
2022-07-20 23:59:00,95.0,0.0,0.0,,8.0,0.5823
2022-07-21 23:59:00,95.0,0.0,0.0,,8.2,0.5824
2022-07-22 23:59:00,95.0,0.0,0.0,,7.4,0.5819
2022-07-23 23:59:00,94.0,0.0,0.0,,9.7,0.5641
2022-07-24 23:59:00,90.0,0.0,0.0,,6.7,0.4853
2022-07-25 23:59:00,82.0,0.28,0.28,,8.1,0.3657
2022-07-26 23:59:00,83.0,0.16,0.44000000000000006,,3.8,0.4016
2022-07-27 23:59:00,85.0,0.09,0.53,,4.6,0.4478
2022-07-28 23:59:00,85.0,0.01,0.54,,7.2,0.4493
2022-07-29 23:59:00,85.0,0.06,0.6,,7.6,0.4496
2022-07-30 23:59:00,83.0,0.53,1.13,,4.7,0.4093
2022-07-31 23:59:00,83.0,0.0,1.13,,6.3,0.4103
2022-08-01 23:59:00,85.0,0.0,0.85,,6.9,0.4491
2022-08-02 23:59:00,88.0,0.0,0.69,,6.2,0.5065
2022-08-03 23:59:00,90.0,0.0,0.6,,4.9,0.5442
2022-08-04 23:59:00,88.0,0.07,0.6599999999999999,,9.0,0.5082
2022-08-05 23:59:00,84.0,0.0,0.6000000000000001,,5.1,0.4288
2022-08-06 23:59:00,87.0,0.0,0.07,,7.0,0.4361
2022-08-07 23:59:00,89.0,0.0,0.07,,6.2,0.4741
2022-08-08 23:59:00,90.0,0.0,0.07,,6.4,0.4935
2022-08-09 23:59:00,89.0,0.04,0.11000000000000001,,7.9,0.4799
2022-08-10 23:59:00,83.0,0.08,0.19,,8.1,0.3742
2022-08-11 23:59:00,85.0,0.0,0.12,,6.6,0.4034
2022-08-12 23:59:00,83.0,0.0,0.12,,6.2,0.3646
2022-08-13 23:59:00,82.0,0.0,0.12,,5.7,0.3451
2022-08-14 23:59:00,86.0,0.0,0.12,,5.3,0.4218
2022-08-15 23:59:00,84.0,0.0,0.12,,4.6,0.3829
2022-08-16 23:59:00,83.0,0.0,0.07999999999999999,,6.3,0.3599
2022-08-17 23:59:00,86.0,0.0,0.0,,6.5,0.4082
2022-08-18 23:59:00,83.0,0.0,0.0,,7.7,0.3511
2022-08-19 23:59:00,85.0,0.0,0.0,,7.4,0.3894
2022-08-20 23:59:00,86.0,0.0,0.0,,9.1,0.4097
2022-08-21 23:59:00,84.0,0.0,0.0,,4.9,0.3687
2022-08-22 23:59:00,85.0,0.44,0.44,,2.6,0.4394
2022-08-23 23:59:00,87.0,0.0,0.44,,4.4,0.4789
2022-08-24 23:59:00,87.0,0.0,0.44,,6.3,0.4801
2022-08-25 23:59:00,84.0,0.0,0.44,,4.4,0.4212
2022-08-26 23:59:00,86.0,0.0,0.44,,9.7,0.4629
2022-08-27 23:59:00,86.0,0.0,0.44,,6.1,0.4607
2022-08-28 23:59:00,86.0,0.0,0.44,,5.0,0.4601
2022-08-29 23:59:00,87.0,0.0,0.0,,3.1,0.4254
2022-08-30 23:59:00,90.0,0.0,0.0,,2.8,0.4829
2022-08-31 23:59:00,91.0,0.0,0.0,,4.4,0.5031
2022-09-01 23:59:00,92.0,0.0,0.0,,4.6,0.5225
2022-09-02 23:59:00,91.0,0.0,0.0,,4.9,0.5034
2022-09-03 23:59:00,92.0,0.0,0.0,,5.9,0.5233
2022-09-04 23:59:00,92.0,0.0,0.0,,4.4,0.5224
2022-09-05 23:59:00,92.0,0.0,0.0,,6.1,0.5234
2022-09-06 23:59:00,93.0,0.0,0.0,,5.4,0.5422
2022-09-07 23:59:00,92.0,0.0,0.0,,5.3,0.5229
2022-09-08 23:59:00,92.0,0.0,0.0,,7.9,0.5245
2022-09-09 23:59:00,85.0,0.0,0.0,,8.9,0.3903
2022-09-10 23:59:00,77.0,0.0,0.0,,8.5,0.2361
2022-09-11 23:59:00,80.0,0.0,0.0,,3.5,0.2908
2022-09-12 23:59:00,80.0,0.0,0.0,,6.8,0.2928
2022-09-13 23:59:00,70.0,0.54,0.54,,7.7,0.1609
2022-09-14 23:59:00,71.0,0.37,0.91,,6.4,0.1793
2022-09-15 23:59:00,74.0,0.16,1.07,,4.3,0.2358
2022-09-16 23:59:00,76.0,0.0,1.07,,4.1,0.2742
2022-09-17 23:59:00,75.0,0.0,1.07,,6.8,0.2566
2022-09-18 23:59:00,80.0,0.0,1.07,,11.4,0.3556
2022-09-19 23:59:00,79.0,0.0,1.07,,6.9,0.3336
2022-09-20 23:59:00,79.0,0.0,0.53,,6.7,0.3335
2022-09-21 23:59:00,81.0,0.0,0.16,,10.0,0.3332
2022-09-22 23:59:00,77.0,0.0,0.0,,6.4,0.2348
2022-09-23 23:59:00,75.0,0.0,0.0,,2.3,0.1939
2022-09-24 23:59:00,76.0,0.0,0.0,,3.6,0.2139
2022-09-25 23:59:00,76.0,0.0,0.0,,2.8,0.2134
2022-09-26 23:59:00,78.0,0.0,0.0,,3.1,0.2521
2022-09-27 23:59:00,81.0,0.0,0.0,,4.6,0.3108
2022-09-28 23:59:00,78.0,0.0,0.0,,3.5,0.2524
2022-09-29 23:59:00,78.0,0.0,0.0,,4.7,0.2531
2022-09-30 23:59:00,,0.0,0.0,,5.7,
2022-10-01 23:59:00,76.0,0.0,0.0,,5.2,0.2149
2022-10-02 23:59:00,75.0,0.42,0.42,,6.8,0.247
2022-10-03 23:59:00,74.0,0.0,0.42,,9.8,0.2295
2022-10-04 23:59:00,73.0,0.0,0.42,,3.5,0.2065
2022-10-05 23:59:00,73.0,0.0,0.42,,3.6,0.2066
2022-10-06 23:59:00,73.0,0.0,0.42,,3.6,0.2066
2022-10-07 23:59:00,,0.0,0.42,,3.2,
2022-10-08 23:59:00,74.0,0.0,0.42,,2.8,0.2253
2022-10-09 23:59:00,74.0,0.0,0.0,,4.6,0.176
2022-10-10 23:59:00,73.0,0.0,0.0,,4.6,0.1568
2022-10-11 23:59:00,72.0,0.0,0.0,,5.0,0.1377
2022-10-12 23:59:00,71.0,0.0,0.0,,2.3,0.1169
2022-10-13 23:59:00,72.0,0.0,0.0,,3.9,0.1371
2022-10-14 23:59:00,72.0,0.0,0.0,,4.6,0.1375
2022-10-15 23:59:00,70.0,0.0,0.0,,5.4,0.0995
2022-10-16 23:59:00,68.0,0.0,0.0,,4.0,0.0602
2022-10-17 23:59:00,69.0,0.0,0.0,,1.8,0.0781
2022-10-18 23:59:00,68.0,0.0,0.0,,2.9,0.0595
2022-10-19 23:59:00,69.0,0.0,0.0,,3.4,0.079
2022-10-20 23:59:00,66.0,0.0,0.0,,3.4,0.0213
2022-10-21 23:59:00,65.0,0.0,0.0,,3.8,0.0023
2022-10-22 23:59:00,65.0,0.21,0.21,,17.0,0.0354
2022-10-23 23:59:00,48.0,0.13,0.33999999999999997,,10.5,0.0471
2022-10-24 23:59:00,48.0,0.0,0.33999999999999997,,6.0,0.0444
2022-10-25 23:59:00,51.0,0.0,0.33999999999999997,,1.7,0.0418
2022-10-26 23:59:00,56.0,0.0,0.33999999999999997,,6.5,0.0447
2022-10-27 23:59:00,53.0,0.0,0.33999999999999997,,8.6,0.046
2022-10-28 23:59:00,53.0,0.0,0.33999999999999997,,2.5,0.0423
2022-10-29 23:59:00,56.0,0.0,0.13,,2.1,0.0169
2022-10-30 23:59:00,57.0,0.0,0.0,,4.6,0.0028
2022-10-31 23:59:00,57.0,0.0,0.0,,4.4,0.0026
2022-11-01 23:59:00,60.0,0.0,0.0,,7.7,0.0046
2022-11-02 23:59:00,54.0,0.0,0.0,,11.8,0.0071
2022-11-03 23:59:00,44.0,0.01,0.01,,6.3,0.005
2022-11-04 23:59:00,44.0,0.0,0.01,,5.6,0.0046
2022-11-05 23:59:00,47.0,0.0,0.01,,2.3,0.0026
2022-11-06 23:59:00,54.0,0.0,0.01,,4.2,0.0037
2022-11-07 23:59:00,63.0,0.0,0.01,,15.7,0.0106
2022-11-08 23:59:00,62.0,0.06,0.06999999999999999,,15.1,0.0175
2022-11-09 23:59:00,46.0,0.24,0.31,,9.8,0.0431
2022-11-10 23:59:00,44.0,0.0,0.3,,4.7,0.0388
2022-11-11 23:59:00,42.0,0.0,0.3,,4.6,0.0388
2022-11-12 23:59:00,46.0,0.0,0.3,,5.3,0.0392
2022-11-13 23:59:00,41.0,0.0,0.3,,4.6,0.0388
2022-11-14 23:59:00,42.0,0.0,0.3,,5.5,0.0393
2022-11-15 23:59:00,42.0,0.0,0.24,,13.8,0.0371
2022-11-16 23:59:00,42.0,0.0,0.0,,5.4,0.0032
2022-11-17 23:59:00,41.0,0.0,0.0,,2.4,0.0014
2022-11-18 23:59:00,43.0,0.0,0.0,,6.8,0.0041
2022-11-19 23:59:00,42.0,0.0,0.0,,4.7,0.0028
2022-11-20 23:59:00,40.0,0.0,0.0,,1.8,0.0011
2022-11-21 23:59:00,40.0,0.0,0.0,,1.2,0.0007
2022-11-22 23:59:00,42.0,0.0,0.0,,1.9,0.0011
2022-11-23 23:59:00,42.0,0.0,0.0,,5.5,0.0033
2022-11-24 23:59:00,48.0,0.0,0.0,,7.7,0.0046
2022-11-25 23:59:00,44.0,0.0,0.0,,3.0,0.0018
2022-11-26 23:59:00,39.0,0.0,0.0,,2.6,0.0016
2022-11-27 23:59:00,42.0,0.0,0.0,,2.7,0.0016
2022-11-28 23:59:00,41.0,0.0,0.0,,2.2,0.0013
2022-11-29 23:59:00,42.0,0.0,0.0,,3.3,0.002
2022-11-30 23:59:00,40.0,0.0,0.0,,1.6,0.001
2022-12-01 23:59:00,42.0,0.0,0.0,,3.3,0.002
2022-12-02 23:59:00,52.0,0.0,0.0,,5.2,0.0031
2022-12-03 23:59:00,50.0,0.0,0.0,,3.4,0.002
2022-12-04 23:59:00,50.0,0.0,0.0,,2.2,0.0013
2022-12-05 23:59:00,50.0,0.02,0.02,,3.3,0.0044
2022-12-06 23:59:00,46.0,0.0,0.02,,3.0,0.0042
2022-12-07 23:59:00,39.0,0.04,0.06,,2.4,0.0086
2022-12-08 23:59:00,38.0,0.0,0.060000000000000005,,1.7,0.0082
2022-12-09 23:59:00,42.0,0.0,0.060000000000000005,,2.5,0.0087
2022-12-10 23:59:00,38.0,0.0,0.060000000000000005,,2.7,0.0088
2022-12-11 23:59:00,47.0,0.16,0.22,,12.3,0.0338
2022-12-12 23:59:00,38.0,0.0,0.2,,3.8,0.0263
2022-12-13 23:59:00,37.0,0.01,0.21000000000000002,,1.8,0.0263
2022-12-14 23:59:00,35.0,0.0,0.17,,4.1,0.0229
2022-12-15 23:59:00,37.0,0.0,0.17,,5.5,0.0237
2022-12-16 23:59:00,35.0,0.0,0.17,,4.9,0.0233
2022-12-17 23:59:00,33.0,0.0,0.17,,1.9,0.0215
2022-12-18 23:59:00,34.0,0.0,0.01,,1.7,0.0022
2022-12-19 23:59:00,34.0,0.0,0.01,,1.7,0.0022
2022-12-20 23:59:00,39.0,0.0,0.0,,1.4,0.0008
2022-12-21 23:59:00,37.0,0.0,0.0,,1.1,0.0007
2022-12-22 23:59:00,40.0,0.0,0.0,,2.1,0.0013
2022-12-23 23:59:00,45.0,0.0,0.0,,2.0,0.0012
2022-12-24 23:59:00,45.0,0.0,0.0,,1.8,0.0011
2022-12-25 23:59:00,47.0,0.0,0.0,,2.5,0.0015
2022-12-26 23:59:00,45.0,0.0,0.0,,1.8,0.0011
2022-12-27 23:59:00,46.0,0.08,0.08,,3.6,0.0118
2022-12-28 23:59:00,46.0,0.08,0.16,,5.9,0.0227
2022-12-29 23:59:00,34.0,0.0,0.16,,1.7,0.0202
2022-12-30 23:59:00,40.0,0.05,0.21000000000000002,,0.8,0.0257
2022-12-31 23:59:00,,0.03,0.24,,2.3,
2023-01-01 23:59:00,46.0,0.48,0.72,,7.8,0.0647
2023-01-02 23:59:00,41.0,0.02,0.74,,6.3,0.0638
2023-01-03 23:59:00,40.0,0.03,0.6900000000000001,,2.8,0.0617
2023-01-04 23:59:00,41.0,0.0,0.61,,1.7,0.061
2023-01-05 23:59:00,48.0,0.25,0.8599999999999999,,9.7,0.0658
2023-01-06 23:59:00,47.0,0.0,0.81,,3.0,0.0618
2023-01-07 23:59:00,42.0,0.0,0.78,,2.4,0.0614
2023-01-08 23:59:00,45.0,0.0,0.3,,3.9,0.0383
2023-01-09 23:59:00,44.0,0.08,0.36,,4.4,0.0458
2023-01-10 23:59:00,51.0,0.18,0.51,,8.7,0.0652
2023-01-11 23:59:00,45.0,0.0,0.51,,3.4,0.062
2023-01-12 23:59:00,44.0,0.0,0.26,,1.9,0.0323
2023-01-13 23:59:00,46.0,0.0,0.26,,5.4,0.0344
2023-01-14 23:59:00,44.0,0.21,0.47,,5.8,0.0599
2023-01-15 23:59:00,46.0,0.01,0.48,,7.5,0.0621
2023-01-16 23:59:00,46.0,0.09,0.49,,10.2,0.0649
2023-01-17 23:59:00,41.0,0.02,0.32999999999999996,,6.5,0.0435
2023-01-18 23:59:00,40.0,0.0,0.32999999999999996,,5.2,0.0427
2023-01-19 23:59:00,34.0,0.18,0.51,,2.2,0.0613
2023-01-20 23:59:00,,0.02,0.53,,6.4,
2023-01-21 23:59:00,37.0,0.0,0.32,,6.2,0.0421
2023-01-22 23:59:00,33.0,0.0,0.31,,7.6,0.0418
2023-01-23 23:59:00,37.0,0.0,0.21999999999999997,,8.5,0.0315
2023-01-24 23:59:00,38.0,0.0,0.19999999999999998,,6.0,0.0276
2023-01-25 23:59:00,39.0,0.0,0.19999999999999998,,7.8,0.0287
2023-01-26 23:59:00,40.0,0.0,0.02,,4.9,0.0053
2023-01-27 23:59:00,39.0,0.0,0.0,,1.7,0.001
2023-01-28 23:59:00,41.0,0.0,0.0,,3.2,0.0019
2023-01-29 23:59:00,41.0,0.0,0.0,,3.0,0.0018
2023-01-30 23:59:00,35.0,0.07,0.07,,5.1,0.0115
2023-01-31 23:59:00,30.0,0.0,0.07,,4.6,0.0112
2023-02-01 23:59:00,35.0,0.0,0.07,,2.3,0.0098
2023-02-02 23:59:00,40.0,0.0,0.07,,1.0,0.009
2023-02-03 23:59:00,43.0,0.0,0.07,,2.4,0.0098
2023-02-04 23:59:00,45.0,0.0,0.07,,2.1,0.0097
2023-02-05 23:59:00,46.0,0.08,0.15000000000000002,,7.3,0.0224
2023-02-06 23:59:00,41.0,0.0,0.08,,8.0,0.0144
2023-02-07 23:59:00,42.0,0.0,0.08,,3.1,0.0115
2023-02-08 23:59:00,45.0,0.0,0.08,,2.6,0.0112
2023-02-09 23:59:00,45.0,0.0,0.08,,9.8,0.0155
2023-02-10 23:59:00,44.0,0.0,0.08,,5.0,0.0126
2023-02-11 23:59:00,49.0,0.0,0.08,,5.6,0.013
2023-02-12 23:59:00,45.0,0.0,0.0,,5.6,0.0034
2023-02-13 23:59:00,47.0,0.0,0.0,,7.2,0.0043
2023-02-14 23:59:00,38.0,0.12,0.12,,8.3,0.0194
2023-02-15 23:59:00,36.0,0.0,0.12,,12.0,0.0216
2023-02-16 23:59:00,33.0,0.0,0.12,,5.2,0.0175
2023-02-17 23:59:00,38.0,0.0,0.12,,3.8,0.0167
2023-02-18 23:59:00,43.0,0.0,0.12,,3.2,0.0163
2023-02-19 23:59:00,47.0,0.0,0.12,,1.4,0.0152
2023-02-20 23:59:00,48.0,0.0,0.12,,2.8,0.0161
2023-02-21 23:59:00,47.0,0.0,0.0,,7.9,0.0047
2023-02-22 23:59:00,44.0,0.03,0.03,,17.0,0.0138
2023-02-23 23:59:00,37.0,0.09,0.12,,12.0,0.0216
2023-02-24 23:59:00,39.0,0.1,0.22,,7.7,0.031
2023-02-25 23:59:00,50.0,0.0,0.22,,8.4,0.0314
2023-02-26 23:59:00,40.0,0.1,0.32,,8.6,0.0436
2023-02-27 23:59:00,45.0,0.0,0.32,,12.8,0.0461
2023-02-28 23:59:00,45.0,0.0,0.32,,8.9,0.0437
2023-03-01 23:59:00,40.0,0.18,0.47000000000000003,,6.6,0.0604
2023-03-02 23:59:00,43.0,0.0,0.38,,8.6,0.0508
2023-03-03 23:59:00,41.0,0.0,0.28,,4.7,0.0364
2023-03-04 23:59:00,45.0,0.0,0.28,,6.2,0.0373
2023-03-05 23:59:00,48.0,0.0,0.18,,11.1,0.0283
2023-03-06 23:59:00,47.0,0.0,0.18,,5.8,0.0251
2023-03-07 23:59:00,48.0,0.0,0.18,,3.3,0.0236
2023-03-08 23:59:00,44.0,0.0,0.0,,2.8,0.0017
2023-03-09 23:59:00,48.0,0.0,0.0,,3.8,0.0023
2023-03-10 23:59:00,54.0,0.01,0.01,,8.1,0.0061
2023-03-11 23:59:00,56.0,0.14,0.15000000000000002,,7.5,0.0225
2023-03-12 23:59:00,53.0,0.0,0.15000000000000002,,4.2,0.0205
2023-03-13 23:59:00,55.0,0.0,0.15000000000000002,,4.7,0.0208
2023-03-14 23:59:00,51.0,0.17,0.32000000000000006,,6.8,0.0425
2023-03-15 23:59:00,50.0,0.64,0.9600000000000001,,6.9,0.0641
2023-03-16 23:59:00,47.0,0.0,0.9600000000000001,,8.7,0.0652
2023-03-17 23:59:00,47.0,0.0,0.9500000000000001,,6.6,0.064
2023-03-18 23:59:00,49.0,0.0,0.81,,5.3,0.0632
2023-03-19 23:59:00,49.0,0.12,0.93,,5.8,0.0635
2023-03-20 23:59:00,48.0,0.26,1.19,,6.2,0.0637
2023-03-21 23:59:00,47.0,0.34,1.36,,8.2,0.0649
2023-03-22 23:59:00,49.0,0.05,0.77,,10.2,0.0661
2023-03-23 23:59:00,48.0,0.21,0.98,,5.1,0.0631
2023-03-24 23:59:00,47.0,0.22,1.2,,7.7,0.0646
2023-03-25 23:59:00,42.0,0.0,1.2,,5.0,0.063
2023-03-26 23:59:00,42.0,0.0,1.08,,7.3,0.0644
2023-03-27 23:59:00,43.0,0.0,0.8200000000000001,,3.5,0.0621
2023-03-28 23:59:00,52.0,0.0,0.48,,5.9,0.0611
2023-03-29 23:59:00,57.0,0.12,0.55,,14.3,0.0686
2023-03-30 23:59:00,44.0,0.0,0.33999999999999997,,7.9,0.0455
2023-03-31 23:59:00,46.0,0.0,0.12,,4.7,0.0172
2023-04-01 23:59:00,51.0,0.0,0.12,,4.0,0.0168
2023-04-02 23:59:00,54.0,0.0,0.12,,4.9,0.0173
2023-04-03 23:59:00,50.0,0.0,0.12,,15.7,0.0238
2023-04-04 23:59:00,39.0,0.0,0.12,,12.3,0.0218
2023-04-05 23:59:00,40.0,0.0,0.0,,4.6,0.0028
2023-04-06 23:59:00,48.0,0.0,0.0,,3.9,0.0023
2023-04-07 23:59:00,55.0,0.0,0.0,,3.8,0.0023
2023-04-08 23:59:00,58.0,0.0,0.0,,3.8,0.0023
2023-04-09 23:59:00,62.0,0.0,0.0,,3.2,0.0019
2023-04-10 23:59:00,69.0,0.0,0.0,,4.1,0.0795
2023-04-11 23:59:00,70.0,0.0,0.0,,6.9,0.1004
2023-04-12 23:59:00,69.0,0.0,0.0,,10.4,0.0832
2023-04-13 23:59:00,63.0,0.01,0.01,,11.4,0.008
2023-04-14 23:59:00,58.0,0.0,0.01,,7.1,0.0055
2023-04-15 23:59:00,59.0,0.0,0.01,,2.9,0.0029
2023-04-16 23:59:00,61.0,0.0,0.01,,4.9,0.0041
2023-04-17 23:59:00,65.0,0.0,0.01,,8.4,0.0062
2023-04-18 23:59:00,66.0,0.0,0.01,,12.7,0.0281
2023-04-19 23:59:00,54.0,0.0,0.01,,11.0,0.0078
2023-04-20 23:59:00,53.0,0.0,0.0,,6.4,0.0038
2023-04-21 23:59:00,60.0,0.0,0.0,,7.0,0.0042
2023-04-22 23:59:00,66.0,0.0,0.0,,8.9,0.0246
2023-04-23 23:59:00,64.0,0.0,0.0,,9.2,0.0055
2023-04-24 23:59:00,67.0,0.0,0.0,,6.9,0.0426
2023-04-25 23:59:00,65.0,0.0,0.0,,11.0,0.0066
2023-04-26 23:59:00,65.0,0.0,0.0,,5.8,0.0035
2023-04-27 23:59:00,69.0,0.0,0.0,,4.2,0.0795
2023-04-28 23:59:00,72.0,0.0,0.0,,7.3,0.1391
2023-04-29 23:59:00,71.0,0.0,0.0,,5.8,0.119
2023-04-30 23:59:00,73.0,0.0,0.0,,4.3,0.1566
2023-05-01 23:59:00,74.0,0.0,0.0,,11.2,0.18
2023-05-02 23:59:00,71.0,0.0,0.0,,11.0,0.1221
2023-05-03 23:59:00,67.0,0.0,0.0,,6.9,0.0426
2023-05-04 23:59:00,62.0,0.01,0.01,,13.2,0.0091
2023-05-05 23:59:00,60.0,0.0,0.01,,7.7,0.0058
2023-05-06 23:59:00,61.0,0.0,0.01,,8.6,0.0064
2023-05-07 23:59:00,64.0,0.0,0.01,,6.1,0.0049
2023-05-08 23:59:00,66.0,0.0,0.01,,7.7,0.0251
2023-05-09 23:59:00,68.0,0.0,0.01,,8.5,0.064
2023-05-10 23:59:00,69.0,0.0,0.01,,8.7,0.0834
2023-05-11 23:59:00,68.0,0.0,0.0,,7.5,0.0622
2023-05-12 23:59:00,71.0,0.0,0.0,,9.1,0.121
2023-05-13 23:59:00,74.0,0.0,0.0,,11.3,0.18
2023-05-14 23:59:00,72.0,0.0,0.0,,8.7,0.14
2023-05-15 23:59:00,77.0,0.0,0.0,,5.6,0.2344
2023-05-16 23:59:00,,0.0,0.0,,0.0,
2023-05-17 23:59:00,,0.0,0.0,,0.0,
2023-05-18 23:59:00,,0.0,0.0,,0.0,
2023-05-19 23:59:00,77.0,0.0,0.0,,7.1,0.2353
2023-05-20 23:59:00,75.0,0.0,0.0,,9.0,0.1979
2023-05-21 23:59:00,76.0,0.0,0.0,,6.4,0.2156
2023-05-22 23:59:00,77.0,0.0,0.0,,9.1,0.2365
2023-05-23 23:59:00,79.0,0.0,0.0,,6.8,0.2736
2023-05-24 23:59:00,78.0,0.0,0.0,,12.6,0.2578
2023-05-25 23:59:00,78.0,0.0,0.0,,7.5,0.2548
2023-05-26 23:59:00,74.0,0.0,0.0,,6.2,0.177
2023-05-27 23:59:00,72.0,0.0,0.0,,4.8,0.1376
2023-05-28 23:59:00,76.0,0.0,0.0,,7.3,0.2161
2023-05-29 23:59:00,77.0,0.0,0.0,,7.9,0.2357
2023-05-30 23:59:00,75.0,0.0,0.0,,8.1,0.1974
2023-05-31 23:59:00,72.0,0.0,0.0,,7.1,0.139
2023-06-01 23:59:00,74.0,0.0,0.0,,6.0,0.1768
2023-06-02 23:59:00,77.0,0.02,0.02,,7.7,0.238
2023-06-03 23:59:00,77.0,0.0,0.02,,5.8,0.2369
2023-06-04 23:59:00,78.0,0.0,0.02,,6.6,0.2566
2023-06-05 23:59:00,82.0,0.0,0.02,,7.8,0.3343
2023-06-06 23:59:00,80.0,0.0,0.02,,9.8,0.297
2023-06-07 23:59:00,74.0,0.0,0.02,,8.3,0.1806
2023-06-09 23:59:00,76.0,0.0,0.02,,7.9,0.2189
2023-06-10 23:59:00,,0.0,0.0,,6.3,
2023-06-11 23:59:00,75.0,0.0,0.0,,8.1,0.1974
2023-06-12 23:59:00,70.0,0.0,0.0,,8.4,0.1013
2023-06-13 23:59:00,73.0,0.0,0.0,,5.1,0.1571
2023-06-14 23:59:00,78.0,0.0,0.0,,7.2,0.2546
2023-06-15 23:59:00,79.0,0.03,0.03,,10.2,0.2792
2023-06-16 23:59:00,73.0,0.05,0.08,,5.1,0.1667
2023-06-17 23:59:00,76.0,0.0,0.08,,6.3,0.2251
2023-06-18 23:59:00,81.0,0.0,0.08,,13.3,0.3256
2023-06-19 23:59:00,82.0,0.0,0.08,,21.2,0.3488
2023-06-20 23:59:00,81.0,0.0,0.08,,9.7,0.3234
2023-06-21 23:59:00,76.0,0.0,0.08,,4.7,0.2242
2023-06-22 23:59:00,79.0,0.0,0.05,,9.9,0.2814
2023-06-23 23:59:00,77.0,0.0,0.0,,6.9,0.2351
2023-06-24 23:59:00,75.0,0.0,0.0,,6.1,0.1962
2023-06-25 23:59:00,79.0,0.0,0.0,,8.4,0.2745
2023-06-26 23:59:00,80.0,0.0,0.0,,8.5,0.2938
2023-06-27 23:59:00,81.0,0.0,0.0,,7.3,0.3124
2023-06-28 23:59:00,80.0,0.0,0.0,,5.8,0.2922
2023-06-29 23:59:00,82.0,0.0,0.0,,8.9,0.3326
2023-06-30 23:59:00,83.0,0.0,0.0,,6.3,0.3503
2023-07-01 23:59:00,87.0,0.0,0.0,,4.8,0.4264
2023-07-02 23:59:00,90.0,0.0,0.0,,5.2,0.4844
2023-07-03 23:59:00,92.0,0.0,0.0,,7.3,0.5241
2023-07-04 23:59:00,91.0,0.0,0.0,,8.1,0.5054
2023-07-05 23:59:00,86.0,0.0,0.0,,6.0,0.4079
2023-07-06 23:59:00,85.0,0.0,0.0,,7.0,0.3892
2023-07-07 23:59:00,85.0,0.0,0.0,,7.7,0.3896
2023-07-08 23:59:00,85.0,0.0,0.0,,5.1,0.3881
2023-07-09 23:59:00,86.0,0.0,0.0,,8.1,0.4091
2023-07-10 23:59:00,89.0,0.0,0.0,,7.8,0.4667
2023-07-11 23:59:00,90.0,0.0,0.0,,5.5,0.4846
2023-07-12 23:59:00,92.0,0.0,0.0,,7.3,0.5241
2023-07-13 23:59:00,94.0,0.0,0.0,,7.3,0.5626
2023-07-14 23:59:00,91.0,0.0,0.0,,6.4,0.5043
2023-07-15 23:59:00,94.0,0.0,0.0,,4.2,0.5608
2023-07-16 23:59:00,96.0,0.0,0.0,,5.3,0.5999
2023-07-17 23:59:00,94.0,0.0,0.0,,8.9,0.5636
2023-07-18 23:59:00,95.0,0.0,0.0,,8.6,0.5827
2023-07-19 23:59:00,95.0,0.0,0.0,,9.0,0.5829
2023-07-20 23:59:00,95.0,0.0,0.0,,9.0,0.5829
2023-07-21 23:59:00,96.0,0.0,0.0,,4.7,0.5996
2023-07-22 23:59:00,97.0,0.0,0.0,,8.6,0.6212
2023-07-23 23:59:00,94.0,0.0,0.0,,10.0,0.5642
2023-07-24 23:59:00,95.0,0.0,0.0,,10.7,0.5839
2023-07-25 23:59:00,92.0,0.0,0.0,,8.3,0.5247
2023-07-26 23:59:00,93.0,0.0,0.0,,6.2,0.5427
2023-07-27 23:59:00,95.0,0.0,0.0,,10.3,0.5837
2023-07-28 23:59:00,92.0,0.0,0.0,,10.9,0.5263
2023-07-29 23:59:00,93.0,0.0,0.0,,8.5,0.5441
2023-07-30 23:59:00,86.0,0.0,0.0,,8.4,0.4093
2023-07-31 23:59:00,,0.03,0.03,,8.0,
2023-08-01 23:59:00,80.0,0.0,0.03,,3.7,0.2946
2023-08-02 23:59:00,76.0,0.43,0.45999999999999996,,5.8,0.2704
2023-08-03 23:59:00,83.0,0.0,0.46,,5.0,0.4047
2023-08-04 23:59:00,85.0,0.0,0.46,,5.5,0.4435
2023-08-05 23:59:00,86.0,0.0,0.46,,5.7,0.4629
2023-08-06 23:59:00,85.0,0.0,0.46,,5.7,0.4436
2023-08-07 23:59:00,86.0,0.0,0.43000000000000005,,6.4,0.4597
2023-08-08 23:59:00,83.0,0.0,0.43000000000000005,,7.2,0.4024
2023-08-09 23:59:00,84.0,0.0,0.0,,7.0,0.3699
2023-08-10 23:59:00,78.0,0.19,0.19,,8.5,0.2782
2023-08-11 23:59:00,82.0,0.0,0.19,,4.9,0.353
2023-08-12 23:59:00,86.0,0.0,0.19,,8.4,0.4321
2023-08-13 23:59:00,86.0,0.0,0.19,,7.4,0.4315
2023-08-14 23:59:00,87.0,0.0,0.19,,5.3,0.4495
2023-08-15 23:59:00,86.0,0.03,0.22,,6.9,0.4348
2023-08-16 23:59:00,85.0,0.0,0.22,,3.5,0.4135
2023-08-17 23:59:00,87.0,0.0,0.03,,4.9,0.43
2023-08-18 23:59:00,83.0,0.0,0.03,,12.9,0.3578
2023-08-19 23:59:00,77.0,0.14,0.17,,7.7,0.256
2023-08-20 23:59:00,73.0,0.0,0.17,,2.5,0.1759
2023-08-21 23:59:00,79.0,0.14,0.31000000000000005,,10.9,0.3132
2023-08-22 23:59:00,74.0,0.59,0.87,,4.4,0.2359
2023-08-23 23:59:00,81.0,0.32,1.19,,5.2,0.3711
2023-08-24 23:59:00,81.0,0.0,1.19,,4.1,0.3705
2023-08-25 23:59:00,84.0,0.0,1.19,,3.6,0.4279
2023-08-26 23:59:00,87.0,0.0,1.05,,5.0,0.4865
2023-08-27 23:59:00,85.0,0.0,1.05,,3.4,0.447
2023-08-28 23:59:00,87.0,0.0,0.9099999999999999,,3.9,0.4858
2023-08-29 23:59:00,89.0,0.0,0.32,,6.0,0.504
2023-08-31 23:59:00,87.0,0.81,0.81,,0.0,0.4835
2023-09-01 23:59:00,70.0,1.76,2.5700000000000003,,7.8,0.1609
2023-09-02 23:59:00,73.0,0.19,2.7600000000000002,,3.4,0.216
2023-09-03 23:59:00,77.0,0.0,2.7600000000000002,,6.1,0.2947
2023-09-04 23:59:00,75.0,0.0,2.7600000000000002,,4.4,0.2551
2023-09-06 23:59:00,77.0,0.0,2.7600000000000002,,3.5,0.2931
2023-09-07 23:59:00,78.0,0.0,2.7600000000000002,,4.0,0.3127
2023-09-08 23:59:00,79.0,0.0,1.95,,3.0,0.3313
2023-09-09 23:59:00,83.0,0.0,0.19,,4.6,0.3721
2023-09-10 23:59:00,74.0,0.02,0.02,,7.2,0.18
2023-09-11 23:59:00,76.0,0.0,0.02,,2.9,0.2159
2023-09-12 23:59:00,78.0,0.03,0.05,,5.8,0.2597
2023-09-13 23:59:00,,0.0,0.05,,0.0,
2023-09-14 23:59:00,,0.0,0.05,,0.0,
2023-09-15 23:59:00,75.0,0.0,0.05,,2.9,0.2002
2023-09-16 23:59:00,78.0,0.0,0.05,,3.7,0.2585
2023-09-17 23:59:00,79.0,0.0,0.03,,3.2,0.275
2023-09-18 23:59:00,79.0,0.0,0.03,,3.4,0.2751
2023-09-19 23:59:00,75.0,0.0,0.0,,4.5,0.1952
2023-09-20 23:59:00,73.0,0.04,0.04,,5.3,0.162
2023-09-21 23:59:00,71.0,0.0,0.04,,8.9,0.1256
2023-09-22 23:59:00,71.0,0.0,0.04,,5.9,0.1238
2023-09-23 23:59:00,67.0,0.0,0.04,,4.5,0.046
2023-09-24 23:59:00,69.0,0.0,0.04,,3.0,0.0836
2023-09-25 23:59:00,74.0,0.0,0.04,,3.7,0.1803
2023-09-26 23:59:00,74.0,0.0,0.04,,3.9,0.1804
2023-09-27 23:59:00,73.0,0.0,0.0,,5.4,0.1572
2023-09-28 23:59:00,73.0,0.0,0.0,,3.0,0.1558
2023-09-29 23:59:00,73.0,0.0,0.0,,6.9,0.1581
2023-09-30 23:59:00,70.0,0.0,0.0,,11.9,0.1034
2023-10-01 23:59:00,63.0,0.03,0.03,,7.2,0.0079
2023-10-02 23:59:00,61.0,0.19,0.22,,4.3,0.029
2023-10-03 23:59:00,62.0,0.0,0.22,,2.9,0.0281
2023-10-05 23:59:00,69.0,0.0,0.22,,0.0,0.1034
2023-10-06 23:59:00,72.0,0.0,0.22,,6.7,0.1652
2023-10-07 23:59:00,73.0,0.0,0.22,,3.5,0.1825
2023-10-08 23:59:00,73.0,0.0,0.22,,3.1,0.1823
2023-10-09 23:59:00,73.0,0.0,0.19,,4.3,0.1794
2023-10-10 23:59:00,72.0,0.0,0.0,,4.6,0.1375
2023-10-11 23:59:00,69.0,0.0,0.0,,10.0,0.083
2023-10-12 23:59:00,60.0,0.0,0.0,,9.1,0.0055
2023-10-13 23:59:00,61.0,0.0,0.0,,3.4,0.002
2023-10-14 23:59:00,62.0,0.0,0.0,,3.4,0.002
2023-10-15 23:59:00,67.0,0.0,0.0,,2.4,0.0399
2023-10-16 23:59:00,70.0,0.0,0.0,,2.0,0.0975
2023-10-17 23:59:00,69.0,0.0,0.0,,2.7,0.0786
2023-10-18 23:59:00,72.0,0.0,0.0,,2.7,0.1364
2023-10-19 23:59:00,73.0,0.0,0.0,,2.5,0.1555
2023-10-20 23:59:00,70.0,0.0,0.0,,2.7,0.0979
2023-10-21 23:59:00,71.0,0.0,0.0,,3.2,0.1174
2023-10-22 23:59:00,71.0,0.0,0.0,,6.4,0.1193
2023-10-23 23:59:00,65.0,0.0,0.0,,5.6,0.0034
2023-10-24 23:59:00,63.0,0.0,0.0,,3.6,0.0022
2023-10-25 23:59:00,62.0,0.0,0.0,,5.1,0.0031
2023-10-26 23:59:00,64.0,0.0,0.0,,7.0,0.0042
2023-10-27 23:59:00,58.0,0.0,0.0,,2.6,0.0016
2023-10-28 23:59:00,57.0,0.0,0.0,,9.8,0.0059
2023-10-29 23:59:00,50.0,0.0,0.0,,15.3,0.0092
2023-10-30 23:59:00,48.0,0.0,0.0,,4.6,0.0028
2023-10-31 23:59:00,51.0,0.0,0.0,,3.9,0.0023
2023-11-01 23:59:00,53.0,0.0,0.0,,1.6,0.001
2023-11-02 23:59:00,54.0,0.0,0.0,,2.2,0.0013
2023-11-03 23:59:00,57.0,0.0,0.0,,1.7,0.001
2023-11-04 23:59:00,58.0,0.0,0.0,,2.1,0.0013
2023-11-05 23:59:00,55.0,0.0,0.0,,2.4,0.0014
2023-11-06 23:59:00,60.0,0.0,0.0,,5.0,0.003
2023-11-07 23:59:00,61.0,0.0,0.0,,9.4,0.0056
2023-11-08 23:59:00,53.0,0.01,0.01,,9.7,0.007
2023-11-09 23:59:00,50.0,0.0,0.01,,4.0,0.0036
2023-11-10 23:59:00,47.0,0.0,0.01,,4.1,0.0037
2023-11-11 23:59:00,48.0,0.0,0.01,,2.0,0.0024
2023-11-12 23:59:00,50.0,0.0,0.01,,2.2,0.0025
2023-11-13 23:59:00,52.0,0.0,0.01,,2.6,0.0028
2023-11-14 23:59:00,57.0,0.0,0.01,,3.6,0.0034
2023-11-15 23:59:00,57.0,0.07,0.07,,3.4,0.0104
2023-11-16 23:59:00,59.0,0.12,0.19,,4.2,0.0253
2023-11-17 23:59:00,58.0,0.0,0.19,,3.2,0.0247
2023-11-18 23:59:00,56.0,0.0,0.19,,4.5,0.0255
2023-11-19 23:59:00,53.0,0.1,0.29000000000000004,,6.1,0.0385
2023-11-20 23:59:00,49.0,0.0,0.29000000000000004,,8.2,0.0397
2023-11-21 23:59:00,47.0,0.0,0.29000000000000004,,2.6,0.0364
2023-11-22 23:59:00,46.0,0.0,0.22,,2.0,0.0276
2023-11-24 23:59:00,46.0,0.02,0.12000000000000001,,0.0,0.0144
2023-11-25 23:59:00,44.0,0.0,0.12000000000000001,,7.6,0.019
2023-11-26 23:59:00,41.0,0.0,0.12000000000000001,,4.6,0.0172
2023-11-27 23:59:00,41.0,0.0,0.02,,3.0,0.0042
2023-11-28 23:59:00,41.0,0.0,0.02,,1.3,0.0032
2023-11-29 23:59:00,46.0,0.0,0.02,,2.4,0.0038
2023-11-30 23:59:00,45.0,0.0,0.02,,3.8,0.0047
2023-12-01 23:59:00,43.0,0.0,0.0,,5.5,0.0033
2023-12-02 23:59:00,44.0,0.0,0.0,,2.5,0.0015
2023-12-03 23:59:00,46.0,0.0,0.0,,2.6,0.0016
2023-12-05 23:59:00,50.0,0.0,0.0,,0.0,0.0
2023-12-06 23:59:00,48.0,0.0,0.0,,2.4,0.0014
2023-12-07 23:59:00,49.0,0.0,0.0,,3.8,0.0023
2023-12-08 23:59:00,44.0,0.0,0.0,,8.3,0.005
2023-12-09 23:59:00,41.0,0.0,0.0,,6.2,0.0037
2023-12-10 23:59:00,39.0,0.0,0.0,,1.8,0.0011
2023-12-11 23:59:00,40.0,0.0,0.0,,1.1,0.0007
2023-12-12 23:59:00,43.0,0.0,0.0,,3.2,0.0019
2023-12-13 23:59:00,44.0,0.0,0.0,,4.4,0.0026
2023-12-14 23:59:00,43.0,0.0,0.0,,2.8,0.0017
2023-12-15 23:59:00,42.0,0.0,0.0,,1.5,0.0009
2023-12-16 23:59:00,43.0,0.0,0.0,,1.1,0.0007
2023-12-17 23:59:00,42.0,0.0,0.0,,1.7,0.001
2023-12-18 23:59:00,44.0,0.0,0.0,,2.8,0.0017
2023-12-19 23:59:00,50.0,0.0,0.0,,4.3,0.0026
2023-12-20 23:59:00,58.0,0.0,0.0,,4.9,0.0029
2023-12-21 23:59:00,57.0,0.0,0.0,,3.8,0.0023
2023-12-22 23:59:00,50.0,0.06,0.06,,3.0,0.009
2023-12-23 23:59:00,49.0,0.0,0.06,,1.9,0.0083
2023-12-24 23:59:00,40.0,0.0,0.06,,4.9,0.0101
2023-12-25 23:59:00,40.0,0.0,0.06,,3.5,0.0093
2023-12-26 23:59:00,37.0,0.0,0.06,,2.4,0.0086
2023-12-27 23:59:00,37.0,0.0,0.06,,2.5,0.0087
2023-12-28 23:59:00,43.0,0.0,0.06,,2.2,0.0085
2023-12-29 23:59:00,43.0,0.0,0.0,,2.1,0.0013
2023-12-30 23:59:00,52.0,0.0,0.0,,6.6,0.004
2023-12-31 23:59:00,42.0,0.0,0.0,,2.2,0.0013
2024-01-01 23:59:00,45.0,0.0,0.0,,1.8,0.0011
2024-01-02 23:59:00,42.0,0.0,0.0,,2.7,0.0016
2024-01-03 23:59:00,37.0,0.05,0.05,,2.3,0.0074
2024-01-04 23:59:00,42.0,0.0,0.05,,5.6,0.0094
2024-01-05 23:59:00,41.0,0.0,0.05,,5.1,0.0091
2024-01-06 23:59:00,35.0,0.0,0.05,,3.6,0.0082
2024-01-07 23:59:00,34.0,0.0,0.05,,6.6,0.01
2024-01-08 23:59:00,33.0,0.0,0.05,,6.7,0.01
2024-01-09 23:59:00,30.0,0.0,0.05,,2.9,0.0077
2024-01-10 23:59:00,31.0,0.0,0.0,,2.8,0.0017
2024-01-11 23:59:00,35.0,0.05,0.05,,6.7,0.01
2024-01-12 23:59:00,31.0,0.0,0.05,,2.6,0.0076
2024-01-13 23:59:00,33.0,0.0,0.05,,1.8,0.0071
2024-01-14 23:59:00,40.0,0.0,0.05,,3.4,0.008
2024-01-15 23:59:00,42.0,0.0,0.05,,3.1,0.0079
2024-01-16 23:59:00,41.0,0.0,0.05,,2.0,0.0072
2024-01-17 23:59:00,41.0,0.0,0.05,,2.6,0.0076
2024-01-18 23:59:00,44.0,0.0,0.0,,1.4,0.0008
2024-01-19 23:59:00,44.0,0.0,0.0,,2.1,0.0013
2024-01-20 23:59:00,45.0,0.01,0.01,,3.1,0.0031
2024-01-21 23:59:00,46.0,0.1,0.11,,2.2,0.0145
2024-01-22 23:59:00,48.0,0.17,0.28,,4.3,0.0362
2024-01-23 23:59:00,46.0,0.27,0.55,,2.9,0.0617
2024-01-24 23:59:00,44.0,0.0,0.55,,2.8,0.0617
2024-01-25 23:59:00,,0.0,0.55,,0.0,
2024-01-26 23:59:00,46.0,0.0,0.55,,4.6,0.0628
2024-01-27 23:59:00,45.0,0.0,0.54,,1.7,0.061
2024-01-28 23:59:00,49.0,0.0,0.44000000000000006,,1.2,0.0535
2024-01-29 23:59:00,52.0,0.0,0.27,,1.1,0.0331
2024-01-30 23:59:00,54.0,0.0,0.0,,1.0,0.0006
2024-01-31 23:59:00,53.0,0.0,0.0,,3.3,0.002
2024-02-01 23:59:00,55.0,0.37,0.37,,9.0,0.0498
2024-02-02 23:59:00,45.0,0.13,0.5,,6.0,0.0636
2024-02-03 23:59:00,43.0,0.0,0.5,,5.2,0.0631
2024-02-04 23:59:00,44.0,0.0,0.5,,6.3,0.0638
2024-02-05 23:59:00,53.0,0.0,0.5,,6.9,0.0641
2024-02-06 23:59:00,49.0,0.13,0.63,,5.8,0.0635
2024-02-07 23:59:00,45.0,0.08,0.71,,7.8,0.0647
2024-02-08 23:59:00,41.0,0.11,0.45,,7.4,0.0584
2024-02-09 23:59:00,40.0,0.0,0.32,,3.4,0.0404
2024-02-10 23:59:00,42.0,0.0,0.32,,8.5,0.0435
2024-02-11 23:59:00,40.0,0.0,0.32,,3.2,0.0403
2024-02-12 23:59:00,42.0,0.0,0.32,,2.3,0.0398
2024-02-13 23:59:00,45.0,0.0,0.19,,3.4,0.0248
2024-02-14 23:59:00,46.0,0.0,0.11,,1.5,0.0141
2024-02-15 23:59:00,48.0,0.0,0.0,,3.4,0.002
2024-02-16 23:59:00,49.0,0.0,0.0,,3.6,0.0022
2024-02-17 23:59:00,51.0,0.0,0.0,,4.3,0.0026
2024-02-18 23:59:00,54.0,0.0,0.0,,3.4,0.002
2024-02-19 23:59:00,54.0,0.0,0.0,,6.7,0.004
2024-02-20 23:59:00,53.0,0.11,0.11,,6.8,0.0173
2024-02-21 23:59:00,51.0,0.1,0.21000000000000002,,3.6,0.0274
2024-02-22 23:59:00,49.0,0.0,0.21000000000000002,,2.7,0.0268
2024-02-23 23:59:00,50.0,0.0,0.21000000000000002,,3.5,0.0273
2024-02-24 23:59:00,50.0,0.0,0.21000000000000002,,3.5,0.0273
2024-02-25 23:59:00,52.0,0.0,0.21000000000000002,,2.5,0.0267
2024-02-26 23:59:00,54.0,0.0,0.21000000000000002,,6.0,0.0288
2024-02-27 23:59:00,55.0,0.0,0.1,,11.3,0.0188
2024-02-28 23:59:00,49.0,0.0,0.0,,4.1,0.0025
2024-02-29 23:59:00,50.0,0.0,0.0,,4.3,0.0026
2024-03-01 23:59:00,59.0,0.0,0.0,,11.9,0.0071
2024-03-02 23:59:00,,0.0,0.0,,0.0,
2024-03-03 23:59:00,54.0,0.0,0.0,,12.5,0.0075
2024-03-04 23:59:00,50.0,0.0,0.0,,5.8,0.0035
2024-03-05 23:59:00,51.0,0.0,0.0,,3.4,0.002
2024-03-06 23:59:00,52.0,0.0,0.0,,3.8,0.0023
2024-03-07 23:59:00,53.0,0.0,0.0,,8.3,0.005
2024-03-08 23:59:00,51.0,0.0,0.0,,11.4,0.0068
2024-03-09 23:59:00,50.0,0.0,0.0,,4.9,0.0029
2024-03-10 23:59:00,51.0,0.0,0.0,,4.3,0.0026
2024-03-11 23:59:00,55.0,0.0,0.0,,4.8,0.0029
2024-03-12 23:59:00,51.0,0.0,0.0,,3.2,0.0019
2024-03-13 23:59:00,52.0,0.0,0.0,,8.1,0.0049
2024-03-14 23:59:00,50.0,0.0,0.0,,17.2,0.0103
2024-03-15 23:59:00,50.0,0.07,0.07,,12.4,0.0158
2024-03-16 23:59:00,51.0,0.18,0.25,,4.7,0.0328
2024-03-17 23:59:00,51.0,0.0,0.25,,5.4,0.0332
2024-03-18 23:59:00,55.0,0.0,0.25,,7.6,0.0346
2024-03-19 23:59:00,57.0,0.0,0.25,,5.3,0.0332
2024-03-20 23:59:00,58.0,0.0,0.25,,6.5,0.0339
2024-03-21 23:59:00,61.0,0.0,0.25,,5.8,0.0335
2024-03-22 23:59:00,59.0,0.0,0.18,,6.0,0.0252
2024-03-23 23:59:00,62.0,0.0,0.0,,13.5,0.0081
2024-03-24 23:59:00,49.0,0.13,0.13,,7.9,0.0203
2024-03-25 23:59:00,48.0,0.0,0.13,,7.4,0.02
2024-03-26 23:59:00,52.0,0.01,0.14,,8.1,0.0217
2024-03-27 23:59:00,51.0,0.0,0.14,,5.3,0.02
2024-03-28 23:59:00,58.0,0.0,0.14,,7.8,0.0215
2024-03-29 23:59:00,59.0,0.0,0.14,,7.8,0.0215
2024-03-30 23:59:00,54.0,0.48,0.62,,10.5,0.0663
2024-03-31 23:59:00,49.0,0.2,0.69,,4.3,0.0626
2024-04-01 23:59:00,52.0,0.0,0.69,,5.8,0.0635
2024-04-02 23:59:00,57.0,0.0,0.6799999999999999,,6.2,0.0637
2024-04-03 23:59:00,59.0,0.0,0.6799999999999999,,5.1,0.0631
2024-04-04 23:59:00,64.0,0.0,0.6799999999999999,,13.8,0.0683
2024-04-05 23:59:00,51.0,0.0,0.6799999999999999,,15.6,0.0694
2024-04-06 23:59:00,46.0,0.0,0.2,,10.2,0.0301
2024-04-07 23:59:00,50.0,0.0,0.0,,4.3,0.0026
2024-04-08 23:59:00,53.0,0.0,0.0,,11.0,0.0066
2024-04-09 23:59:00,57.0,0.0,0.0,,7.3,0.0044
2024-04-10 23:59:00,61.0,0.0,0.0,,3.7,0.0022
2024-04-11 23:59:00,66.0,0.0,0.0,,4.4,0.0219
2024-04-12 23:59:00,69.0,0.0,0.0,,9.5,0.0827
2024-04-13 23:59:00,68.0,0.0,0.0,,11.1,0.0644
2024-04-14 23:59:00,62.0,0.0,0.0,,11.9,0.0071
2024-04-15 23:59:00,59.0,0.0,0.0,,8.3,0.005
2024-04-16 23:59:00,62.0,0.0,0.0,,4.1,0.0025
2024-04-17 23:59:00,67.0,0.0,0.0,,5.7,0.0419
2024-04-18 23:59:00,69.0,0.0,0.0,,6.3,0.0808
2024-04-19 23:59:00,68.0,0.0,0.0,,4.8,0.0606
2024-04-20 23:59:00,70.0,0.0,0.0,,5.6,0.0996
2024-04-21 23:59:00,,0.0,0.0,,0.0,
2024-04-22 23:59:00,72.0,0.0,0.0,,6.3,0.1385
2024-04-23 23:59:00,72.0,0.0,0.0,,7.2,0.1391
2024-04-24 23:59:00,72.0,0.0,0.0,,11.7,0.1418
2024-04-25 23:59:00,69.0,0.0,0.0,,9.1,0.0825
2024-04-26 23:59:00,58.0,0.0,0.0,,11.8,0.0071
2024-04-27 23:59:00,59.0,0.0,0.0,,10.7,0.0064
2024-04-28 23:59:00,62.0,0.0,0.0,,6.1,0.0037
2024-04-29 23:59:00,66.0,0.0,0.0,,6.2,0.023
2024-04-30 23:59:00,69.0,0.0,0.0,,5.8,0.0805
2024-05-01 23:59:00,70.0,0.0,0.0,,9.8,0.1021
2024-05-02 23:59:00,66.0,0.0,0.0,,6.2,0.023
2024-05-03 23:59:00,67.0,0.0,0.0,,7.4,0.0429
2024-05-04 23:59:00,71.0,0.0,0.0,,12.7,0.1231
2024-05-05 23:59:00,59.0,0.0,0.0,,12.9,0.0077
2024-05-06 23:59:00,55.0,0.0,0.0,,8.0,0.0048
2024-05-07 23:59:00,64.0,0.0,0.0,,10.7,0.0064
2024-05-08 23:59:00,60.0,0.0,0.0,,12.8,0.0077
2024-05-09 23:59:00,64.0,0.0,0.0,,11.0,0.0066
2024-05-10 23:59:00,65.0,0.0,0.0,,8.9,0.0053
2024-05-11 23:59:00,63.0,0.0,0.0,,6.0,0.0036
2024-05-12 23:59:00,70.0,0.0,0.0,,5.8,0.0997
2024-05-13 23:59:00,74.0,0.0,0.0,,5.8,0.1767
2024-05-14 23:59:00,77.0,0.0,0.0,,7.7,0.2356
2024-05-15 23:59:00,75.0,0.0,0.0,,10.5,0.1988
2024-05-16 23:59:00,76.0,0.0,0.0,,7.2,0.2161
2024-05-17 23:59:00,78.0,0.0,0.0,,6.3,0.254
2024-05-18 23:59:00,82.0,0.0,0.0,,9.1,0.3327
2024-05-19 23:59:00,78.0,0.0,0.0,,9.9,0.2562
2024-05-20 23:59:00,75.0,0.0,0.0,,13.9,0.2008
2024-05-21 23:59:00,69.0,0.0,0.0,,8.8,0.0823
2024-05-22 23:59:00,69.0,0.0,0.0,,7.7,0.0816
2024-05-23 23:59:00,74.0,0.0,0.0,,12.9,0.181
2024-05-24 23:59:00,74.0,0.0,0.0,,11.1,0.1799
2024-05-25 23:59:00,76.0,0.0,0.0,,11.9,0.2189
2024-05-26 23:59:00,75.0,0.0,0.0,,5.4,0.1957
2024-05-27 23:59:00,78.0,0.0,0.0,,5.5,0.2536
2024-05-28 23:59:00,81.0,0.0,0.0,,6.2,0.3117
2024-05-29 23:59:00,79.0,0.0,0.0,,7.2,0.2738
2024-05-30 23:59:00,81.0,0.0,0.0,,6.6,0.312
2024-05-31 23:59:00,83.0,0.0,0.0,,6.8,0.3506
2024-06-01 23:59:00,81.0,0.0,0.0,,9.4,0.3136
2024-06-02 23:59:00,83.0,0.0,0.0,,9.0,0.3519
2024-06-03 23:59:00,83.0,0.0,0.0,,8.0,0.3513
2024-06-04 23:59:00,86.0,0.0,0.0,,8.4,0.4093
2024-06-05 23:59:00,87.0,0.0,0.0,,4.7,0.4263
2024-06-06 23:59:00,91.0,0.0,0.0,,6.4,0.5043
2024-06-07 23:59:00,90.0,0.0,0.0,,7.9,0.486
2024-06-08 23:59:00,89.0,0.0,0.0,,6.8,0.4661
2024-06-09 23:59:00,88.0,0.0,0.0,,9.3,0.4483
2024-06-10 23:59:00,,0.0,0.0,,0.0,
2024-06-11 23:59:00,86.0,0.0,0.0,,5.2,0.4074
2024-06-12 23:59:00,88.0,0.0,0.0,,6.1,0.4464
2024-06-13 23:59:00,86.0,0.0,0.0,,9.5,0.41
2024-06-14 23:59:00,88.0,0.0,0.0,,7.4,0.4472
2024-06-15 23:59:00,88.0,0.0,0.0,,6.9,0.4469
2024-06-16 23:59:00,87.0,0.0,0.0,,8.3,0.4285
2024-06-17 23:59:00,84.0,0.0,0.0,,12.6,0.3733
2024-06-18 23:59:00,76.0,0.0,0.0,,8.1,0.2166
2024-06-19 23:59:00,79.0,0.0,0.0,,7.3,0.2739
2024-06-20 23:59:00,84.0,0.0,0.0,,6.3,0.3695
2024-06-21 23:59:00,88.0,0.0,0.0,,7.8,0.4474
2024-06-22 23:59:00,89.0,0.0,0.0,,7.3,0.4664
2024-06-23 23:59:00,94.0,0.0,0.0,,9.8,0.5641
2024-06-24 23:59:00,93.0,0.0,0.0,,7.4,0.5434
2024-06-25 23:59:00,96.0,0.0,0.0,,10.4,0.603
2024-06-26 23:59:00,93.0,0.0,0.0,,8.5,0.5441
2024-06-27 23:59:00,96.0,0.0,0.0,,12.3,0.6041
2024-06-28 23:59:00,92.0,0.0,0.0,,10.1,0.5258
2024-06-29 23:59:00,92.0,0.0,0.0,,11.0,0.5264
2024-06-30 23:59:00,91.0,0.0,0.0,,12.6,0.5081
2024-07-01 23:59:00,88.0,0.0,0.0,,8.1,0.4476
2024-07-02 23:59:00,91.0,0.0,0.0,,8.3,0.5055
2024-07-03 23:59:00,92.0,0.0,0.0,,8.0,0.5246
2024-07-04 23:59:00,91.0,0.0,0.0,,9.1,0.506
2024-07-05 23:59:00,91.0,0.0,0.0,,6.4,0.5043
2024-07-06 23:59:00,92.0,0.0,0.0,,6.1,0.5234
2024-07-07 23:59:00,93.0,0.0,0.0,,10.1,0.5451
2024-07-08 23:59:00,95.0,0.0,0.0,,7.9,0.5822
2024-07-09 23:59:00,93.0,0.0,0.0,,4.7,0.5418
2024-07-10 23:59:00,96.0,0.0,0.0,,6.6,0.6007
2024-07-11 23:59:00,95.0,0.0,0.0,,5.8,0.581
2024-07-12 23:59:00,96.0,0.0,0.0,,6.9,0.6009
2024-07-13 23:59:00,94.0,0.0,0.0,,8.6,0.5634
2024-07-14 23:59:00,,0.0,0.0,,0.0,
2024-07-15 23:59:00,,0.0,0.0,,9.7,
2024-07-16 23:59:00,92.0,0.05,0.05,,7.6,0.5303
2024-07-17 23:59:00,94.0,0.0,0.05,,8.6,0.5694
2024-07-18 23:59:00,95.0,0.0,0.05,,8.6,0.5887
2024-07-19 23:59:00,92.0,0.0,0.05,,7.2,0.5301
2024-07-20 23:59:00,94.0,0.0,0.05,,8.2,0.5692
2024-07-21 23:59:00,93.0,0.04,0.09,,6.9,0.5539
2024-07-22 23:59:00,94.0,0.0,0.09,,7.3,0.5734
2024-07-23 23:59:00,94.0,0.0,0.04,,7.5,0.5676
2024-07-24 23:59:00,94.0,0.0,0.04,,7.7,0.5677
2024-07-25 23:59:00,91.0,0.08,0.12,,9.0,0.5203
2024-07-26 23:59:00,94.0,0.0,0.12000000000000001,,8.7,0.5779
2024-07-27 23:59:00,93.0,0.0,0.12000000000000001,,14.3,0.562
2024-07-28 23:59:00,86.0,0.0,0.08000000000000002,,7.0,0.418
2024-07-29 23:59:00,86.0,0.0,0.08000000000000002,,6.1,0.4175
2024-07-30 23:59:00,86.0,0.0,0.08000000000000002,,5.8,0.4173
2024-07-31 23:59:00,88.0,0.0,0.08000000000000002,,5.3,0.4555
2024-08-01 23:59:00,90.0,0.0,0.0,,6.7,0.4853
2024-08-02 23:59:00,91.0,0.0,0.0,,7.5,0.505
2024-08-03 23:59:00,91.0,0.0,0.0,,7.6,0.5051
2024-08-04 23:59:00,93.0,0.0,0.0,,9.2,0.5445
2024-08-05 23:59:00,94.0,0.0,0.0,,8.7,0.5635
2024-08-06 23:59:00,96.0,0.0,0.0,,8.2,0.6017
2024-08-07 23:59:00,94.0,0.0,0.0,,9.3,0.5638
2024-08-08 23:59:00,92.0,0.0,0.0,,10.1,0.5258
2024-08-09 23:59:00,91.0,0.0,0.0,,8.7,0.5057
2024-08-10 23:59:00,92.0,0.0,0.0,,11.1,0.5264
2024-08-11 23:59:00,89.0,0.0,0.0,,8.1,0.4669
2024-08-12 23:59:00,90.0,0.0,0.0,,8.6,0.4864
2024-08-13 23:59:00,91.0,0.0,0.0,,13.8,0.5088
2024-08-14 23:59:00,87.0,0.0,0.0,,7.8,0.4282
2024-08-15 23:59:00,86.0,0.0,0.0,,6.1,0.4079
2024-08-16 23:59:00,87.0,0.0,0.0,,5.6,0.4269
2024-08-17 23:59:00,90.0,0.0,0.0,,12.0,0.4884
2024-08-18 23:59:00,84.0,1.21,1.21,,9.0,0.4312
2024-08-19 23:59:00,86.0,0.0,1.21,,3.5,0.4664
2024-08-20 23:59:00,90.0,0.0,1.21,,6.5,0.5452
2024-08-21 23:59:00,90.0,0.0,1.21,,12.6,0.5488
2024-08-22 23:59:00,79.0,0.11,1.32,,12.7,0.3371
2024-08-23 23:59:00,86.0,0.0,1.32,,17.2,0.4746
2024-08-24 23:59:00,83.0,0.0,1.32,,16.1,0.4162
2024-08-25 23:59:00,79.0,0.0,0.11,,9.5,0.2884
2024-08-26 23:59:00,77.0,0.0,0.11,,3.9,0.2465
2024-08-27 23:59:00,81.0,0.0,0.11,,3.8,0.3235
2024-08-28 23:59:00,83.0,0.0,0.11,,5.8,0.3632
2024-08-29 23:59:00,84.0,0.0,0.0,,4.0,0.3682
2024-09-03 23:59:00,,0.0,0.0,,0.0,
2024-09-04 23:59:00,87.0,0.0,0.0,,6.4,0.4273
2024-09-05 23:59:00,88.0,0.0,0.0,,9.1,0.4482
2024-09-07 23:59:00,86.0,0.0,0.0,,5.0,0.4073
2024-09-08 23:59:00,87.0,0.0,0.0,,8.5,0.4286
2024-09-09 23:59:00,85.0,0.0,0.0,,9.2,0.3905
2024-09-10 23:59:00,87.0,0.0,0.0,,8.1,0.4284
2024-09-11 23:59:00,86.0,0.0,0.0,,9.6,0.41
2024-09-12 23:59:00,,0.0,0.0,,0.0,
2024-09-13 23:59:00,77.0,0.0,0.0,,6.7,0.235
2024-09-14 23:59:00,78.0,0.0,0.0,,4.6,0.253
2024-09-15 23:59:00,83.0,0.0,0.0,,11.1,0.3532
2024-09-16 23:59:00,79.0,0.0,0.0,,17.6,0.2801
2024-09-17 23:59:00,70.0,0.0,0.0,,7.4,0.1007
2024-09-18 23:59:00,70.0,0.0,0.0,,6.4,0.1001
2024-09-19 23:59:00,73.0,0.0,0.0,,6.1,0.1577
2024-09-20 23:59:00,73.0,0.0,0.0,,6.8,0.1581
2024-09-21 23:59:00,75.0,0.0,0.0,,5.8,0.196
2024-09-22 23:59:00,76.0,0.0,0.0,,4.3,0.2143
2024-09-23 23:59:00,79.0,0.0,0.0,,5.1,0.2726
2024-09-24 23:59:00,79.0,0.0,0.0,,3.1,0.2714
2024-09-25 23:59:00,81.0,0.0,0.0,,5.8,0.3115
2024-09-26 23:59:00,81.0,0.0,0.0,,4.1,0.3105
2024-09-27 23:59:00,84.0,0.0,0.0,,3.6,0.3679
2024-09-28 23:59:00,85.0,0.0,0.0,,5.2,0.3881
2024-09-29 23:59:00,85.0,0.0,0.0,,4.1,0.3875
2024-09-30 23:59:00,85.0,0.0,0.0,,4.4,0.3876
2024-10-01 23:59:00,84.0,0.0,0.0,,3.6,0.3679
2024-10-02 23:59:00,82.0,0.0,0.0,,5.1,0.3303
2024-10-03 23:59:00,81.0,0.0,0.0,,2.8,0.3097
2024-10-04 23:59:00,81.0,0.0,0.0,,4.2,0.3105
2024-10-05 23:59:00,80.0,0.0,0.0,,4.2,0.2913
2024-10-06 23:59:00,81.0,0.0,0.0,,3.5,0.3101
2024-10-07 23:59:00,80.0,0.0,0.0,,3.2,0.2907
2024-10-08 23:59:00,80.0,0.0,0.0,,3.1,0.2906
2024-10-09 23:59:00,79.0,0.0,0.0,,3.5,0.2716
2024-10-10 23:59:00,76.0,0.0,0.0,,2.6,0.2133
2024-10-12 23:59:00,77.0,0.0,0.0,,5.2,0.2341
2024-10-13 23:59:00,75.0,0.0,0.0,,5.6,0.1959
2024-10-14 23:59:00,73.0,0.0,0.0,,4.3,0.1566
2024-10-15 23:59:00,73.0,0.0,0.0,,4.3,0.1566
2024-10-16 23:59:00,76.0,0.0,0.0,,7.3,0.2161
2024-10-17 23:59:00,73.0,0.0,0.0,,12.9,0.1617
2024-10-18 23:59:00,,0.28,0.28,,14.8,
2024-10-19 23:59:00,62.0,0.0,0.28,,9.1,0.0391
2024-10-20 23:59:00,63.0,0.0,0.28,,4.7,0.0364
2024-10-21 23:59:00,63.0,0.0,0.28,,3.5,0.0357
2024-10-22 23:59:00,66.0,0.0,0.28,,2.0,0.0541
2024-10-23 23:59:00,66.0,0.0,0.28,,2.6,0.0544
2024-10-24 23:59:00,65.0,0.0,0.28,,3.1,0.0355
2024-10-25 23:59:00,64.0,0.0,0.0,,2.7,0.0016
2024-10-26 23:59:00,64.0,0.0,0.0,,2.7,0.0016
2024-10-27 23:59:00,63.0,0.0,0.0,,2.5,0.0015
2024-10-28 23:59:00,72.0,0.0,0.0,,12.3,0.1421
2024-10-29 23:59:00,52.0,0.01,0.01,,8.9,0.0065
2024-10-30 23:59:00,48.0,0.0,0.01,,4.8,0.0041
2024-11-01 23:59:00,,0.0,0.01,,0.0,
2024-11-02 23:59:00,53.0,0.0,0.01,,6.9,0.0053
2024-11-03 23:59:00,51.0,0.09,0.09999999999999999,,9.0,0.0174
2024-11-04 23:59:00,51.0,0.0,0.09999999999999999,,6.3,0.0158
2024-11-05 23:59:00,46.0,0.0,0.09999999999999999,,9.1,0.0175
2024-11-06 23:59:00,47.0,0.0,0.09,,14.5,0.0195
2024-11-07 23:59:00,46.0,0.0,0.09,,4.9,0.0137
2024-11-08 23:59:00,46.0,0.0,0.09,,6.5,0.0147
2024-11-09 23:59:00,49.0,0.0,0.09,,2.2,0.0121
2024-11-10 23:59:00,50.0,0.0,0.0,,1.3,0.0008
2024-11-11 23:59:00,53.0,0.0,0.0,,3.6,0.0022
2024-11-12 23:59:00,53.0,0.0,0.0,,12.0,0.0072
2024-11-13 23:59:00,49.0,0.0,0.0,,3.5,0.0021
2024-11-14 23:59:00,48.0,0.0,0.0,,2.0,0.0012
2024-11-15 23:59:00,47.0,0.0,0.0,,7.1,0.0043
2024-11-16 23:59:00,45.0,0.0,0.0,,6.0,0.0036
2024-11-17 23:59:00,45.0,0.0,0.0,,3.5,0.0021
2024-11-18 23:59:00,45.0,0.0,0.0,,3.2,0.0019
2024-11-19 23:59:00,43.0,0.0,0.0,,3.8,0.0023
2024-11-20 23:59:00,47.0,0.0,0.0,,4.6,0.0028
2024-11-21 23:59:00,47.0,0.0,0.0,,3.1,0.0019
2024-11-22 23:59:00,48.0,0.0,0.0,,2.9,0.0017
2024-11-23 23:59:00,51.0,0.0,0.0,,3.2,0.0019
2024-11-24 23:59:00,51.0,0.0,0.0,,7.9,0.0047
2024-11-25 23:59:00,43.0,0.0,0.0,,3.7,0.0022
2024-11-26 23:59:00,48.0,0.0,0.0,,2.3,0.0014
2024-11-27 23:59:00,48.0,0.17,0.17,,8.3,0.0254
2024-11-28 23:59:00,43.0,0.0,0.17,,1.4,0.0212
2024-11-29 23:59:00,40.0,0.0,0.17,,2.5,0.0219
2024-11-30 23:59:00,42.0,0.0,0.17,,2.1,0.0217
2024-12-22 23:59:00,,0.0,0.17,,0.0,
2024-12-25 23:59:00,,0.0,0.17,,0.0,
2024-12-31 23:59:00,43.0,0.0,0.17,,2.8,0.0221
2025-01-01 23:59:00,38.0,0.0,0.0,,1.9,0.0011
2025-01-02 23:59:00,42.0,0.0,0.0,,1.0,0.0006
2025-01-03 23:59:00,43.0,0.0,0.0,,2.1,0.0013
2025-01-04 23:59:00,46.0,0.0,0.0,,9.6,0.0058
2025-01-05 23:59:00,44.0,0.0,0.0,,3.5,0.0021
2025-01-06 23:59:00,43.0,0.0,0.0,,2.0,0.0012
2025-01-07 23:59:00,48.0,0.0,0.0,,23.5,0.012
2025-01-08 23:59:00,43.0,0.0,0.0,,11.6,0.007
2025-01-09 23:59:00,40.0,0.0,0.0,,17.4,0.0104
2025-01-10 23:59:00,39.0,0.0,0.0,,4.1,0.0025
2025-01-11 23:59:00,39.0,0.0,0.0,,10.1,0.0061
2025-01-12 23:59:00,39.0,0.0,0.0,,6.7,0.004
2025-01-13 23:59:00,38.0,0.0,0.0,,3.7,0.0022
2025-01-14 23:59:00,37.0,0.0,0.0,,5.2,0.0031
2025-01-15 23:59:00,40.0,0.0,0.0,,3.4,0.002
2025-01-16 23:59:00,39.0,0.0,0.0,,1.0,0.0006
2025-01-17 23:59:00,39.0,0.0,0.0,,2.9,0.0017
2025-01-18 23:59:00,38.0,0.0,0.0,,6.9,0.0041
2025-01-19 23:59:00,36.0,0.0,0.0,,1.7,0.001
2025-01-20 23:59:00,34.0,0.0,0.0,,15.4,0.0092
2025-01-21 23:59:00,30.0,0.0,0.0,,3.9,0.0023
2025-01-22 23:59:00,37.0,0.0,0.0,,6.2,0.0037
2025-01-23 23:59:00,38.0,0.0,0.0,,3.7,0.0022
2025-01-24 23:59:00,36.0,0.0,0.0,,1.4,0.0008
2025-01-25 23:59:00,36.0,0.0,0.0,,1.0,0.0006
2025-01-26 23:59:00,40.0,0.0,0.0,,2.3,0.0014
2025-01-27 23:59:00,40.0,0.0,0.0,,4.5,0.0027
2025-01-28 23:59:00,38.0,0.0,0.0,,4.1,0.0025
2025-01-29 23:59:00,42.0,0.0,0.0,,6.0,0.0036
2025-01-30 23:59:00,42.0,0.0,0.0,,6.6,0.004
2025-01-31 23:59:00,39.0,0.0,0.0,,2.2,0.0013
2025-02-01 23:59:00,47.0,0.0,0.0,,1.7,0.001
2025-02-02 23:59:00,51.0,0.0,0.0,,2.1,0.0013
2025-02-03 23:59:00,53.0,0.0,0.0,,1.2,0.0007
2025-02-04 23:59:00,59.0,0.0,0.0,,8.1,0.0049
2025-02-05 23:59:00,62.0,0.0,0.0,,9.5,0.0057
2025-02-06 23:59:00,57.0,0.0,0.0,,10.6,0.0064
2025-02-07 23:59:00,62.0,0.0,0.0,,14.2,0.0085
2025-02-09 23:59:00,,0.0,0.0,,0.0,
2025-02-10 23:59:00,,0.0,0.0,,0.0,
2025-02-11 23:59:00,45.0,0.0,0.0,,8.2,0.0049
2025-02-12 23:59:00,36.0,0.0,0.0,,5.0,0.003
2025-02-13 23:59:00,34.0,0.23,0.23,,4.6,0.0304
2025-02-14 23:59:00,48.0,0.02,0.25,,5.8,0.0335
2025-02-15 23:59:00,47.0,0.0,0.25,,4.1,0.0325
2025-02-16 23:59:00,46.0,0.0,0.25,,2.4,0.0314
2025-02-17 23:59:00,50.0,0.0,0.25,,2.1,0.0313
2025-02-18 23:59:00,53.0,0.0,0.25,,4.7,0.0328
2025-02-19 23:59:00,50.0,0.0,0.25,,2.1,0.0313
2025-02-20 23:59:00,49.0,0.0,0.02,,7.6,0.007
2025-02-21 23:59:00,51.0,0.0,0.0,,7.4,0.0044
2025-02-22 23:59:00,51.0,0.0,0.0,,3.5,0.0021
2025-02-23 23:59:00,53.0,0.0,0.0,,3.4,0.002
2025-02-24 23:59:00,58.0,0.0,0.0,,1.2,0.0007
2025-02-25 23:59:00,62.0,0.0,0.0,,5.2,0.0031
2025-02-26 23:59:00,56.0,0.0,0.0,,12.8,0.0077
2025-02-27 23:59:00,55.0,0.0,0.0,,8.8,0.0053
2025-02-28 23:59:00,,0.0,0.0,,3.1,
2025-03-01 23:59:00,57.0,0.0,0.0,,4.6,0.0028
2025-03-02 23:59:00,57.0,0.0,0.0,,16.2,0.0097
2025-03-03 23:59:00,45.0,0.02,0.02,,9.6,0.0082
2025-03-04 23:59:00,49.0,0.0,0.02,,4.2,0.0049
2025-03-05 23:59:00,49.0,0.0,0.02,,5.7,0.0058
2025-03-06 23:59:00,47.0,0.13,0.15,,12.9,0.0257
2025-03-07 23:59:00,44.0,0.0,0.15,,8.6,0.0232
2025-03-08 23:59:00,50.0,0.0,0.15,,5.8,0.0215
2025-03-09 23:59:00,51.0,0.0,0.15,,3.9,0.0203
2025-03-10 23:59:00,55.0,0.0,0.13,,3.9,0.0179
2025-03-11 23:59:00,55.0,0.0,0.13,,6.3,0.0194
2025-03-12 23:59:00,56.0,0.0,0.13,,8.2,0.0205
2025-03-13 23:59:00,48.0,0.27,0.27,,13.0,0.0402
2025-03-14 23:59:00,42.0,0.0,0.27,,7.6,0.037
2025-03-15 23:59:00,48.0,0.0,0.27,,9.5,0.0381
2025-03-16 23:59:00,49.0,0.0,0.27,,2.1,0.0337
2025-03-17 23:59:00,59.0,0.0,0.27,,13.6,0.0406
2025-03-18 23:59:00,50.0,0.01,0.28,,16.0,0.0432
2025-03-19 23:59:00,46.0,0.0,0.28,,4.9,0.0365
2025-03-21 23:59:00,55.0,0.0,0.01,,4.9,0.0041
2025-03-22 23:59:00,56.0,0.0,0.01,,4.6,0.004
2025-03-23 23:59:00,63.0,0.0,0.01,,4.6,0.004
2025-03-24 23:59:00,65.0,0.0,0.01,,2.7,0.0028
2025-03-25 23:59:00,69.0,0.0,0.01,,4.2,0.0807
2025-03-26 23:59:00,71.0,0.0,0.0,,4.8,0.1184
2025-03-27 23:59:00,69.0,0.0,0.0,,11.0,0.0836
2025-03-28 23:59:00,63.0,0.0,0.0,,7.7,0.0046
2025-03-29 23:59:00,58.0,0.0,0.0,,9.0,0.0054
2025-03-30 23:59:00,60.0,0.0,0.0,,6.2,0.0037
2025-03-31 23:59:00,64.0,0.0,0.0,,14.3,0.0086
2025-04-01 23:59:00,56.0,0.0,0.0,,14.6,0.0088
2025-04-02 23:59:00,49.0,0.03,0.03,,6.7,0.0076
2025-04-03 23:59:00,50.0,0.03,0.06,,7.5,0.0117
2025-04-04 23:59:00,51.0,0.0,0.06,,11.1,0.0139
2025-04-05 23:59:00,55.0,0.0,0.06,,10.0,0.0132
2025-04-06 23:59:00,57.0,0.0,0.06,,5.2,0.0103
2025-04-07 23:59:00,62.0,0.0,0.06,,5.3,0.0104
2025-04-08 23:59:00,66.0,0.0,0.06,,3.5,0.0286
2025-04-09 23:59:00,69.0,0.0,0.03,,4.5,0.0833
2025-04-10 23:59:00,73.0,0.0,0.0,,4.2,0.1565
2025-04-11 23:59:00,73.0,0.0,0.0,,5.7,0.1574
2025-04-12 23:59:00,74.0,0.0,0.0,,7.2,0.1776
2025-04-13 23:59:00,71.0,0.0,0.0,,8.7,0.1207
2025-04-14 23:59:00,70.0,0.0,0.0,,7.0,0.1004
2025-04-15 23:59:00,74.0,0.0,0.0,,4.1,0.1757
2025-04-16 23:59:00,71.0,0.0,0.0,,7.7,0.1201
2025-04-17 23:59:00,62.0,0.09,0.09,,13.2,0.0187
2025-04-18 23:59:00,52.0,0.0,0.09,,10.5,0.0171
2025-04-19 23:59:00,54.0,0.0,0.09,,5.8,0.0143
2025-04-20 23:59:00,60.0,0.0,0.09,,6.4,0.0146
2025-04-21 23:59:00,64.0,0.0,0.09,,4.5,0.0135
2025-04-22 23:59:00,67.0,0.0,0.09,,5.8,0.0528
2025-04-23 23:59:00,72.0,0.0,0.09,,9.2,0.1511
2025-04-24 23:59:00,71.0,0.0,0.0,,7.1,0.1198
2025-04-25 23:59:00,71.0,0.0,0.0,,15.1,0.1246
2025-04-27 23:59:00,,0.0,0.0,,0.0,
2025-04-28 23:59:00,62.0,0.0,0.0,,9.5,0.0057
2025-04-29 23:59:00,63.0,0.0,0.0,,5.5,0.0033
2025-04-30 23:59:00,69.0,0.0,0.0,,7.4,0.0814
2025-05-01 23:59:00,70.0,0.0,0.0,,7.2,0.1006
2025-05-02 23:59:00,71.0,0.0,0.0,,5.9,0.119
2025-05-03 23:59:00,73.0,0.06,0.06,,9.2,0.1667
2025-05-04 23:59:00,63.0,0.03,0.09,,8.5,0.0159
2025-05-05 23:59:00,58.0,0.31,0.4,,5.4,0.0512
2025-05-06 23:59:00,58.0,0.01,0.41,,5.3,0.0524
2025-05-07 23:59:00,63.0,0.0,0.41,,4.4,0.0518
2025-05-08 23:59:00,71.0,0.0,0.41,,3.5,0.1668
2025-05-09 23:59:00,78.0,0.0,0.41,,4.1,0.3019
2025-05-10 23:59:00,81.0,0.0,0.35,,6.8,0.3541
2025-05-11 23:59:00,84.0,0.0,0.31999999999999995,,14.7,0.413
2025-05-12 23:59:00,81.0,0.0,0.01,,20.1,0.3212
2025-05-13 23:59:00,67.0,0.0,0.0,,13.8,0.0468
2025-05-14 23:59:00,63.0,0.0,0.0,,8.0,0.0048
2025-05-15 23:59:00,66.0,0.0,0.0,,6.8,0.0233
2025-05-16 23:59:00,70.0,0.0,0.0,,5.3,0.0994
2025-05-17 23:59:00,69.0,0.01,0.01,,15.8,0.0877
2025-05-18 23:59:00,63.0,0.01,0.02,,9.4,0.008
2025-05-19 23:59:00,67.0,0.0,0.02,,11.0,0.0475
2025-05-20 23:59:00,71.0,0.0,0.02,,6.7,0.1219
2025-05-21 23:59:00,75.0,0.0,0.02,,4.4,0.1975
2025-05-22 23:59:00,80.0,0.0,0.02,,7.6,0.2957
2025-05-23 23:59:00,82.0,0.0,0.02,,9.6,0.3354
2025-05-24 23:59:00,82.0,0.0,0.01,,8.9,0.3338
2025-05-25 23:59:00,77.0,0.0,0.0,,7.0,0.2352
2025-05-26 23:59:00,78.0,0.0,0.0,,5.6,0.2536
2025-05-27 23:59:00,82.0,0.0,0.0,,6.2,0.331
2025-05-28 23:59:00,81.0,0.0,0.0,,6.8,0.3121
2025-05-29 23:59:00,83.0,0.0,0.0,,5.2,0.3496
2025-05-30 23:59:00,87.0,0.0,0.0,,4.9,0.4264
2025-05-31 23:59:00,88.0,0.0,0.0,,5.7,0.4462
2025-06-01 23:59:00,87.0,0.0,0.0,,11.1,0.4302
2025-06-02 23:59:00,,0.0,0.0,,0.0,
2025-06-03 23:59:00,,0.0,0.0,,0.0,
2025-06-04 23:59:00,79.0,0.0,0.0,,10.8,0.276
2025-06-05 23:59:00,74.0,0.06,0.06,,7.4,0.1849
2025-06-06 23:59:00,76.0,0.0,0.06,,4.8,0.2218
2025-06-07 23:59:00,82.0,0.0,0.06,,3.5,0.3365
2025-06-08 23:59:00,86.0,0.0,0.06,,5.4,0.4147
2025-06-09 23:59:00,86.0,0.0,0.06,,6.1,0.4151
2025-06-10 23:59:00,88.0,0.0,0.06,,6.2,0.4537
2025-06-11 23:59:00,91.0,0.0,0.06,,11.2,0.5144
2025-06-12 23:59:00,89.0,0.0,0.0,,10.3,0.4682
2025-06-13 23:59:00,87.0,0.0,0.0,,11.2,0.4302
2025-06-14 23:59:00,88.0,0.0,0.0,,7.0,0.447
2025-06-15 23:59:00,90.0,0.0,0.0,,7.4,0.4857
2025-06-16 23:59:00,88.0,0.0,0.0,,10.2,0.4489
2025-06-17 23:59:00,88.0,0.0,0.0,,6.3,0.4465
2025-06-18 23:59:00,89.0,0.0,0.0,,5.1,0.4651
2025-06-19 23:59:00,90.0,0.0,0.0,,11.0,0.4878
2025-06-20 23:59:00,89.0,0.0,0.0,,17.7,0.4726
2025-06-21 23:59:00,86.0,0.0,0.0,,19.1,0.4157
2025-06-22 23:59:00,75.0,0.0,0.0,,9.1,0.198
2025-06-23 23:59:00,78.0,0.0,0.0,,8.4,0.2553
2025-06-24 23:59:00,80.0,0.0,0.0,,7.1,0.293
2025-06-25 23:59:00,82.0,0.0,0.0,,5.4,0.3305
2025-06-26 23:59:00,82.0,0.0,0.0,,6.2,0.331
2025-06-27 23:59:00,86.0,0.0,0.0,,6.5,0.4082
2025-06-28 23:59:00,85.0,0.0,0.0,,5.1,0.3881
2025-06-29 23:59:00,87.0,0.0,0.0,,4.8,0.4264
2025-06-30 23:59:00,,0.0,0.0,,5.3,
2025-07-01 23:59:00,93.0,0.0,0.0,,9.0,0.5444
2025-07-02 23:59:00,86.0,0.0,0.0,,11.7,0.4113
2025-07-03 23:59:00,86.0,0.0,0.0,,11.1,0.4109
2025-07-04 23:59:00,86.0,0.0,0.0,,12.2,0.4116
2025-07-05 23:59:00,89.0,0.0,0.0,,8.1,0.4669
2025-07-06 23:59:00,86.0,0.0,0.0,,6.6,0.4082
2025-07-07 23:59:00,87.0,0.0,0.0,,6.7,0.4275
2025-07-08 23:59:00,90.0,0.0,0.0,,7.3,0.4856
2025-07-12 23:59:00,92.0,0.0,0.0,,6.1,0.5234
2025-07-13 23:59:00,93.0,0.0,0.0,,6.0,0.5426
2025-07-14 23:59:00,93.0,0.0,0.0,,7.4,0.5434
2025-07-15 23:59:00,94.0,0.0,0.0,,8.2,0.5632
2025-07-16 23:59:00,91.0,0.0,0.0,,10.9,0.507
2025-07-17 23:59:00,88.0,0.0,0.0,,10.4,0.449
2025-07-18 23:59:00,87.0,0.0,0.0,,8.0,0.4283
2025-07-19 23:59:00,87.0,0.0,0.0,,8.1,0.4284
2025-07-20 23:59:00,89.0,0.0,0.0,,8.5,0.4671
2025-07-21 23:59:00,84.0,0.15,0.15,,8.4,0.3888
2025-07-23 23:59:00,85.0,0.0,0.15,,0.0,0.403
2025-07-24 23:59:00,83.0,0.0,0.15,,5.8,0.368
2025-07-25 23:59:00,83.0,0.0,0.15,,6.7,0.3685
2025-07-26 23:59:00,84.0,0.0,0.15,,9.0,0.3892
2025-07-27 23:59:00,84.0,0.0,0.15,,6.9,0.3879
2025-07-28 23:59:00,86.0,0.0,0.15,,5.8,0.4257
2025-07-29 23:59:00,87.0,0.0,0.0,,5.6,0.4269
2025-07-30 23:59:00,88.0,0.0,0.0,,9.7,0.4486
2025-07-31 23:59:00,87.0,0.0,0.0,,8.4,0.4285
2025-08-01 23:59:00,88.0,0.0,0.0,,9.0,0.4482
2025-08-02 23:59:00,89.0,0.0,0.0,,7.4,0.4664
2025-08-03 23:59:00,86.0,0.0,0.0,,6.0,0.4079
2025-08-04 23:59:00,89.0,0.0,0.0,,9.4,0.4676
2025-08-05 23:59:00,90.0,0.0,0.0,,7.3,0.4856
2025-08-06 23:59:00,92.0,0.0,0.0,,8.9,0.5251
2025-08-07 23:59:00,93.0,0.0,0.0,,10.0,0.545
2025-08-08 23:59:00,92.0,0.0,0.0,,8.2,0.5247
2025-08-09 23:59:00,90.0,0.0,0.0,,7.5,0.4858
2025-08-10 23:59:00,90.0,0.0,0.0,,8.8,0.4865
2025-08-11 23:59:00,91.0,0.0,0.0,,9.0,0.5059
2025-08-12 23:59:00,91.0,0.0,0.0,,6.3,0.5043
2025-08-13 23:59:00,92.0,0.0,0.0,,7.0,0.524
2025-08-14 23:59:00,93.0,0.0,0.0,,11.2,0.5457
2025-08-15 23:59:00,87.0,0.22,0.22,,9.8,0.4558
2025-08-16 23:59:00,84.0,0.0,0.22,,7.3,0.3965
2025-08-17 23:59:00,85.0,0.0,0.22,,6.3,0.4152
2025-08-18 23:59:00,85.0,0.0,0.22,,4.7,0.4142
2025-08-19 23:59:00,88.0,0.0,0.22,,5.4,0.4724
2025-08-20 23:59:00,91.0,0.0,0.22,,4.2,0.5294
2025-08-21 23:59:00,94.0,0.0,0.22,,5.9,0.5882
2025-08-22 23:59:00,94.0,0.0,0.0,,7.1,0.5625
2025-08-23 23:59:00,92.0,0.0,0.0,,6.6,0.5237
2025-08-24 23:59:00,,0.0,0.0,,0.0,
